ISO-10303-21;
HEADER;
FILE_DESCRIPTION (( 'STEP AP214' ),
    '1' );
FILE_NAME ('3003.STEP',
    '2017-01-18T17:15:57',
    ( '' ),
    ( '' ),
    'SwSTEP 2.0',
    'SolidWorks 2013',
    '' );
FILE_SCHEMA (( 'AUTOMOTIVE_DESIGN' ));
ENDSEC;

DATA;
#1 = CARTESIAN_POINT ( 'NONE',  ( 0.4013578643762694100, -0.2519238815542512700, -0.3959999999999999600 ) ) ;
#2 = ORIENTED_EDGE ( 'NONE', *, *, #2497, .T. ) ;
#3 = CYLINDRICAL_SURFACE ( 'NONE', #1629, 0.06250000000000001400 ) ;
#4 = FACE_OUTER_BOUND ( 'NONE', #269, .T. ) ;
#5 = CARTESIAN_POINT ( 'NONE',  ( -0.0005000000000000004400, 0.0000000000000000000, -0.03999999999999999400 ) ) ;
#6 = EDGE_CURVE ( 'NONE', #16, #3207, #3847, .T. ) ;
#7 = AXIS2_PLACEMENT_3D ( 'NONE', #2793, #1008, #3098 ) ;
#8 = CARTESIAN_POINT ( 'NONE',  ( -0.008000000000000003600, 0.01000000000000000000, -0.1499999999999999400 ) ) ;
#9 = ORIENTED_EDGE ( 'NONE', *, *, #2750, .F. ) ;
#10 = VERTEX_POINT ( 'NONE', #641 ) ;
#11 = DIRECTION ( 'NONE',  ( 0.0000000000000000000, 0.0000000000000000000, 1.000000000000000000 ) ) ;
#12 = ORIENTED_EDGE ( 'NONE', *, *, #2443, .F. ) ;
#13 = ORIENTED_EDGE ( 'NONE', *, *, #2969, .F. ) ;
#14 = ORIENTED_EDGE ( 'NONE', *, *, #2750, .T. ) ;
#15 = ORIENTED_EDGE ( 'NONE', *, *, #88, .F. ) ;
#16 = VERTEX_POINT ( 'NONE', #2499 ) ;
#17 = EDGE_LOOP ( 'NONE', ( #1372, #2469, #2943, #1647, #1200, #2419, #927, #2032 ) ) ;
#18 = DIRECTION ( 'NONE',  ( 0.0000000000000000000, 1.000000000000000000, -0.0000000000000000000 ) ) ;
#19 = CARTESIAN_POINT ( 'NONE',  ( 0.03300000000000018200, 0.01000000000000000000, -0.1029999999999999900 ) ) ;
#20 = CARTESIAN_POINT ( 'NONE',  ( 0.4232781745930524500, -0.2300035713374681800, -0.3959999999999999600 ) ) ;
#21 = CARTESIAN_POINT ( 'NONE',  ( 0.1554999999999995600, -0.1013284962632952600, -0.3712869055315191600 ) ) ;
#22 = ORIENTED_EDGE ( 'NONE', *, *, #668, .F. ) ;
#23 = AXIS2_PLACEMENT_3D ( 'NONE', #3293, #1203, #3304 ) ;
#24 = VECTOR ( 'NONE', #838, 39.37007874015748100 ) ;
#25 = CARTESIAN_POINT ( 'NONE',  ( -0.008000000000000003600, 0.0000000000000000000, -0.1499999999999999400 ) ) ;
#26 = EDGE_CURVE ( 'NONE', #351, #971, #1698, .T. ) ;
#27 = CARTESIAN_POINT ( 'NONE',  ( 0.007999999999999989800, 0.01000000000000000000, -0.1280000000000001700 ) ) ;
#28 = ADVANCED_FACE ( 'NONE', ( #3103 ), #303, .T. ) ;
#29 = ORIENTED_EDGE ( 'NONE', *, *, #3893, .F. ) ;
#30 = LINE ( 'NONE', #923, #219 ) ;
#31 = ORIENTED_EDGE ( 'NONE', *, *, #2819, .F. ) ;
#32 = AXIS2_PLACEMENT_3D ( 'NONE', #646, #408, #3318 ) ;
#33 = ORIENTED_EDGE ( 'NONE', *, *, #1368, .T. ) ;
#34 = CARTESIAN_POINT ( 'NONE',  ( 0.4054999999999999700, -0.01000000000000003700, -0.2109999999999999400 ) ) ;
#35 = DIRECTION ( 'NONE',  ( -0.0000000000000000000, 1.000000000000000000, -0.0000000000000000000 ) ) ;
#36 =( NAMED_UNIT ( * ) SI_UNIT ( $, .STERADIAN. ) SOLID_ANGLE_UNIT ( ) );
#37 = EDGE_CURVE ( 'NONE', #1135, #443, #1979, .T. ) ;
#38 = CARTESIAN_POINT ( 'NONE',  ( 0.008000000000000000200, 0.0000000000000000000, -0.06199999999999981200 ) ) ;
#39 = ORIENTED_EDGE ( 'NONE', *, *, #2199, .F. ) ;
#40 = CARTESIAN_POINT ( 'NONE',  ( 0.0004999999999999471000, 0.01000000000000000000, -0.03249999999999999400 ) ) ;
#41 = CYLINDRICAL_SURFACE ( 'NONE', #2962, 0.009999999999999892700 ) ;
#42 = ADVANCED_FACE ( 'NONE', ( #3348 ), #1331, .F. ) ;
#43 = LINE ( 'NONE', #2104, #236 ) ;
#44 = AXIS2_PLACEMENT_3D ( 'NONE', #622, #3608, #928 ) ;
#46 = CARTESIAN_POINT ( 'NONE',  ( -0.4205000000000005400, -0.1649999999999998400, -0.3649999999999999400 ) ) ;
#45 = DIRECTION ( 'NONE',  ( 3.274475334871550500E-015, 1.000000000000000000, -3.594536833768763300E-015 ) ) ;
#47 = DIRECTION ( 'NONE',  ( -2.845674993400274900E-016, 1.000000000000000000, -3.491481338843133700E-015 ) ) ;
#48 = FACE_OUTER_BOUND ( 'NONE', #2556, .T. ) ;
#49 = DIRECTION ( 'NONE',  ( -0.0000000000000000000, -1.000000000000000000, -0.0000000000000000000 ) ) ;
#50 = LINE ( 'NONE', #249, #2874 ) ;
#51 = LINE ( 'NONE', #3294, #3062 ) ;
#52 = EDGE_CURVE ( 'NONE', #3886, #2866, #1009, .T. ) ;
#53 = ORIENTED_EDGE ( 'NONE', *, *, #3803, .F. ) ;
#54 = DIRECTION ( 'NONE',  ( 0.0000000000000000000, 0.0000000000000000000, 1.000000000000000000 ) ) ;
#55 = DIRECTION ( 'NONE',  ( 1.589164445232766100E-016, -3.594536833768764100E-015, -1.000000000000000000 ) ) ;
#56 = EDGE_CURVE ( 'NONE', #2676, #1847, #1420, .T. ) ;
#57 = EDGE_LOOP ( 'NONE', ( #831, #2412, #1091, #2484 ) ) ;
#58 = PLANE ( 'NONE',  #3306 ) ;
#59 = ORIENTED_EDGE ( 'NONE', *, *, #3305, .T. ) ;
#60 = CARTESIAN_POINT ( 'NONE',  ( -0.4054999999999999700, -0.009999999999999962000, -0.2109999999999998800 ) ) ;
#61 = ORIENTED_EDGE ( 'NONE', *, *, #2325, .F. ) ;
#62 = CARTESIAN_POINT ( 'NONE',  ( 0.06250000000000000000, 0.0000000000000000000, -0.09450000000000004200 ) ) ;
#63 = VERTEX_POINT ( 'NONE', #482 ) ;
#64 = VERTEX_POINT ( 'NONE', #1244 ) ;
#65 = ADVANCED_FACE ( 'NONE', ( #203 ), #3136, .T. ) ;
#66 = EDGE_LOOP ( 'NONE', ( #2075, #3684, #1702, #2463, #1658 ) ) ;
#67 = ORIENTED_EDGE ( 'NONE', *, *, #884, .T. ) ;
#68 = AXIS2_PLACEMENT_3D ( 'NONE', #3034, #2118, #2717 ) ;
#69 = ORIENTED_EDGE ( 'NONE', *, *, #3338, .T. ) ;
#70 = DIRECTION ( 'NONE',  ( 0.7071067811865486800, 0.7071067811865463500, 0.0000000000000000000 ) ) ;
#71 = VECTOR ( 'NONE', #1492, 39.37007874015748100 ) ;
#72 = DIRECTION ( 'NONE',  ( -0.0000000000000000000, 1.000000000000000000, -0.0000000000000000000 ) ) ;
#73 = DIRECTION ( 'NONE',  ( 1.589164445232859300E-016, -9.355643813918720600E-016, -1.000000000000000000 ) ) ;
#74 = ORIENTED_EDGE ( 'NONE', *, *, #1297, .T. ) ;
#75 = LINE ( 'NONE', #2915, #2279 ) ;
#76 = VECTOR ( 'NONE', #1620, 39.37007874015748100 ) ;
#77 = CARTESIAN_POINT ( 'NONE',  ( -0.1489999999999999900, -0.009999999999999982900, 0.02000000000000003200 ) ) ;
#78 = EDGE_CURVE ( 'NONE', #3214, #971, #1465, .T. ) ;
#79 = CARTESIAN_POINT ( 'NONE',  ( -0.3955000000000000700, -0.009999999999999918700, -0.5819999999999999600 ) ) ;
#80 = LINE ( 'NONE', #2865, #1344 ) ;
#81 = LINE ( 'NONE', #3252, #3657 ) ;
#82 = EDGE_CURVE ( 'NONE', #2720, #3508, #2660, .T. ) ;
#83 = AXIS2_PLACEMENT_3D ( 'NONE', #2963, #2070, #284 ) ;
#84 = ADVANCED_FACE ( 'NONE', ( #302 ), #1633, .F. ) ;
#85 = CARTESIAN_POINT ( 'NONE',  ( -0.4169644660940677900, -0.1685355339059326200, -0.4269999999999999900 ) ) ;
#86 = DIRECTION ( 'NONE',  ( -0.0000000000000000000, -0.0000000000000000000, 1.000000000000000000 ) ) ;
#87 = CARTESIAN_POINT ( 'NONE',  ( -0.2179999999999995000, -0.1013284962632952600, -0.3187869055315189500 ) ) ;
#88 = EDGE_CURVE ( 'NONE', #154, #1725, #489, .T. ) ;
#89 = DIRECTION ( 'NONE',  ( 0.7071067811865463500, -0.7071067811865486800, 0.0000000000000000000 ) ) ;
#90 = LINE ( 'NONE', #1471, #816 ) ;
#91 = AXIS2_PLACEMENT_3D ( 'NONE', #155, #3163, #1358 ) ;
#92 = VECTOR ( 'NONE', #956, 39.37007874015748100 ) ;
#93 = LINE ( 'NONE', #364, #1132 ) ;
#94 = PRESENTATION_STYLE_ASSIGNMENT (( #3337 ) ) ;
#95 = AXIS2_PLACEMENT_3D ( 'NONE', #1696, #204, #193 ) ;
#96 = CARTESIAN_POINT ( 'NONE',  ( -0.05500000000000000000, 0.01000000000000000000, -0.09449999999999998700 ) ) ;
#97 = DIRECTION ( 'NONE',  ( -0.0000000000000000000, -0.0000000000000000000, 1.000000000000000000 ) ) ;
#98 = ORIENTED_EDGE ( 'NONE', *, *, #286, .T. ) ;
#99 = LINE ( 'NONE', #282, #1005 ) ;
#100 = DIRECTION ( 'NONE',  ( 0.0000000000000000000, -1.000000000000000000, 9.355643813918720600E-016 ) ) ;
#101 = ORIENTED_EDGE ( 'NONE', *, *, #2612, .T. ) ;
#102 = CARTESIAN_POINT ( 'NONE',  ( 0.4437842712474622800, -0.2094974746830582900, -0.4269999999999999900 ) ) ;
#103 = LINE ( 'NONE', #2630, #3905 ) ;
#104 = ORIENTED_EDGE ( 'NONE', *, *, #3032, .F. ) ;
#105 = EDGE_CURVE ( 'NONE', #2333, #156, #485, .T. ) ;
#106 = ORIENTED_EDGE ( 'NONE', *, *, #382, .T. ) ;
#107 = DIRECTION ( 'NONE',  ( -0.7071067811865486800, 0.7071067811865463500, 0.0000000000000000000 ) ) ;
#108 = ORIENTED_EDGE ( 'NONE', *, *, #2301, .T. ) ;
#109 = CARTESIAN_POINT ( 'NONE',  ( -0.3955000000000000700, -0.009999999999999998500, -0.2110000000000000200 ) ) ;
#110 = DIRECTION ( 'NONE',  ( -0.0000000000000000000, 0.0000000000000000000, -1.000000000000000000 ) ) ;
#111 = EDGE_CURVE ( 'NONE', #2514, #2922, #406, .T. ) ;
#112 = ORIENTED_EDGE ( 'NONE', *, *, #2149, .T. ) ;
#113 = DIRECTION ( 'NONE',  ( -1.000000000000000000, 0.0000000000000000000, -5.463695987328526400E-016 ) ) ;
#114 = ORIENTED_EDGE ( 'NONE', *, *, #2243, .T. ) ;
#115 = DIRECTION ( 'NONE',  ( 1.589164445232891900E-016, 0.0000000000000000000, 1.000000000000000000 ) ) ;
#116 = CARTESIAN_POINT ( 'NONE',  ( 0.4154999999999999800, -0.009999999999999929100, -0.5819999999999999600 ) ) ;
#117 = ORIENTED_EDGE ( 'NONE', *, *, #214, .T. ) ;
#118 = ORIENTED_EDGE ( 'NONE', *, *, #2548, .F. ) ;
#119 = LINE ( 'NONE', #1718, #3278 ) ;
#120 = VERTEX_POINT ( 'NONE', #3789 ) ;
#121 = AXIS2_PLACEMENT_3D ( 'NONE', #2611, #2014, #2316 ) ;
#122 = LINE ( 'NONE', #2101, #71 ) ;
#123 = CARTESIAN_POINT ( 'NONE',  ( -0.0005000000000000004400, 0.0000000000000000000, -0.03999999999999999400 ) ) ;
#124 = CARTESIAN_POINT ( 'NONE',  ( -0.1555000000000000300, 0.01000000000000000000, -0.6009999999999999800 ) ) ;
#125 = EDGE_LOOP ( 'NONE', ( #1338, #1613, #3680, #354 ) ) ;
#126 = CARTESIAN_POINT ( 'NONE',  ( -0.2805000000000000300, 0.0000000000000000000, -0.4390242689855161600 ) ) ;
#127 = LINE ( 'NONE', #2661, #1114 ) ;
#128 = DIRECTION ( 'NONE',  ( 1.259378568233553900E-044, -3.846046891304363200E-030, 1.000000000000000000 ) ) ;
#129 = ORIENTED_EDGE ( 'NONE', *, *, #2503, .T. ) ;
#130 = CARTESIAN_POINT ( 'NONE',  ( -0.2179999999999995000, -0.09132849626329527000, -0.2562869055315189500 ) ) ;
#131 = ADVANCED_BREP_SHAPE_REPRESENTATION ( '', ( #2223, #568 ), #149 ) ;
#132 = EDGE_CURVE ( 'NONE', #2167, #16, #848, .T. ) ;
#133 = ORIENTED_EDGE ( 'NONE', *, *, #509, .T. ) ;
#134 = EDGE_CURVE ( 'NONE', #3881, #1309, #580, .T. ) ;
#135 = AXIS2_PLACEMENT_3D ( 'NONE', #1707, #216, #1404 ) ;
#136 = CIRCLE ( 'NONE', #2155, 0.01000000000000003000 ) ;
#137 = CARTESIAN_POINT ( 'NONE',  ( 0.0005000000000000004400, 0.01000000000000000000, -0.03999999999999999400 ) ) ;
#138 = DIRECTION ( 'NONE',  ( -1.000000000000000000, 3.274475334871550500E-015, -1.589164445232891900E-016 ) ) ;
#139 = DIRECTION ( 'NONE',  ( 0.0000000000000000000, 0.0000000000000000000, 1.000000000000000000 ) ) ;
#140 = LINE ( 'NONE', #60, #1081 ) ;
#141 = VECTOR ( 'NONE', #2275, 39.37007874015748100 ) ;
#142 = LINE ( 'NONE', #180, #2489 ) ;
#143 = AXIS2_PLACEMENT_3D ( 'NONE', #2342, #564, #2639 ) ;
#144 = CARTESIAN_POINT ( 'NONE',  ( -0.4205000000000005400, -0.1649999999999998400, -0.3649999999999999400 ) ) ;
#145 = ORIENTED_EDGE ( 'NONE', *, *, #1194, .F. ) ;
#146 = LINE ( 'NONE', #2924, #390 ) ;
#147 = VECTOR ( 'NONE', #1084, 39.37007874015748100 ) ;
#148 = DIRECTION ( 'NONE',  ( -4.216446464779314800E-016, -0.0000000000000000000, -1.000000000000000000 ) ) ;
#149 =( GEOMETRIC_REPRESENTATION_CONTEXT ( 3 ) GLOBAL_UNCERTAINTY_ASSIGNED_CONTEXT ( ( #837 ) ) GLOBAL_UNIT_ASSIGNED_CONTEXT ( ( #2846, #1052, #3147 ) ) REPRESENTATION_CONTEXT ( 'NONE', 'WORKASPACE' ) );
#150 = FILL_AREA_STYLE ('',( #1947 ) ) ;
#151 = VECTOR ( 'NONE', #159, 39.37007874015748100 ) ;
#152 = DIRECTION ( 'NONE',  ( 1.092739197465705300E-015, 0.0000000000000000000, -1.000000000000000000 ) ) ;
#153 = EDGE_CURVE ( 'NONE', #1933, #63, #186, .T. ) ;
#154 = VERTEX_POINT ( 'NONE', #2951 ) ;
#155 = CARTESIAN_POINT ( 'NONE',  ( 0.3955000000000000700, 0.01000000000000000000, -0.2109999999999999400 ) ) ;
#156 = VERTEX_POINT ( 'NONE', #2591 ) ;
#157 = VERTEX_POINT ( 'NONE', #102 ) ;
#158 = ORIENTED_EDGE ( 'NONE', *, *, #2600, .F. ) ;
#159 = DIRECTION ( 'NONE',  ( -0.0000000000000000000, 1.000000000000000000, -0.0000000000000000000 ) ) ;
#160 = AXIS2_PLACEMENT_3D ( 'NONE', #2285, #1695, #3801 ) ;
#161 = EDGE_LOOP ( 'NONE', ( #2271, #1277, #2593, #1533 ) ) ;
#162 = ORIENTED_EDGE ( 'NONE', *, *, #3054, .F. ) ;
#163 = DIRECTION ( 'NONE',  ( 1.000000000000000000, 0.0000000000000000000, -0.0000000000000000000 ) ) ;
#164 = ORIENTED_EDGE ( 'NONE', *, *, #3000, .F. ) ;
#165 = EDGE_LOOP ( 'NONE', ( #330, #251, #3817, #301 ) ) ;
#166 = APPLICATION_CONTEXT ( 'automotive_design' ) ;
#167 = DIRECTION ( 'NONE',  ( 0.0000000000000000000, 0.0000000000000000000, 1.000000000000000000 ) ) ;
#168 = EDGE_CURVE ( 'NONE', #2289, #154, #1789, .T. ) ;
#169 = FACE_OUTER_BOUND ( 'NONE', #2317, .T. ) ;
#170 = CARTESIAN_POINT ( 'NONE',  ( -0.2804999999999995300, -0.09132849626329527000, -0.3712869055315190000 ) ) ;
#171 = ORIENTED_EDGE ( 'NONE', *, *, #3187, .F. ) ;
#172 = CYLINDRICAL_SURFACE ( 'NONE', #554, 0.03100000000000004800 ) ;
#173 = LINE ( 'NONE', #2464, #1207 ) ;
#174 = PLANE ( 'NONE',  #3033 ) ;
#175 = AXIS2_PLACEMENT_3D ( 'NONE', #1882, #86, #2184 ) ;
#176 = VERTEX_POINT ( 'NONE', #2448 ) ;
#177 = CARTESIAN_POINT ( 'NONE',  ( -0.4232781745930525000, -0.2300035713374681300, -0.4269999999999999900 ) ) ;
#178 = LINE ( 'NONE', #539, #3380 ) ;
#179 = FACE_OUTER_BOUND ( 'NONE', #1023, .T. ) ;
#180 = CARTESIAN_POINT ( 'NONE',  ( 0.2804999999999995300, -0.09132849626329527000, -0.3712869055315189400 ) ) ;
#181 = ADVANCED_FACE ( 'NONE', ( #1238 ), #1013, .T. ) ;
#182 = VERTEX_POINT ( 'NONE', #2635 ) ;
#183 = DIRECTION ( 'NONE',  ( 0.0000000000000000000, 1.000000000000000000, 0.0000000000000000000 ) ) ;
#184 = EDGE_CURVE ( 'NONE', #498, #548, #1001, .T. ) ;
#185 = DIRECTION ( 'NONE',  ( 0.0000000000000000000, 0.0000000000000000000, -1.000000000000000000 ) ) ;
#186 = LINE ( 'NONE', #1074, #2357 ) ;
#187 = CYLINDRICAL_SURFACE ( 'NONE', #591, 0.01000000000000003000 ) ;
#188 = EDGE_CURVE ( 'NONE', #1104, #1987, #1082, .T. ) ;
#189 = CARTESIAN_POINT ( 'NONE',  ( -0.4155000000000005400, -0.1459999999999999100, -0.2109999999999998000 ) ) ;
#190 = CIRCLE ( 'NONE', #2561, 0.005000000000000083400 ) ;
#191 = ORIENTED_EDGE ( 'NONE', *, *, #1798, .F. ) ;
#192 = LINE ( 'NONE', #1348, #1415 ) ;
#193 = DIRECTION ( 'NONE',  ( -1.000000000000000000, 0.0000000000000000000, 0.0000000000000000000 ) ) ;
#194 = CIRCLE ( 'NONE', #1805, 0.01000000000000003000 ) ;
#195 = DIRECTION ( 'NONE',  ( -0.0000000000000000000, -0.0000000000000000000, -1.000000000000000000 ) ) ;
#196 = ORIENTED_EDGE ( 'NONE', *, *, #78, .F. ) ;
#197 = COLOUR_RGB ( '',0.9882352941176471000, 1.000000000000000000, 0.9882352941176471000 ) ;
#198 = ADVANCED_FACE ( 'NONE', ( #1182 ), #3712, .T. ) ;
#199 = AXIS2_PLACEMENT_3D ( 'NONE', #1900, #415, #2509 ) ;
#200 = VECTOR ( 'NONE', #3858, 39.37007874015748100 ) ;
#201 = CARTESIAN_POINT ( 'NONE',  ( -0.2742616904687152900, 0.01000000000000000000, -0.6407616904687152300 ) ) ;
#202 = ORIENTED_EDGE ( 'NONE', *, *, #37, .F. ) ;
#203 = FACE_OUTER_BOUND ( 'NONE', #719, .T. ) ;
#204 = DIRECTION ( 'NONE',  ( -0.0000000000000000000, -0.0000000000000000000, -1.000000000000000000 ) ) ;
#205 = ORIENTED_EDGE ( 'NONE', *, *, #1542, .T. ) ;
#206 = VECTOR ( 'NONE', #1632, 39.37007874015748100 ) ;
#207 = EDGE_LOOP ( 'NONE', ( #1716, #3312, #101, #982 ) ) ;
#208 = DIRECTION ( 'NONE',  ( 6.504399984914888800E-016, -0.0000000000000000000, 1.000000000000000000 ) ) ;
#209 = ORIENTED_EDGE ( 'NONE', *, *, #2401, .F. ) ;
#210 = EDGE_CURVE ( 'NONE', #1017, #537, #1279, .T. ) ;
#211 = CARTESIAN_POINT ( 'NONE',  ( -0.4367132034355968300, -0.2024264068711927300, -0.3649999999999999400 ) ) ;
#212 = EDGE_LOOP ( 'NONE', ( #2436, #59, #1347, #2187, #3776, #1758, #2041, #2734, #3547, #713, #2459, #1193 ) ) ;
#213 = VERTEX_POINT ( 'NONE', #1604 ) ;
#214 = EDGE_CURVE ( 'NONE', #631, #1271, #233, .T. ) ;
#215 = AXIS2_PLACEMENT_3D ( 'NONE', #3087, #3690, #1883 ) ;
#216 = DIRECTION ( 'NONE',  ( 1.000000000000000000, -0.0000000000000000000, -5.463695987328529400E-016 ) ) ;
#217 = ORIENTED_EDGE ( 'NONE', *, *, #3745, .T. ) ;
#218 = ORIENTED_EDGE ( 'NONE', *, *, #37, .T. ) ;
#219 = VECTOR ( 'NONE', #619, 39.37007874015748100 ) ;
#220 = DIRECTION ( 'NONE',  ( 0.7071067811865486800, 0.7071067811865463500, 0.0000000000000000000 ) ) ;
#221 = VERTEX_POINT ( 'NONE', #3426 ) ;
#222 = CARTESIAN_POINT ( 'NONE',  ( -0.4169644660940677900, -0.1685355339059326200, -0.4269999999999999900 ) ) ;
#223 = ADVANCED_FACE ( 'NONE', ( #359 ), #1918, .F. ) ;
#224 = LINE ( 'NONE', #1667, #2985 ) ;
#225 = LINE ( 'NONE', #858, #276 ) ;
#226 = AXIS2_PLACEMENT_3D ( 'NONE', #2515, #1311, #3423 ) ;
#227 = LINE ( 'NONE', #1729, #2139 ) ;
#228 = DIRECTION ( 'NONE',  ( 0.0000000000000000000, 2.134256245050228400E-016, -1.000000000000000000 ) ) ;
#229 = VERTEX_POINT ( 'NONE', #3119 ) ;
#230 = DIRECTION ( 'NONE',  ( -1.259378568233553900E-044, -3.846046891304363200E-030, 1.000000000000000000 ) ) ;
#231 = AXIS2_PLACEMENT_3D ( 'NONE', #1819, #18, #2116 ) ;
#232 = CARTESIAN_POINT ( 'NONE',  ( -0.06250000000000000000, 0.01000000000000000000, -0.09549999999999994600 ) ) ;
#233 = CIRCLE ( 'NONE', #450, 0.007499999999999997100 ) ;
#234 = EDGE_CURVE ( 'NONE', #1432, #1034, #1612, .T. ) ;
#235 = CARTESIAN_POINT ( 'NONE',  ( -0.06250000000000000000, 0.0000000000000000000, -0.09549999999999994600 ) ) ;
#236 = VECTOR ( 'NONE', #316, 39.37007874015748100 ) ;
#237 = ADVANCED_FACE ( 'NONE', ( #1364 ), #2352, .T. ) ;
#238 = DIRECTION ( 'NONE',  ( -0.0000000000000000000, 1.000000000000000000, -0.0000000000000000000 ) ) ;
#239 = VECTOR ( 'NONE', #3457, 39.37007874015748100 ) ;
#240 = FACE_OUTER_BOUND ( 'NONE', #1323, .T. ) ;
#241 = EDGE_CURVE ( 'NONE', #787, #229, #758, .T. ) ;
#242 = ORIENTED_EDGE ( 'NONE', *, *, #1617, .F. ) ;
#243 = CARTESIAN_POINT ( 'NONE',  ( 0.3955000000000000700, 0.0000000000000000000, -0.2109999999999999400 ) ) ;
#244 = ORIENTED_EDGE ( 'NONE', *, *, #458, .F. ) ;
#245 = CIRCLE ( 'NONE', #2332, 0.02500000000000000500 ) ;
#246 = CARTESIAN_POINT ( 'NONE',  ( -0.4055000000000004200, -0.1459999999999999400, -0.2109999999999998000 ) ) ;
#247 = ORIENTED_EDGE ( 'NONE', *, *, #293, .T. ) ;
#248 = CARTESIAN_POINT ( 'NONE',  ( -0.2742616904687152900, 0.01000000000000000000, -0.6407616904687152300 ) ) ;
#249 = CARTESIAN_POINT ( 'NONE',  ( -0.3954999999999999100, 0.01000000000000000000, -0.2109999999999998500 ) ) ;
#250 = DIRECTION ( 'NONE',  ( 1.213184216936838900E-031, 1.000000000000000000, -1.110223024625154100E-016 ) ) ;
#251 = ORIENTED_EDGE ( 'NONE', *, *, #2219, .F. ) ;
#252 = ORIENTED_EDGE ( 'NONE', *, *, #1464, .T. ) ;
#253 = ORIENTED_EDGE ( 'NONE', *, *, #2219, .T. ) ;
#254 = CARTESIAN_POINT ( 'NONE',  ( 0.03300000000000018200, 0.0000000000000000000, -0.08699999999999999400 ) ) ;
#255 = ORIENTED_EDGE ( 'NONE', *, *, #3410, .T. ) ;
#256 = CARTESIAN_POINT ( 'NONE',  ( -0.1489999999999999700, -0.1199999999999999700, 0.02000000000000041300 ) ) ;
#257 = EDGE_LOOP ( 'NONE', ( #1852, #1154, #638, #3300 ) ) ;
#258 = ORIENTED_EDGE ( 'NONE', *, *, #1249, .F. ) ;
#259 = DIRECTION ( 'NONE',  ( -1.000000000000000000, -3.491481338843133000E-015, 1.589164445232891900E-016 ) ) ;
#260 = ADVANCED_FACE ( 'NONE', ( #3685 ), #2238, .F. ) ;
#261 = DIRECTION ( 'NONE',  ( 0.0000000000000000000, 0.0000000000000000000, 1.000000000000000000 ) ) ;
#262 = EDGE_CURVE ( 'NONE', #1941, #1748, #1736, .T. ) ;
#263 = ORIENTED_EDGE ( 'NONE', *, *, #1975, .T. ) ;
#264 = ORIENTED_EDGE ( 'NONE', *, *, #2722, .F. ) ;
#265 = DIRECTION ( 'NONE',  ( 0.0000000000000000000, 1.000000000000000000, -0.0000000000000000000 ) ) ;
#266 = CARTESIAN_POINT ( 'NONE',  ( 0.2179999999999995000, -0.1013284962632952600, -0.2562869055315189500 ) ) ;
#267 = CARTESIAN_POINT ( 'NONE',  ( -0.4437842712474622800, -0.2094974746830582100, -0.4269999999999999900 ) ) ;
#268 = DIRECTION ( 'NONE',  ( 0.0000000000000000000, 0.0000000000000000000, 1.000000000000000000 ) ) ;
#269 = EDGE_LOOP ( 'NONE', ( #31, #3587, #3592, #3107 ) ) ;
#270 = EDGE_CURVE ( 'NONE', #3205, #693, #1654, .T. ) ;
#271 = FACE_BOUND ( 'NONE', #525, .T. ) ;
#272 = CARTESIAN_POINT ( 'NONE',  ( -0.4169644660940677900, -0.1685355339059326200, -0.3649999999999999400 ) ) ;
#273 = VERTEX_POINT ( 'NONE', #469 ) ;
#274 = VECTOR ( 'NONE', #2348, 39.37007874015748100 ) ;
#275 = DIRECTION ( 'NONE',  ( 0.0000000000000000000, 0.0000000000000000000, -1.000000000000000000 ) ) ;
#276 = VECTOR ( 'NONE', #2637, 39.37007874015748100 ) ;
#277 = CARTESIAN_POINT ( 'NONE',  ( 0.1554999999999995600, -0.1013284962632952600, -0.3712869055315191600 ) ) ;
#278 = ORIENTED_EDGE ( 'NONE', *, *, #569, .T. ) ;
#279 = CARTESIAN_POINT ( 'NONE',  ( 0.2804999999999995300, -0.1013284962632952600, -0.3712869055315190000 ) ) ;
#280 = FACE_OUTER_BOUND ( 'NONE', #2272, .T. ) ;
#281 = AXIS2_PLACEMENT_3D ( 'NONE', #2107, #325, #2413 ) ;
#282 = CARTESIAN_POINT ( 'NONE',  ( 0.4367132034355968300, -0.2024264068711928200, -0.3649999999999999400 ) ) ;
#283 = DIRECTION ( 'NONE',  ( -0.0000000000000000000, 1.000000000000000000, -0.0000000000000000000 ) ) ;
#284 = DIRECTION ( 'NONE',  ( -0.7071067811865463500, -0.7071067811865486800, 0.0000000000000000000 ) ) ;
#285 = ADVANCED_FACE ( 'NONE', ( #1783 ), #2552, .F. ) ;
#286 = EDGE_CURVE ( 'NONE', #1847, #1607, #2507, .T. ) ;
#287 = CIRCLE ( 'NONE', #3673, 0.02500000000000000500 ) ;
#288 = LINE ( 'NONE', #761, #1928 ) ;
#289 = ORIENTED_EDGE ( 'NONE', *, *, #1697, .F. ) ;
#290 = VECTOR ( 'NONE', #2114, 39.37007874015748100 ) ;
#291 = CARTESIAN_POINT ( 'NONE',  ( 0.1489999999999999900, -0.009999999999999974200, -1.483308090309893300E-017 ) ) ;
#292 = DIRECTION ( 'NONE',  ( 0.0000000000000000000, 0.0000000000000000000, -1.000000000000000000 ) ) ;
#293 = EDGE_CURVE ( 'NONE', #2354, #1380, #1701, .T. ) ;
#294 = DIRECTION ( 'NONE',  ( -0.0000000000000000000, 2.134256245050228400E-016, -1.000000000000000000 ) ) ;
#295 = CARTESIAN_POINT ( 'NONE',  ( 0.2804999999999995300, -0.1013284962632952600, -0.3712869055315190000 ) ) ;
#296 = LINE ( 'NONE', #1976, #3529 ) ;
#297 = DIRECTION ( 'NONE',  ( -0.0000000000000000000, -0.0000000000000000000, 1.000000000000000000 ) ) ;
#298 = FACE_OUTER_BOUND ( 'NONE', #3408, .T. ) ;
#299 = EDGE_CURVE ( 'NONE', #2998, #926, #2494, .T. ) ;
#300 = ADVANCED_FACE ( 'NONE', ( #1884 ), #1655, .T. ) ;
#301 = ORIENTED_EDGE ( 'NONE', *, *, #270, .T. ) ;
#302 = FACE_OUTER_BOUND ( 'NONE', #3618, .T. ) ;
#303 = PLANE ( 'NONE',  #1715 ) ;
#304 = DIRECTION ( 'NONE',  ( 1.000000000000000000, 3.274475334871550500E-015, -1.589164445232889900E-016 ) ) ;
#305 = ORIENTED_EDGE ( 'NONE', *, *, #1646, .F. ) ;
#306 = ORIENTED_EDGE ( 'NONE', *, *, #3338, .F. ) ;
#307 = DIRECTION ( 'NONE',  ( -0.7071067811865469100, 0.7071067811865480200, 0.0000000000000000000 ) ) ;
#308 = ORIENTED_EDGE ( 'NONE', *, *, #2443, .T. ) ;
#309 = AXIS2_PLACEMENT_3D ( 'NONE', #1732, #3842, #2043 ) ;
#310 = DIRECTION ( 'NONE',  ( -1.000000000000000000, -6.445740337399952300E-017, 2.201087457280782100E-016 ) ) ;
#311 = ORIENTED_EDGE ( 'NONE', *, *, #153, .F. ) ;
#312 = ORIENTED_EDGE ( 'NONE', *, *, #3510, .T. ) ;
#313 = ORIENTED_EDGE ( 'NONE', *, *, #184, .T. ) ;
#314 = ORIENTED_EDGE ( 'NONE', *, *, #2849, .F. ) ;
#315 = CYLINDRICAL_SURFACE ( 'NONE', #754, 0.02500000000000000500 ) ;
#316 = DIRECTION ( 'NONE',  ( -0.0000000000000000000, -0.0000000000000000000, 1.000000000000000000 ) ) ;
#317 = EDGE_CURVE ( 'NONE', #2921, #3169, #1890, .T. ) ;
#318 = ORIENTED_EDGE ( 'NONE', *, *, #3464, .T. ) ;
#319 = PLANE ( 'NONE',  #438 ) ;
#320 = DIRECTION ( 'NONE',  ( -0.0000000000000000000, -1.000000000000000000, -0.0000000000000000000 ) ) ;
#321 = LINE ( 'NONE', #3019, #418 ) ;
#322 = LINE ( 'NONE', #1845, #1679 ) ;
#323 = CARTESIAN_POINT ( 'NONE',  ( 0.4169644660940678400, -0.1685355339059327300, -0.3649999999999999400 ) ) ;
#324 = DIRECTION ( 'NONE',  ( 0.0000000000000000000, -0.0000000000000000000, 1.000000000000000000 ) ) ;
#325 = DIRECTION ( 'NONE',  ( -0.7071067811865486800, -0.7071067811865463500, -0.0000000000000000000 ) ) ;
#326 = EDGE_CURVE ( 'NONE', #3492, #2876, #1984, .T. ) ;
#327 = CIRCLE ( 'NONE', #2108, 0.1205000000000000500 ) ;
#328 = CARTESIAN_POINT ( 'NONE',  ( 0.4055000000000004200, -0.1459999999999999900, -0.5819999999999999600 ) ) ;
#329 = DIRECTION ( 'NONE',  ( 1.000000000000000000, -3.274475334871550500E-015, -0.0000000000000000000 ) ) ;
#330 = ORIENTED_EDGE ( 'NONE', *, *, #2861, .F. ) ;
#331 = CARTESIAN_POINT ( 'NONE',  ( -0.03300000000000018200, 0.0000000000000000000, -0.08699999999999999400 ) ) ;
#332 = ADVANCED_FACE ( 'NONE', ( #827 ), #2878, .T. ) ;
#333 = CARTESIAN_POINT ( 'NONE',  ( -0.05500000000000000000, 0.0000000000000000000, -0.09449999999999998700 ) ) ;
#334 = CARTESIAN_POINT ( 'NONE',  ( -0.05500000000000000000, 0.0000000000000000000, -0.09449999999999998700 ) ) ;
#335 = DIRECTION ( 'NONE',  ( 0.0000000000000000000, -2.134256245050228400E-016, 1.000000000000000000 ) ) ;
#336 = CARTESIAN_POINT ( 'NONE',  ( 0.4155000000000004800, -0.1459999999999999600, -0.2109999999999998000 ) ) ;
#337 = LINE ( 'NONE', #2975, #810 ) ;
#338 = EDGE_CURVE ( 'NONE', #3029, #1873, #2217, .T. ) ;
#339 = CIRCLE ( 'NONE', #1929, 0.1212383095312846900 ) ;
#340 = CARTESIAN_POINT ( 'NONE',  ( 0.4055000000000004200, -0.1459999999999992100, -0.4269999999999999400 ) ) ;
#341 = ORIENTED_EDGE ( 'NONE', *, *, #2908, .F. ) ;
#342 = DIRECTION ( 'NONE',  ( 1.213184216936838900E-031, 1.000000000000000000, -1.110223024625154100E-016 ) ) ;
#343 = FACE_OUTER_BOUND ( 'NONE', #930, .T. ) ;
#344 = DIRECTION ( 'NONE',  ( -0.0000000000000000000, -2.134256245050228400E-016, 1.000000000000000000 ) ) ;
#345 = VECTOR ( 'NONE', #3109, 39.37007874015748100 ) ;
#346 = DIRECTION ( 'NONE',  ( -1.000000000000000000, 0.0000000000000000000, -0.0000000000000000000 ) ) ;
#347 = EDGE_CURVE ( 'NONE', #2363, #2676, #2906, .T. ) ;
#348 = AXIS2_PLACEMENT_3D ( 'NONE', #555, #2942, #1143 ) ;
#349 = CARTESIAN_POINT ( 'NONE',  ( 0.05500000000000000000, 0.0000000000000000000, -0.09550000000000000200 ) ) ;
#350 = CARTESIAN_POINT ( 'NONE',  ( 0.4205000000000006500, -0.1649999999999998700, -0.3649999999999999400 ) ) ;
#351 = VERTEX_POINT ( 'NONE', #506 ) ;
#352 = CIRCLE ( 'NONE', #1681, 0.009999999999999962000 ) ;
#353 = VECTOR ( 'NONE', #1018, 39.37007874015748100 ) ;
#354 = ORIENTED_EDGE ( 'NONE', *, *, #3004, .T. ) ;
#355 = DIRECTION ( 'NONE',  ( 1.000000000000000000, 0.0000000000000000000, -0.0000000000000000000 ) ) ;
#356 = CARTESIAN_POINT ( 'NONE',  ( 0.4232781745930525000, -0.2300035713374681800, -0.4269999999999999900 ) ) ;
#357 = ADVANCED_FACE ( 'NONE', ( #2124 ), #3500, .T. ) ;
#358 = ORIENTED_EDGE ( 'NONE', *, *, #2066, .T. ) ;
#359 = FACE_OUTER_BOUND ( 'NONE', #1369, .T. ) ;
#360 = VERTEX_POINT ( 'NONE', #1398 ) ;
#361 = ORIENTED_EDGE ( 'NONE', *, *, #621, .T. ) ;
#362 = AXIS2_PLACEMENT_3D ( 'NONE', #1122, #1136, #3237 ) ;
#363 = ORIENTED_EDGE ( 'NONE', *, *, #3781, .F. ) ;
#364 = CARTESIAN_POINT ( 'NONE',  ( 0.1554999999999995800, -0.09132849626329527000, -0.3187869055315189500 ) ) ;
#365 = EDGE_LOOP ( 'NONE', ( #3868, #3496, #439, #3077 ) ) ;
#366 = DIRECTION ( 'NONE',  ( -1.000000000000000000, -0.0000000000000000000, 1.067128122525103200E-016 ) ) ;
#367 = DIRECTION ( 'NONE',  ( -1.092739197465705300E-015, 0.0000000000000000000, -1.000000000000000000 ) ) ;
#368 = CARTESIAN_POINT ( 'NONE',  ( 0.05500000000000000000, 0.01000000000000000000, -0.09449999999999998700 ) ) ;
#369 = CARTESIAN_POINT ( 'NONE',  ( 0.4367132034355968300, -0.2024264068711928200, -0.4269999999999999900 ) ) ;
#370 = ORIENTED_EDGE ( 'NONE', *, *, #1447, .T. ) ;
#371 = AXIS2_PLACEMENT_3D ( 'NONE', #109, #727, #2815 ) ;
#372 = CARTESIAN_POINT ( 'NONE',  ( -0.4155000000000004800, -0.1459999999999999600, -0.5819999999999999600 ) ) ;
#373 = EDGE_CURVE ( 'NONE', #1144, #2121, #2364, .T. ) ;
#374 = CARTESIAN_POINT ( 'NONE',  ( -0.3954999999999999600, 0.01000000000000000000, -0.5819999999999999600 ) ) ;
#375 = EDGE_LOOP ( 'NONE', ( #2083, #3867, #873, #2520 ) ) ;
#376 = LINE ( 'NONE', #669, #3883 ) ;
#377 = CIRCLE ( 'NONE', #2294, 0.007500000000000005800 ) ;
#378 = VECTOR ( 'NONE', #2146, 39.37007874015748100 ) ;
#379 = ADVANCED_FACE ( 'NONE', ( #2667 ), #2905, .F. ) ;
#380 = CARTESIAN_POINT ( 'NONE',  ( -0.1555000000000000300, 0.01000000000000006400, -0.6010000000000002000 ) ) ;
#381 = DIRECTION ( 'NONE',  ( 1.000000000000000000, -0.0000000000000000000, 5.463695987328529400E-016 ) ) ;
#382 = EDGE_CURVE ( 'NONE', #1097, #1991, #2964, .T. ) ;
#383 = DIRECTION ( 'NONE',  ( 1.000000000000000000, 0.0000000000000000000, -1.067128122525103200E-016 ) ) ;
#384 = AXIS2_PLACEMENT_3D ( 'NONE', #2164, #383, #2467 ) ;
#385 = ORIENTED_EDGE ( 'NONE', *, *, #2480, .F. ) ;
#386 = FACE_OUTER_BOUND ( 'NONE', #1985, .T. ) ;
#387 = AXIS2_PLACEMENT_3D ( 'NONE', #3084, #1278, #3389 ) ;
#388 = CARTESIAN_POINT ( 'NONE',  ( 0.4155000000000004800, -0.1459999999999999600, -0.3649999999999999900 ) ) ;
#389 = PLANE ( 'NONE',  #3711 ) ;
#390 = VECTOR ( 'NONE', #3228, 39.37007874015748100 ) ;
#391 = PLANE ( 'NONE',  #3495 ) ;
#392 = ORIENTED_EDGE ( 'NONE', *, *, #1646, .T. ) ;
#393 = DIRECTION ( 'NONE',  ( -0.0000000000000000000, -2.134256245050228400E-016, 1.000000000000000000 ) ) ;
#394 = ADVANCED_FACE ( 'NONE', ( #3053 ), #1405, .F. ) ;
#395 = ORIENTED_EDGE ( 'NONE', *, *, #2779, .F. ) ;
#396 = EDGE_CURVE ( 'NONE', #1725, #3681, #815, .T. ) ;
#397 = ORIENTED_EDGE ( 'NONE', *, *, #2545, .F. ) ;
#399 = CARTESIAN_POINT ( 'NONE',  ( 0.2179999999999995000, -0.09132849626329527000, -0.3187869055315189500 ) ) ;
#398 = DIRECTION ( 'NONE',  ( -0.7071067811865458000, -0.7071067811865493500, -0.0000000000000000000 ) ) ;
#400 = CARTESIAN_POINT ( 'NONE',  ( 0.008000000000000000200, 0.0000000000000000000, -0.1280000000000001700 ) ) ;
#401 = EDGE_CURVE ( 'NONE', #2922, #2731, #2780, .T. ) ;
#402 = ORIENTED_EDGE ( 'NONE', *, *, #1262, .T. ) ;
#403 = DIRECTION ( 'NONE',  ( 1.000000000000000000, 0.0000000000000000000, -0.0000000000000000000 ) ) ;
#404 = ORIENTED_EDGE ( 'NONE', *, *, #3244, .T. ) ;
#405 = DIRECTION ( 'NONE',  ( 0.0000000000000000000, -0.0000000000000000000, 1.000000000000000000 ) ) ;
#406 = LINE ( 'NONE', #177, #2919 ) ;
#407 = EDGE_LOOP ( 'NONE', ( #1972, #3815, #3328, #2843, #2511, #822, #880, #1424, #2601, #2007, #868, #2416, #2002, #2249, #824, #117, #3372, #1327, #829, #3026, #1889, #2879, #1509, #1170 ) ) ;
#408 = DIRECTION ( 'NONE',  ( 0.7071067811865487900, 0.7071067811865462400, -0.0000000000000000000 ) ) ;
#409 = AXIS2_PLACEMENT_3D ( 'NONE', #1623, #3729, #1921 ) ;
#410 = ORIENTED_EDGE ( 'NONE', *, *, #3365, .F. ) ;
#411 = EDGE_LOOP ( 'NONE', ( #2837, #358, #779, #3042 ) ) ;
#412 = DIRECTION ( 'NONE',  ( 0.0000000000000000000, 0.0000000000000000000, -1.000000000000000000 ) ) ;
#413 = CARTESIAN_POINT ( 'NONE',  ( 0.008000000000000000200, 0.01000000000000000000, -0.06199999999999981200 ) ) ;
#414 = LINE ( 'NONE', #2704, #3185 ) ;
#415 = DIRECTION ( 'NONE',  ( 1.000000000000000000, 0.0000000000000000000, -1.067128122525103100E-016 ) ) ;
#416 = EDGE_LOOP ( 'NONE', ( #1772, #496, #3412, #1466 ) ) ;
#417 = VECTOR ( 'NONE', #885, 39.37007874015748100 ) ;
#418 = VECTOR ( 'NONE', #1216, 39.37007874015748100 ) ;
#419 = VECTOR ( 'NONE', #3540, 39.37007874015748100 ) ;
#420 = CARTESIAN_POINT ( 'NONE',  ( 0.0005000000000000004400, 0.0000000000000000000, -0.03999999999999999400 ) ) ;
#421 = EDGE_CURVE ( 'NONE', #1991, #1282, #3154, .T. ) ;
#422 = CARTESIAN_POINT ( 'NONE',  ( -0.1554999999999995800, -0.09132849626329527000, -0.3187869055315189500 ) ) ;
#423 = ORIENTED_EDGE ( 'NONE', *, *, #2472, .F. ) ;
#424 = VECTOR ( 'NONE', #2730, 39.37007874015748100 ) ;
#425 = ORIENTED_EDGE ( 'NONE', *, *, #3550, .F. ) ;
#426 = EDGE_CURVE ( 'NONE', #3075, #781, #3255, .T. ) ;
#427 = AXIS2_PLACEMENT_3D ( 'NONE', #3433, #1631, #3739 ) ;
#428 = DIRECTION ( 'NONE',  ( 7.685055782257521900E-031, -1.000000000000000000, 3.491481338843133000E-015 ) ) ;
#429 = DIRECTION ( 'NONE',  ( -0.0000000000000000000, 2.134256245050228400E-016, -1.000000000000000000 ) ) ;
#430 = CARTESIAN_POINT ( 'NONE',  ( 0.4084289321881350300, -0.1741421356237308800, -0.4269999999999999900 ) ) ;
#431 = EDGE_LOOP ( 'NONE', ( #1196, #3821, #3447, #2268 ) ) ;
#432 = CARTESIAN_POINT ( 'NONE',  ( -0.1555000000000000300, 0.009135454576426060800, -0.5969326335692420900 ) ) ;
#433 = AXIS2_PLACEMENT_3D ( 'NONE', #2535, #748, #2839 ) ;
#434 = CYLINDRICAL_SURFACE ( 'NONE', #1221, 0.1205000000000000500 ) ;
#435 = ORIENTED_EDGE ( 'NONE', *, *, #3105, .F. ) ;
#436 = DIRECTION ( 'NONE',  ( 0.0000000000000000000, 0.0000000000000000000, -1.000000000000000000 ) ) ;
#437 = LINE ( 'NONE', #2740, #579 ) ;
#438 = AXIS2_PLACEMENT_3D ( 'NONE', #3611, #2407, #624 ) ;
#439 = ORIENTED_EDGE ( 'NONE', *, *, #2898, .T. ) ;
#440 = VECTOR ( 'NONE', #2065, 39.37007874015748100 ) ;
#441 = DIRECTION ( 'NONE',  ( -0.0000000000000000000, -1.000000000000000000, -0.0000000000000000000 ) ) ;
#442 = EDGE_CURVE ( 'NONE', #971, #3481, #3331, .T. ) ;
#443 = VERTEX_POINT ( 'NONE', #2930 ) ;
#444 = VECTOR ( 'NONE', #2705, 39.37007874015748100 ) ;
#445 = ORIENTED_EDGE ( 'NONE', *, *, #2095, .F. ) ;
#446 = CARTESIAN_POINT ( 'NONE',  ( 0.4155000000000004800, -0.1459999999999999600, -0.4269999999999999400 ) ) ;
#447 = CARTESIAN_POINT ( 'NONE',  ( 0.2179999999999999700, 0.01000000000000000000, -0.3359999999999999100 ) ) ;
#448 = CIRCLE ( 'NONE', #1880, 0.03099999999999999600 ) ;
#449 = ORIENTED_EDGE ( 'NONE', *, *, #3669, .T. ) ;
#450 = AXIS2_PLACEMENT_3D ( 'NONE', #123, #2222, #436 ) ;
#451 = DIRECTION ( 'NONE',  ( 0.0000000000000000000, 1.110223024625154100E-016, 1.000000000000000000 ) ) ;
#452 = ORIENTED_EDGE ( 'NONE', *, *, #2594, .F. ) ;
#453 = ORIENTED_EDGE ( 'NONE', *, *, #2545, .T. ) ;
#454 = ORIENTED_EDGE ( 'NONE', *, *, #3715, .F. ) ;
#455 = DIRECTION ( 'NONE',  ( 1.000000000000000000, -0.0000000000000000000, -1.092739197465705300E-015 ) ) ;
#456 = CARTESIAN_POINT ( 'NONE',  ( 0.008000000000000000200, 0.0000000000000000000, -0.1280000000000001700 ) ) ;
#457 = DIRECTION ( 'NONE',  ( -1.000000000000000000, -0.0000000000000000000, -1.092739197465705300E-015 ) ) ;
#458 = EDGE_CURVE ( 'NONE', #3402, #459, #2870, .T. ) ;
#459 = VERTEX_POINT ( 'NONE', #3841 ) ;
#460 = ORIENTED_EDGE ( 'NONE', *, *, #2949, .T. ) ;
#461 = DIRECTION ( 'NONE',  ( 0.0000000000000000000, 0.0000000000000000000, -1.000000000000000000 ) ) ;
#462 = DIRECTION ( 'NONE',  ( 1.000000000000000000, 0.0000000000000000000, -1.067128122525103200E-016 ) ) ;
#463 = VERTEX_POINT ( 'NONE', #2040 ) ;
#464 = EDGE_LOOP ( 'NONE', ( #2508, #1751, #2881, #263 ) ) ;
#465 = DIRECTION ( 'NONE',  ( 1.000000000000000000, 0.0000000000000000000, 0.0000000000000000000 ) ) ;
#466 = ORIENTED_EDGE ( 'NONE', *, *, #214, .F. ) ;
#467 = AXIS2_PLACEMENT_3D ( 'NONE', #3030, #3329, #1526 ) ;
#468 = LINE ( 'NONE', #3456, #1253 ) ;
#469 = CARTESIAN_POINT ( 'NONE',  ( 0.05499999999999994500, 0.01000000000000000000, -0.08699999999999999400 ) ) ;
#470 = SURFACE_STYLE_USAGE ( .BOTH. , #2252 ) ;
#471 = ORIENTED_EDGE ( 'NONE', *, *, #2807, .F. ) ;
#472 = DIRECTION ( 'NONE',  ( 0.7596915262653137800, -0.0000000000000000000, -0.6502836188315664900 ) ) ;
#473 = CYLINDRICAL_SURFACE ( 'NONE', #2150, 0.009999999999999892700 ) ;
#474 = FACE_OUTER_BOUND ( 'NONE', #1223, .T. ) ;
#475 = CARTESIAN_POINT ( 'NONE',  ( 0.4155000000000005400, -0.1649999999999999800, -0.4269999999999999900 ) ) ;
#476 = ORIENTED_EDGE ( 'NONE', *, *, #105, .F. ) ;
#477 = EDGE_CURVE ( 'NONE', #548, #351, #3479, .T. ) ;
#478 = CARTESIAN_POINT ( 'NONE',  ( 0.03300000000000018200, 0.0000000000000000000, -0.08699999999999999400 ) ) ;
#479 = DIRECTION ( 'NONE',  ( -1.089127703799344700E-030, 3.326113628649667400E-016, 1.000000000000000000 ) ) ;
#480 = EDGE_CURVE ( 'NONE', #2748, #221, #3571, .T. ) ;
#481 = EDGE_LOOP ( 'NONE', ( #736, #2039, #1069, #370 ) ) ;
#482 = CARTESIAN_POINT ( 'NONE',  ( 0.3954999999999999600, 0.0000000000000000000, -0.6407616904687152300 ) ) ;
#483 = CARTESIAN_POINT ( 'NONE',  ( 0.3955000000000000700, 0.0000000000000000000, -0.2109999999999999400 ) ) ;
#484 = DIRECTION ( 'NONE',  ( 1.000000000000000000, -0.0000000000000000000, -1.092739197465705300E-015 ) ) ;
#485 = LINE ( 'NONE', #3332, #3160 ) ;
#486 = LINE ( 'NONE', #3688, #1181 ) ;
#487 = DIRECTION ( 'NONE',  ( 6.504399984914914400E-016, -0.0000000000000000000, -1.000000000000000000 ) ) ;
#488 = FACE_OUTER_BOUND ( 'NONE', #2092, .T. ) ;
#489 = CIRCLE ( 'NONE', #3133, 0.06250000000000001400 ) ;
#490 = ADVANCED_FACE ( 'NONE', ( #1688 ), #557, .T. ) ;
#491 = AXIS2_PLACEMENT_3D ( 'NONE', #349, #35, #2439 ) ;
#492 = VERTEX_POINT ( 'NONE', #1145 ) ;
#493 = CIRCLE ( 'NONE', #3043, 0.009999999999999892700 ) ;
#494 = CARTESIAN_POINT ( 'NONE',  ( 0.3955000000000000700, 0.01000000000000000000, -0.2109999999999999400 ) ) ;
#495 = EDGE_CURVE ( 'NONE', #1096, #504, #103, .T. ) ;
#496 = ORIENTED_EDGE ( 'NONE', *, *, #1390, .F. ) ;
#497 = VERTEX_POINT ( 'NONE', #1159 ) ;
#498 = VERTEX_POINT ( 'NONE', #256 ) ;
#499 = ORIENTED_EDGE ( 'NONE', *, *, #1775, .F. ) ;
#500 = EDGE_LOOP ( 'NONE', ( #3362, #2406, #1235, #1665 ) ) ;
#501 = EDGE_CURVE ( 'NONE', #2218, #1524, #3834, .T. ) ;
#502 = AXIS2_PLACEMENT_3D ( 'NONE', #1178, #1476, #3580 ) ;
#503 = ORIENTED_EDGE ( 'NONE', *, *, #2393, .F. ) ;
#504 = VERTEX_POINT ( 'NONE', #3260 ) ;
#505 = DIRECTION ( 'NONE',  ( -0.0000000000000000000, 0.0000000000000000000, 1.000000000000000000 ) ) ;
#506 = CARTESIAN_POINT ( 'NONE',  ( -0.1489999999999999900, -0.009999999999999939500, 0.009999999999999998500 ) ) ;
#507 = ORIENTED_EDGE ( 'NONE', *, *, #1483, .F. ) ;
#508 = VERTEX_POINT ( 'NONE', #1761 ) ;
#509 = EDGE_CURVE ( 'NONE', #3806, #2433, #3894, .T. ) ;
#510 = ADVANCED_FACE ( 'NONE', ( #3890 ), #3465, .F. ) ;
#511 = ORIENTED_EDGE ( 'NONE', *, *, #3683, .T. ) ;
#512 = CIRCLE ( 'NONE', #1777, 0.01500000000000018200 ) ;
#513 = LINE ( 'NONE', #743, #2151 ) ;
#514 = ORIENTED_EDGE ( 'NONE', *, *, #2799, .F. ) ;
#515 = FACE_OUTER_BOUND ( 'NONE', #2724, .T. ) ;
#516 = LINE ( 'NONE', #254, #274 ) ;
#517 = LINE ( 'NONE', #1738, #419 ) ;
#518 = VECTOR ( 'NONE', #2131, 39.37007874015748100 ) ;
#519 = DIRECTION ( 'NONE',  ( 0.0000000000000000000, 1.000000000000000000, 0.0000000000000000000 ) ) ;
#520 = AXIS2_PLACEMENT_3D ( 'NONE', #2907, #2313, #533 ) ;
#521 = ORIENTED_EDGE ( 'NONE', *, *, #2088, .F. ) ;
#522 = CARTESIAN_POINT ( 'NONE',  ( 0.4155000000000005400, -0.1670710678118654000, -0.3649999999999999400 ) ) ;
#523 = LINE ( 'NONE', #3888, #3605 ) ;
#524 = PLANE ( 'NONE',  #520 ) ;
#525 = EDGE_LOOP ( 'NONE', ( #1899, #3195, #1609, #600 ) ) ;
#526 = DIRECTION ( 'NONE',  ( 0.0000000000000000000, 0.0000000000000000000, -1.000000000000000000 ) ) ;
#527 = EDGE_CURVE ( 'NONE', #1147, #3025, #3746, .T. ) ;
#528 = DIRECTION ( 'NONE',  ( -0.7071067811865469100, 0.7071067811865480200, 0.0000000000000000000 ) ) ;
#529 = ADVANCED_FACE ( 'NONE', ( #3599 ), #2622, .F. ) ;
#530 = EDGE_CURVE ( 'NONE', #1659, #702, #3274, .T. ) ;
#531 = DIRECTION ( 'NONE',  ( -0.0000000000000000000, 0.0000000000000000000, 1.000000000000000000 ) ) ;
#532 = VECTOR ( 'NONE', #2575, 39.37007874015748100 ) ;
#533 = DIRECTION ( 'NONE',  ( 1.000000000000000000, 0.0000000000000000000, -0.0000000000000000000 ) ) ;
#534 = FACE_OUTER_BOUND ( 'NONE', #1378, .T. ) ;
#535 = ORIENTED_EDGE ( 'NONE', *, *, #851, .F. ) ;
#536 = PLANE ( 'NONE',  #3845 ) ;
#537 = VERTEX_POINT ( 'NONE', #1443 ) ;
#538 = CIRCLE ( 'NONE', #3347, 0.009999999999999962000 ) ;
#539 = CARTESIAN_POINT ( 'NONE',  ( 0.3955000000000000700, 0.01000000000000000000, -0.2109999999999999400 ) ) ;
#540 = ORIENTED_EDGE ( 'NONE', *, *, #753, .F. ) ;
#541 = LENGTH_MEASURE_WITH_UNIT ( LENGTH_MEASURE( 0.02539999999999999900 ), #1532 );
#542 = CLOSED_SHELL ( 'NONE', ( #2399, #694, #1788, #2934, #3882, #1414, #970, #605, #1491, #3210, #1855, #3543, #1967, #900, #3802, #2746, #2624, #2784, #1771, #3191, #3633, #2362, #2610, #2763, #1747, #814, #2488, #2663, #198, #357, #3082, #3489, #28, #1161, #223, #1557, #3248, #3287, #2451, #3843, #2892, #1837, #544, #1876, #2064, #3524, #2577, #1197, #1711, #490, #1251, #3341, #332, #2323, #2468, #1452, #1377, #678, #3581, #2596, #3385, #3024, #260, #181, #300, #3363, #784, #2383, #1437, #1579, #583, #1990, #2432, #991, #3784, #632, #565, #3509, #3661, #1138, #1470, #3046, #1727, #2280, #2714, #835, #3672, #3862, #2914, #1675, #2084, #2302, #1286, #660, #1521, #2682, #529, #3066, #854, #3175, #42, #2971, #510, #951, #3561, #3819, #65, #2646, #3902, #379, #2049, #1101, #84, #285, #1690, #2134, #3230, #2170, #883, #1085, #1818, #1121, #1263, #2954, #2875, #2995, #2009, #2154, #2338, #3696, #1179, #1401, #1539, #237, #394, #3270, #800, #1224, #2027 ) ) ;
#543 = CARTESIAN_POINT ( 'NONE',  ( 0.2804999999999999700, 0.01000000000000003000, -0.6010000000000000900 ) ) ;
#544 = ADVANCED_FACE ( 'NONE', ( #3219 ), #552, .F. ) ;
#545 = EDGE_LOOP ( 'NONE', ( #3582, #828, #593, #3538 ) ) ;
#546 = EDGE_LOOP ( 'NONE', ( #217, #2623, #2017, #3533 ) ) ;
#547 = CARTESIAN_POINT ( 'NONE',  ( 0.4205000000000006500, -0.1649999999999998700, -0.4269999999999999900 ) ) ;
#548 = VERTEX_POINT ( 'NONE', #3848 ) ;
#549 = EDGE_CURVE ( 'NONE', #2866, #2790, #3179, .T. ) ;
#550 = ORIENTED_EDGE ( 'NONE', *, *, #299, .F. ) ;
#551 = CARTESIAN_POINT ( 'NONE',  ( -0.06250000000000000000, 0.01000000000000000000, -0.09549999999999994600 ) ) ;
#552 = PLANE ( 'NONE',  #2976 ) ;
#553 = EDGE_CURVE ( 'NONE', #3806, #1097, #3416, .T. ) ;
#554 = AXIS2_PLACEMENT_3D ( 'NONE', #3545, #3258, #1757 ) ;
#555 = CARTESIAN_POINT ( 'NONE',  ( 0.05500000000000000000, 0.0000000000000000000, -0.09449999999999998700 ) ) ;
#556 = ORIENTED_EDGE ( 'NONE', *, *, #2849, .T. ) ;
#557 = PLANE ( 'NONE',  #1769 ) ;
#558 = ORIENTED_EDGE ( 'NONE', *, *, #3521, .T. ) ;
#559 = CARTESIAN_POINT ( 'NONE',  ( -0.4055000000000004200, -0.1459999999999999900, -0.4269999999999999400 ) ) ;
#560 = LINE ( 'NONE', #2574, #2756 ) ;
#561 = CARTESIAN_POINT ( 'NONE',  ( -0.4437842712474622800, -0.1953553390593272500, -0.4269999999999999900 ) ) ;
#562 = ORIENTED_EDGE ( 'NONE', *, *, #3557, .F. ) ;
#563 = VECTOR ( 'NONE', #629, 39.37007874015748100 ) ;
#564 = DIRECTION ( 'NONE',  ( 0.0000000000000000000, 1.000000000000000000, -0.0000000000000000000 ) ) ;
#565 = ADVANCED_FACE ( 'NONE', ( #3320 ), #1755, .F. ) ;
#566 = LINE ( 'NONE', #124, #3140 ) ;
#567 = DIRECTION ( 'NONE',  ( -1.259378568233553900E-044, -3.846046891304363200E-030, 1.000000000000000000 ) ) ;
#568 = AXIS2_PLACEMENT_3D ( 'NONE', #3450, #1644, #3754 ) ;
#569 = EDGE_CURVE ( 'NONE', #3462, #3118, #2572, .T. ) ;
#570 = CARTESIAN_POINT ( 'NONE',  ( 0.2804999999999999700, 0.01000000000000003000, -0.6010000000000000900 ) ) ;
#571 = DIRECTION ( 'NONE',  ( 0.0000000000000000000, -1.000000000000000000, 3.491481338843133700E-015 ) ) ;
#572 = DIRECTION ( 'NONE',  ( 0.0000000000000000000, 0.0000000000000000000, -1.000000000000000000 ) ) ;
#573 = DIRECTION ( 'NONE',  ( 1.000000000000000000, 0.0000000000000000000, 0.0000000000000000000 ) ) ;
#574 = AXIS2_PLACEMENT_3D ( 'NONE', #3193, #1107, #3208 ) ;
#575 = CARTESIAN_POINT ( 'NONE',  ( 0.2179999999999999700, 0.01000000000000000000, -0.3359999999999999100 ) ) ;
#576 = DIRECTION ( 'NONE',  ( 1.858573841051372800E-015, 0.0000000000000000000, 1.000000000000000000 ) ) ;
#577 = ORIENTED_EDGE ( 'NONE', *, *, #3851, .T. ) ;
#578 = CARTESIAN_POINT ( 'NONE',  ( 0.03300000000000000200, 0.0000000000000000000, -0.06199999999999997900 ) ) ;
#579 = VECTOR ( 'NONE', #964, 39.37007874015748100 ) ;
#580 = LINE ( 'NONE', #2739, #821 ) ;
#581 = VECTOR ( 'NONE', #3635, 39.37007874015748100 ) ;
#582 = EDGE_CURVE ( 'NONE', #1749, #2400, #3086, .T. ) ;
#583 = ADVANCED_FACE ( 'NONE', ( #2475 ), #3876, .F. ) ;
#584 = AXIS2_PLACEMENT_3D ( 'NONE', #372, #675, #2758 ) ;
#585 = DIRECTION ( 'NONE',  ( 3.491481338843133000E-015, 1.000000000000000000, -0.0000000000000000000 ) ) ;
#586 = CIRCLE ( 'NONE', #3773, 0.01999999999999998300 ) ;
#587 = DIRECTION ( 'NONE',  ( -4.216446464779314800E-016, 0.0000000000000000000, 1.000000000000000000 ) ) ;
#588 = CIRCLE ( 'NONE', #2537, 0.06250000000000001400 ) ;
#589 = DIRECTION ( 'NONE',  ( -0.7071067811865462400, -0.7071067811865487900, -0.0000000000000000000 ) ) ;
#590 = CARTESIAN_POINT ( 'NONE',  ( -0.2804999999999999700, 0.01000000000000003000, -0.6010000000000000900 ) ) ;
#591 = AXIS2_PLACEMENT_3D ( 'NONE', #683, #381, #2465 ) ;
#592 = ORIENTED_EDGE ( 'NONE', *, *, #799, .F. ) ;
#593 = ORIENTED_EDGE ( 'NONE', *, *, #3730, .F. ) ;
#594 = ORIENTED_EDGE ( 'NONE', *, *, #1457, .T. ) ;
#595 = DIRECTION ( 'NONE',  ( 1.000000000000000000, 0.0000000000000000000, -1.092739197465705300E-015 ) ) ;
#596 = ORIENTED_EDGE ( 'NONE', *, *, #3231, .T. ) ;
#597 = ORIENTED_EDGE ( 'NONE', *, *, #1617, .T. ) ;
#598 = VERTEX_POINT ( 'NONE', #590 ) ;
#599 = EDGE_CURVE ( 'NONE', #156, #64, #2281, .T. ) ;
#600 = ORIENTED_EDGE ( 'NONE', *, *, #2015, .F. ) ;
#601 = ORIENTED_EDGE ( 'NONE', *, *, #88, .T. ) ;
#602 = CARTESIAN_POINT ( 'NONE',  ( 0.008000000000000000200, 0.0000000000000000000, -0.06199999999999981200 ) ) ;
#603 = CARTESIAN_POINT ( 'NONE',  ( 0.4155000000000005400, -0.1459999999999999600, -0.3649999999999999900 ) ) ;
#604 = EDGE_LOOP ( 'NONE', ( #2634, #3201, #3827, #2081 ) ) ;
#605 = ADVANCED_FACE ( 'NONE', ( #2053, #2650, #2237, #2141 ), #3283, .F. ) ;
#606 = EDGE_CURVE ( 'NONE', #2876, #2684, #1676, .T. ) ;
#607 = VECTOR ( 'NONE', #3678, 39.37007874015748100 ) ;
#608 = DIRECTION ( 'NONE',  ( 1.000000000000000000, -4.717671354191793800E-016, 1.605975933603797300E-015 ) ) ;
#609 = ORIENTED_EDGE ( 'NONE', *, *, #899, .F. ) ;
#610 = FACE_OUTER_BOUND ( 'NONE', #2526, .T. ) ;
#611 = LINE ( 'NONE', #3272, #989 ) ;
#612 = CIRCLE ( 'NONE', #2845, 0.007500000000000005800 ) ;
#613 = CIRCLE ( 'NONE', #3449, 0.01999999999999989600 ) ;
#614 = AXIS2_PLACEMENT_3D ( 'NONE', #2208, #2525, #731 ) ;
#615 = CARTESIAN_POINT ( 'NONE',  ( -0.2804999999999995800, -0.1013284962632952600, -0.3187869055315190000 ) ) ;
#616 = ORIENTED_EDGE ( 'NONE', *, *, #843, .F. ) ;
#617 = DIRECTION ( 'NONE',  ( -1.000000000000000000, -0.0000000000000000000, -1.092739197465705300E-015 ) ) ;
#618 = DIRECTION ( 'NONE',  ( -1.213184216936838900E-031, 1.000000000000000000, -1.110223024625154100E-016 ) ) ;
#619 = DIRECTION ( 'NONE',  ( -0.0000000000000000000, -0.0000000000000000000, 1.000000000000000000 ) ) ;
#620 = ORIENTED_EDGE ( 'NONE', *, *, #2401, .T. ) ;
#621 = EDGE_CURVE ( 'NONE', #2365, #1996, #2003, .T. ) ;
#622 = CARTESIAN_POINT ( 'NONE',  ( -0.1489999999999999900, -0.009999999999999974200, 1.696733714814914400E-017 ) ) ;
#623 = LINE ( 'NONE', #1162, #722 ) ;
#625 = CARTESIAN_POINT ( 'NONE',  ( 0.4205000000000006500, -0.1649999999999998700, -0.3649999999999999400 ) ) ;
#624 = DIRECTION ( 'NONE',  ( 0.0000000000000000000, 1.110223024625154100E-016, 1.000000000000000000 ) ) ;
#626 = EDGE_CURVE ( 'NONE', #1511, #1763, #1625, .T. ) ;
#627 = DIRECTION ( 'NONE',  ( 0.7071067811865458000, -0.7071067811865493500, -0.0000000000000000000 ) ) ;
#628 = LINE ( 'NONE', #3110, #3202 ) ;
#629 = DIRECTION ( 'NONE',  ( 3.274475334871550500E-015, -1.000000000000000000, -3.503246160812042700E-046 ) ) ;
#630 = CARTESIAN_POINT ( 'NONE',  ( -0.2179999999999995000, -0.1013284962632952600, -0.2562869055315189500 ) ) ;
#631 = VERTEX_POINT ( 'NONE', #1192 ) ;
#632 = ADVANCED_FACE ( 'NONE', ( #892 ), #3596, .F. ) ;
#633 = EDGE_LOOP ( 'NONE', ( #3718, #112, #3448, #2741 ) ) ;
#634 = FACE_OUTER_BOUND ( 'NONE', #2324, .T. ) ;
#635 = AXIS2_PLACEMENT_3D ( 'NONE', #1917, #1036, #3129 ) ;
#636 = ORIENTED_EDGE ( 'NONE', *, *, #3279, .F. ) ;
#637 = DIRECTION ( 'NONE',  ( 1.213184216936838900E-031, -1.000000000000000000, 1.110223024625154100E-016 ) ) ;
#638 = ORIENTED_EDGE ( 'NONE', *, *, #903, .F. ) ;
#639 = EDGE_LOOP ( 'NONE', ( #1661, #2988, #3771, #2405 ) ) ;
#641 = CARTESIAN_POINT ( 'NONE',  ( 0.007999999999999989800, 0.0000000000000000000, -0.1499999999999999700 ) ) ;
#640 = CARTESIAN_POINT ( 'NONE',  ( 0.2179999999999995000, -0.09132849626329527000, -0.3187869055315189500 ) ) ;
#642 = CARTESIAN_POINT ( 'NONE',  ( -0.03300000000000018200, 0.0000000000000000000, -0.08699999999999999400 ) ) ;
#643 = DIRECTION ( 'NONE',  ( 0.0000000000000000000, 0.0000000000000000000, -1.000000000000000000 ) ) ;
#644 = DIRECTION ( 'NONE',  ( -6.027876599644197200E-031, -1.840867920258943100E-016, 1.000000000000000000 ) ) ;
#645 = ORIENTED_EDGE ( 'NONE', *, *, #3435, .T. ) ;
#646 = CARTESIAN_POINT ( 'NONE',  ( 0.4155000000000005400, -0.1670710678118654000, -0.3649999999999999400 ) ) ;
#647 = CARTESIAN_POINT ( 'NONE',  ( 0.2805000000000000300, 0.0000000000000000000, -0.4390242689855161600 ) ) ;
#648 = AXIS2_PLACEMENT_3D ( 'NONE', #640, #2715, #946 ) ;
#649 = DIRECTION ( 'NONE',  ( -1.213184216936838900E-031, 1.000000000000000000, -1.110223024625154100E-016 ) ) ;
#650 = EDGE_LOOP ( 'NONE', ( #1431, #1705, #253 ) ) ;
#651 = EDGE_CURVE ( 'NONE', #3401, #934, #1773, .T. ) ;
#652 = DIRECTION ( 'NONE',  ( -6.504399984914914400E-016, -0.0000000000000000000, -1.000000000000000000 ) ) ;
#653 = EDGE_LOOP ( 'NONE', ( #645, #2773, #1287, #3735 ) ) ;
#654 = ORIENTED_EDGE ( 'NONE', *, *, #1851, .T. ) ;
#655 = LINE ( 'NONE', #2178, #1155 ) ;
#656 = PLANE ( 'NONE',  #1911 ) ;
#657 = CARTESIAN_POINT ( 'NONE',  ( 0.4155000000000005400, -0.1649999999999999800, -0.3649999999999999400 ) ) ;
#658 = AXIS2_PLACEMENT_3D ( 'NONE', #2505, #428, #2519 ) ;
#659 = DIRECTION ( 'NONE',  ( -0.0000000000000000000, 0.0000000000000000000, -1.000000000000000000 ) ) ;
#660 = ADVANCED_FACE ( 'NONE', ( #834 ), #920, .F. ) ;
#661 = ORIENTED_EDGE ( 'NONE', *, *, #1416, .F. ) ;
#662 = CARTESIAN_POINT ( 'NONE',  ( 0.1555000000000000300, 0.009135454576426060800, -0.5969326335692420900 ) ) ;
#663 = CARTESIAN_POINT ( 'NONE',  ( -0.4367132034355968900, -0.2024264068711928200, -0.4269999999999999900 ) ) ;
#664 = LINE ( 'NONE', #3064, #2890 ) ;
#665 = CARTESIAN_POINT ( 'NONE',  ( -0.1489999999999999900, -0.009999999999999974200, 1.696733714814914400E-017 ) ) ;
#666 = DIRECTION ( 'NONE',  ( -1.000000000000000000, 0.0000000000000000000, 0.0000000000000000000 ) ) ;
#667 = EDGE_LOOP ( 'NONE', ( #845, #499, #1187, #74 ) ) ;
#668 = EDGE_CURVE ( 'NONE', #1240, #3214, #746, .T. ) ;
#669 = CARTESIAN_POINT ( 'NONE',  ( -0.4055000000000004700, -0.1650000000000000100, -0.3649999999999999400 ) ) ;
#670 = DIRECTION ( 'NONE',  ( 0.0000000000000000000, 1.000000000000000000, 0.0000000000000000000 ) ) ;
#671 = ORIENTED_EDGE ( 'NONE', *, *, #317, .F. ) ;
#672 = AXIS2_PLACEMENT_3D ( 'NONE', #902, #2991, #1189 ) ;
#673 = DIRECTION ( 'NONE',  ( 0.0000000000000000000, 0.0000000000000000000, -1.000000000000000000 ) ) ;
#674 = DIRECTION ( 'NONE',  ( -1.000000000000000000, 0.0000000000000000000, 0.0000000000000000000 ) ) ;
#675 = DIRECTION ( 'NONE',  ( -1.589164445232891900E-016, 5.203679778969931300E-031, 1.000000000000000000 ) ) ;
#676 = LINE ( 'NONE', #3212, #1312 ) ;
#677 = CARTESIAN_POINT ( 'NONE',  ( -0.4205000000000005400, -0.1649999999999998400, -0.3649999999999999400 ) ) ;
#678 = ADVANCED_FACE ( 'NONE', ( #1394 ), #2106, .F. ) ;
#679 = EDGE_CURVE ( 'NONE', #598, #182, #321, .T. ) ;
#680 = CIRCLE ( 'NONE', #1037, 0.009999999999999981100 ) ;
#681 = ORIENTED_EDGE ( 'NONE', *, *, #1483, .T. ) ;
#682 = LINE ( 'NONE', #430, #3568 ) ;
#683 = CARTESIAN_POINT ( 'NONE',  ( 0.2804999999999999700, 2.777856705840868500E-017, -0.6009999999999999800 ) ) ;
#684 = EDGE_CURVE ( 'NONE', #3787, #2731, #414, .T. ) ;
#685 = DIRECTION ( 'NONE',  ( -1.000000000000000000, -0.0000000000000000000, -0.0000000000000000000 ) ) ;
#686 = ORIENTED_EDGE ( 'NONE', *, *, #3431, .T. ) ;
#687 = FACE_OUTER_BOUND ( 'NONE', #431, .T. ) ;
#688 = EDGE_LOOP ( 'NONE', ( #2318, #2336, #3631, #1706 ) ) ;
#689 = LINE ( 'NONE', #3869, #440 ) ;
#690 = VERTEX_POINT ( 'NONE', #1824 ) ;
#691 = STYLED_ITEM ( 'NONE', ( #94 ), #2223 ) ;
#692 = ORIENTED_EDGE ( 'NONE', *, *, #1026, .F. ) ;
#693 = VERTEX_POINT ( 'NONE', #933 ) ;
#694 = ADVANCED_FACE ( 'NONE', ( #169 ), #2568, .T. ) ;
#695 = CARTESIAN_POINT ( 'NONE',  ( 0.4162071067811870000, -0.2229325035256027000, -0.4269999999999999900 ) ) ;
#696 = DIRECTION ( 'NONE',  ( -1.000000000000000000, 0.0000000000000000000, -0.0000000000000000000 ) ) ;
#697 = EDGE_LOOP ( 'NONE', ( #2743, #1142, #2765, #453 ) ) ;
#698 = ORIENTED_EDGE ( 'NONE', *, *, #458, .T. ) ;
#699 = CARTESIAN_POINT ( 'NONE',  ( -0.4155000000000004800, -0.1459999999999991900, -0.4269999999999999400 ) ) ;
#700 = EDGE_CURVE ( 'NONE', #2433, #1991, #1254, .T. ) ;
#701 = DIRECTION ( 'NONE',  ( 0.0000000000000000000, 2.134256245050228400E-016, -1.000000000000000000 ) ) ;
#702 = VERTEX_POINT ( 'NONE', #1514 ) ;
#703 = VECTOR ( 'NONE', #649, 39.37007874015748100 ) ;
#704 = VERTEX_POINT ( 'NONE', #947 ) ;
#705 = FACE_OUTER_BOUND ( 'NONE', #17, .T. ) ;
#706 = EDGE_CURVE ( 'NONE', #2167, #2121, #3132, .T. ) ;
#707 = CYLINDRICAL_SURFACE ( 'NONE', #135, 0.01000000000000003000 ) ;
#708 = PLANE ( 'NONE',  #3051 ) ;
#709 = CARTESIAN_POINT ( 'NONE',  ( 0.1554999999999999400, 0.01000000000000000000, -0.4390242689855161600 ) ) ;
#710 = VECTOR ( 'NONE', #2477, 39.37007874015748100 ) ;
#711 = CARTESIAN_POINT ( 'NONE',  ( -0.1489999999999999900, -0.1200000000000000000, 0.01000000000000041500 ) ) ;
#712 = EDGE_CURVE ( 'NONE', #504, #2143, #377, .T. ) ;
#713 = ORIENTED_EDGE ( 'NONE', *, *, #1343, .T. ) ;
#714 = CARTESIAN_POINT ( 'NONE',  ( -0.1554999999999995600, -0.1004639508397213000, -0.3753542719622770500 ) ) ;
#715 = AXIS2_PLACEMENT_3D ( 'NONE', #2110, #329, #2417 ) ;
#716 = CARTESIAN_POINT ( 'NONE',  ( 0.0004999999999999480800, 0.0000000000000000000, -0.1575000000000000000 ) ) ;
#717 = DIRECTION ( 'NONE',  ( -0.0000000000000000000, 1.000000000000000000, -0.0000000000000000000 ) ) ;
#718 = CARTESIAN_POINT ( 'NONE',  ( -0.008000000000000000200, 0.0000000000000000000, -0.04000000000000004900 ) ) ;
#719 = EDGE_LOOP ( 'NONE', ( #726, #3317, #3131, #1467 ) ) ;
#720 = CYLINDRICAL_SURFACE ( 'NONE', #2061, 0.1212383095312846900 ) ;
#721 = DIRECTION ( 'NONE',  ( 0.0000000000000000000, 0.0000000000000000000, -1.000000000000000000 ) ) ;
#722 = VECTOR ( 'NONE', #3264, 39.37007874015748100 ) ;
#723 = EDGE_CURVE ( 'NONE', #2171, #1607, #1574, .T. ) ;
#724 = ORIENTED_EDGE ( 'NONE', *, *, #1943, .T. ) ;
#725 = VECTOR ( 'NONE', #1687, 39.37007874015748100 ) ;
#726 = ORIENTED_EDGE ( 'NONE', *, *, #1436, .T. ) ;
#727 = DIRECTION ( 'NONE',  ( 0.0000000000000000000, -2.134256245050228400E-016, 1.000000000000000000 ) ) ;
#728 = EDGE_CURVE ( 'NONE', #273, #787, #3461, .T. ) ;
#729 = VECTOR ( 'NONE', #2804, 39.37007874015748100 ) ;
#730 = ORIENTED_EDGE ( 'NONE', *, *, #2123, .T. ) ;
#731 = DIRECTION ( 'NONE',  ( 1.000000000000000000, 0.0000000000000000000, -0.0000000000000000000 ) ) ;
#732 = ORIENTED_EDGE ( 'NONE', *, *, #3521, .F. ) ;
#733 = CARTESIAN_POINT ( 'NONE',  ( -0.4155000000000004800, -0.1459999999999999600, -0.2109999999999998000 ) ) ;
#734 = ORIENTED_EDGE ( 'NONE', *, *, #1073, .F. ) ;
#735 = ORIENTED_EDGE ( 'NONE', *, *, #3550, .T. ) ;
#736 = ORIENTED_EDGE ( 'NONE', *, *, #3831, .T. ) ;
#737 = PLANE ( 'NONE',  #635 ) ;
#738 = EDGE_LOOP ( 'NONE', ( #3359, #924, #2466, #2940 ) ) ;
#739 = ORIENTED_EDGE ( 'NONE', *, *, #2708, .F. ) ;
#740 = ORIENTED_EDGE ( 'NONE', *, *, #1893, .F. ) ;
#741 = AXIS2_PLACEMENT_3D ( 'NONE', #2330, #2935, #1133 ) ;
#742 = DIRECTION ( 'NONE',  ( 2.222285364672696300E-016, -0.9135454576426033100, -0.4067366430757946600 ) ) ;
#743 = CARTESIAN_POINT ( 'NONE',  ( -0.4155000000000004800, -0.1459999999999999600, -0.4269999999999999400 ) ) ;
#744 = VECTOR ( 'NONE', #393, 39.37007874015748100 ) ;
#745 = CARTESIAN_POINT ( 'NONE',  ( 0.1915967057228170300, 0.01000000000000000000, -0.7294478111131770200 ) ) ;
#746 = LINE ( 'NONE', #3309, #794 ) ;
#747 = EDGE_CURVE ( 'NONE', #498, #1342, #1027, .T. ) ;
#748 = DIRECTION ( 'NONE',  ( -0.0000000000000000000, -1.000000000000000000, -0.0000000000000000000 ) ) ;
#749 = ORIENTED_EDGE ( 'NONE', *, *, #3761, .T. ) ;
#750 = CIRCLE ( 'NONE', #648, 0.06250000000000001400 ) ;
#751 = CARTESIAN_POINT ( 'NONE',  ( 0.06250000000000000000, 0.0000000000000000000, -0.09549999999999994600 ) ) ;
#752 = EDGE_LOOP ( 'NONE', ( #3491, #681, #2701, #1020 ) ) ;
#753 = EDGE_CURVE ( 'NONE', #3517, #1756, #3602, .T. ) ;
#754 = AXIS2_PLACEMENT_3D ( 'NONE', #578, #866, #2965 ) ;
#755 = CARTESIAN_POINT ( 'NONE',  ( 0.06250000000000000000, 0.01000000000000000000, -0.09549999999999994600 ) ) ;
#756 =( LENGTH_UNIT ( ) NAMED_UNIT ( * ) SI_UNIT ( $, .METRE. ) );
#757 = DIRECTION ( 'NONE',  ( -2.222285364672696300E-016, -0.9135454576426033100, -0.4067366430757947700 ) ) ;
#758 = LINE ( 'NONE', #755, #1502 ) ;
#759 = DIRECTION ( 'NONE',  ( 5.463695987328529400E-016, 0.0000000000000000000, 1.000000000000000000 ) ) ;
#760 = CARTESIAN_POINT ( 'NONE',  ( -0.2804999999999995300, -0.09132849626329527000, -0.3712869055315190000 ) ) ;
#761 = CARTESIAN_POINT ( 'NONE',  ( 0.1555000000000000300, 0.009135454576426060800, -0.5969326335692420900 ) ) ;
#762 = AXIS2_PLACEMENT_3D ( 'NONE', #575, #2653, #879 ) ;
#763 = LINE ( 'NONE', #2901, #2122 ) ;
#764 = DIRECTION ( 'NONE',  ( 3.491481338843133000E-015, 1.000000000000000000, -3.326113628649667400E-016 ) ) ;
#765 = CIRCLE ( 'NONE', #433, 0.02500000000000000500 ) ;
#766 = AXIS2_PLACEMENT_3D ( 'NONE', #3122, #3724, #1030 ) ;
#767 =( CONVERSION_BASED_UNIT ( 'INCH', #1863 ) LENGTH_UNIT ( ) NAMED_UNIT ( #3009 ) );
#768 = VECTOR ( 'NONE', #320, 39.37007874015748100 ) ;
#769 = DIRECTION ( 'NONE',  ( 1.000000000000000000, 0.0000000000000000000, 1.092739197465705300E-015 ) ) ;
#770 = PLANE ( 'NONE',  #2606 ) ;
#771 = EDGE_CURVE ( 'NONE', #360, #2277, #2944, .T. ) ;
#772 = LINE ( 'NONE', #126, #3671 ) ;
#773 = CARTESIAN_POINT ( 'NONE',  ( 0.2742616904687152900, 0.01000000000000000000, -0.6407616904687152300 ) ) ;
#774 = ORIENTED_EDGE ( 'NONE', *, *, #477, .T. ) ;
#775 = LINE ( 'NONE', #1386, #3016 ) ;
#776 = AXIS2_PLACEMENT_3D ( 'NONE', #1422, #3519, #1720 ) ;
#777 = ORIENTED_EDGE ( 'NONE', *, *, #1836, .F. ) ;
#778 = ORIENTED_EDGE ( 'NONE', *, *, #3838, .F. ) ;
#779 = ORIENTED_EDGE ( 'NONE', *, *, #2340, .T. ) ;
#780 = DIRECTION ( 'NONE',  ( -0.0000000000000000000, -1.000000000000000000, -0.0000000000000000000 ) ) ;
#781 = VERTEX_POINT ( 'NONE', #1258 ) ;
#782 = CARTESIAN_POINT ( 'NONE',  ( 0.1554999999999995600, -0.09132849626329527000, -0.3712869055315191600 ) ) ;
#783 = EDGE_CURVE ( 'NONE', #537, #504, #2603, .T. ) ;
#784 = ADVANCED_FACE ( 'NONE', ( #2233 ), #58, .F. ) ;
#785 = ORIENTED_EDGE ( 'NONE', *, *, #1556, .T. ) ;
#786 = ORIENTED_EDGE ( 'NONE', *, *, #1937, .F. ) ;
#787 = VERTEX_POINT ( 'NONE', #3675 ) ;
#788 = AXIS2_PLACEMENT_3D ( 'NONE', #3076, #1273, #3382 ) ;
#789 = PLANE ( 'NONE',  #2234 ) ;
#790 = ORIENTED_EDGE ( 'NONE', *, *, #2917, .F. ) ;
#791 = DIRECTION ( 'NONE',  ( 0.0000000000000000000, 0.0000000000000000000, 1.000000000000000000 ) ) ;
#792 = EDGE_LOOP ( 'NONE', ( #3506, #3530, #1275, #3535 ) ) ;
#793 = VECTOR ( 'NONE', #1208, 39.37007874015748100 ) ;
#794 = VECTOR ( 'NONE', #2691, 39.37007874015748100 ) ;
#795 = VECTOR ( 'NONE', #567, 39.37007874015748100 ) ;
#796 = CIRCLE ( 'NONE', #231, 0.1205000000000000500 ) ;
#797 = CARTESIAN_POINT ( 'NONE',  ( 0.2742616904687152900, 0.0000000000000000000, -0.6407616904687152300 ) ) ;
#798 = ORIENTED_EDGE ( 'NONE', *, *, #1587, .T. ) ;
#799 = EDGE_CURVE ( 'NONE', #2571, #820, #2798, .T. ) ;
#800 = ADVANCED_FACE ( 'NONE', ( #1809 ), #389, .F. ) ;
#801 = DIRECTION ( 'NONE',  ( 0.7071067811865469100, 0.7071067811865480200, -0.0000000000000000000 ) ) ;
#802 = EDGE_CURVE ( 'NONE', #1748, #598, #897, .T. ) ;
#803 = DIRECTION ( 'NONE',  ( -0.0000000000000000000, -0.0000000000000000000, -1.000000000000000000 ) ) ;
#804 = DIRECTION ( 'NONE',  ( 1.000000000000000000, 3.308097179827831500E-015, 0.0000000000000000000 ) ) ;
#805 = LINE ( 'NONE', #657, #968 ) ;
#806 = DIRECTION ( 'NONE',  ( -1.000000000000000000, 0.0000000000000000000, 0.0000000000000000000 ) ) ;
#807 = DIRECTION ( 'NONE',  ( 0.0000000000000000000, 1.110223024625154100E-016, 1.000000000000000000 ) ) ;
#808 = LINE ( 'NONE', #3769, #3398 ) ;
#809 = ORIENTED_EDGE ( 'NONE', *, *, #3532, .F. ) ;
#810 = VECTOR ( 'NONE', #3282, 39.37007874015748100 ) ;
#811 = ORIENTED_EDGE ( 'NONE', *, *, #480, .T. ) ;
#812 = LINE ( 'NONE', #823, #2619 ) ;
#813 = CARTESIAN_POINT ( 'NONE',  ( 0.4367132034355968900, -0.2024264068711928200, -0.3649999999999999400 ) ) ;
#814 = ADVANCED_FACE ( 'NONE', ( #1201 ), #2777, .T. ) ;
#815 = CIRCLE ( 'NONE', #776, 0.06250000000000001400 ) ;
#816 = VECTOR ( 'NONE', #914, 39.37007874015748100 ) ;
#817 = DIRECTION ( 'NONE',  ( 1.213184216936838900E-031, 1.000000000000000000, -1.110223024625154100E-016 ) ) ;
#818 = EDGE_CURVE ( 'NONE', #3453, #3029, #2563, .T. ) ;
#819 = SHAPE_REPRESENTATION ( '3003', ( #568 ), #149 ) ;
#820 = VERTEX_POINT ( 'NONE', #2491 ) ;
#821 = VECTOR ( 'NONE', #3642, 39.37007874015748100 ) ;
#822 = ORIENTED_EDGE ( 'NONE', *, *, #2917, .T. ) ;
#823 = CARTESIAN_POINT ( 'NONE',  ( -0.05499999999999994500, 0.0000000000000000000, -0.08699999999999999400 ) ) ;
#824 = ORIENTED_EDGE ( 'NONE', *, *, #903, .T. ) ;
#825 = EDGE_CURVE ( 'NONE', #64, #2289, #2757, .T. ) ;
#826 = AXIS2_PLACEMENT_3D ( 'NONE', #1341, #3446, #1641 ) ;
#827 = FACE_OUTER_BOUND ( 'NONE', #1291, .T. ) ;
#828 = ORIENTED_EDGE ( 'NONE', *, *, #1090, .F. ) ;
#829 = ORIENTED_EDGE ( 'NONE', *, *, #2631, .T. ) ;
#830 = EDGE_LOOP ( 'NONE', ( #915, #592, #3844, #886 ) ) ;
#831 = ORIENTED_EDGE ( 'NONE', *, *, #783, .T. ) ;
#832 = VERTEX_POINT ( 'NONE', #1926 ) ;
#833 = ORIENTED_EDGE ( 'NONE', *, *, #771, .T. ) ;
#834 = FACE_OUTER_BOUND ( 'NONE', #2885, .T. ) ;
#835 = ADVANCED_FACE ( 'NONE', ( #2050 ), #3403, .F. ) ;
#836 = LINE ( 'NONE', #340, #424 ) ;
#837 = UNCERTAINTY_MEASURE_WITH_UNIT (LENGTH_MEASURE( 1.000000000000000100E-005 ), #2846, 'distance_accuracy_value', 'NONE');
#838 = DIRECTION ( 'NONE',  ( -0.0000000000000000000, 1.000000000000000000, -0.0000000000000000000 ) ) ;
#839 = AXIS2_PLACEMENT_3D ( 'NONE', #3349, #1540, #3649 ) ;
#840 = ORIENTED_EDGE ( 'NONE', *, *, #651, .F. ) ;
#841 = CARTESIAN_POINT ( 'NONE',  ( -0.1489999999999999900, 0.0000000000000000000, 6.559240622696722900E-017 ) ) ;
#842 = VECTOR ( 'NONE', #3898, 39.37007874015748100 ) ;
#843 = EDGE_CURVE ( 'NONE', #3452, #2832, #3273, .T. ) ;
#844 = DIRECTION ( 'NONE',  ( -0.0000000000000000000, -0.0000000000000000000, 1.000000000000000000 ) ) ;
#845 = ORIENTED_EDGE ( 'NONE', *, *, #2253, .F. ) ;
#846 = DIRECTION ( 'NONE',  ( -1.000000000000000000, 0.0000000000000000000, 0.0000000000000000000 ) ) ;
#847 = CARTESIAN_POINT ( 'NONE',  ( 0.4162071067811869400, -0.2229325035256027000, -0.3649999999999999400 ) ) ;
#848 = LINE ( 'NONE', #3171, #925 ) ;
#849 = DIRECTION ( 'NONE',  ( -1.589164445233017300E-016, -3.594536833768762500E-015, 1.000000000000000000 ) ) ;
#850 = CARTESIAN_POINT ( 'NONE',  ( 0.1915967057228170300, 0.01000000000000000000, -0.7294478111131770200 ) ) ;
#851 = EDGE_CURVE ( 'NONE', #3261, #781, #1670, .T. ) ;
#852 = CYLINDRICAL_SURFACE ( 'NONE', #2487, 0.06250000000000001400 ) ;
#853 = CARTESIAN_POINT ( 'NONE',  ( -0.4367132034355968900, -0.2024264068711928200, -0.3649999999999999400 ) ) ;
#854 = ADVANCED_FACE ( 'NONE', ( #2008 ), #1942, .F. ) ;
#855 = DIRECTION ( 'NONE',  ( 0.0000000000000000000, 0.0000000000000000000, -1.000000000000000000 ) ) ;
#856 = VECTOR ( 'NONE', #1011, 39.37007874015748100 ) ;
#857 = FACE_OUTER_BOUND ( 'NONE', #3505, .T. ) ;
#858 = CARTESIAN_POINT ( 'NONE',  ( 0.4155000000000004800, -0.1459999999999999600, -0.4269999999999999400 ) ) ;
#859 = DIRECTION ( 'NONE',  ( 1.089127703799344700E-030, 3.326113628649667400E-016, 1.000000000000000000 ) ) ;
#860 = CARTESIAN_POINT ( 'NONE',  ( -0.008000000000000000200, 0.0000000000000000000, -0.06199999999999981200 ) ) ;
#861 = VERTEX_POINT ( 'NONE', #3750 ) ;
#862 = VECTOR ( 'NONE', #1850, 39.37007874015748100 ) ;
#863 = AXIS2_PLACEMENT_3D ( 'NONE', #2638, #2359, #573 ) ;
#864 = EDGE_LOOP ( 'NONE', ( #2051, #2841, #1051, #3837 ) ) ;
#865 = FACE_OUTER_BOUND ( 'NONE', #3040, .T. ) ;
#866 = DIRECTION ( 'NONE',  ( -0.0000000000000000000, 1.000000000000000000, -0.0000000000000000000 ) ) ;
#867 = LINE ( 'NONE', #3002, #2263 ) ;
#868 = ORIENTED_EDGE ( 'NONE', *, *, #3415, .T. ) ;
#869 = DIRECTION ( 'NONE',  ( -0.0000000000000000000, 1.000000000000000000, -0.0000000000000000000 ) ) ;
#870 = DIRECTION ( 'NONE',  ( -3.274475334871550500E-015, -1.000000000000000000, -3.503246160812042700E-046 ) ) ;
#871 = ORIENTED_EDGE ( 'NONE', *, *, #3079, .F. ) ;
#872 = ORIENTED_EDGE ( 'NONE', *, *, #1742, .T. ) ;
#873 = ORIENTED_EDGE ( 'NONE', *, *, #1734, .T. ) ;
#874 = CARTESIAN_POINT ( 'NONE',  ( 0.2742616904687152900, 0.0000000000000000000, -0.7620000000000000100 ) ) ;
#875 = EDGE_LOOP ( 'NONE', ( #786, #594, #3626, #1815 ) ) ;
#876 = EDGE_CURVE ( 'NONE', #156, #1432, #2894, .T. ) ;
#877 = EDGE_LOOP ( 'NONE', ( #872, #671, #3880, #3168 ) ) ;
#878 = CARTESIAN_POINT ( 'NONE',  ( 0.4437842712474622800, -0.2094974746830582900, -0.4269999999999999900 ) ) ;
#879 = DIRECTION ( 'NONE',  ( 0.0000000000000000000, 0.0000000000000000000, 1.000000000000000000 ) ) ;
#880 = ORIENTED_EDGE ( 'NONE', *, *, #3150, .T. ) ;
#881 = CARTESIAN_POINT ( 'NONE',  ( -0.1489999999999999900, 0.01000000000000000000, 6.559240622696722900E-017 ) ) ;
#882 = EDGE_LOOP ( 'NONE', ( #3733, #3407, #973, #3670 ) ) ;
#883 = ADVANCED_FACE ( 'NONE', ( #2761 ), #1957, .F. ) ;
#884 = EDGE_CURVE ( 'NONE', #2876, #443, #80, .T. ) ;
#885 = DIRECTION ( 'NONE',  ( 0.7071067811865487900, -0.7071067811865462400, 0.0000000000000000000 ) ) ;
#886 = ORIENTED_EDGE ( 'NONE', *, *, #317, .T. ) ;
#887 = EDGE_LOOP ( 'NONE', ( #2788, #833, #460, #1508 ) ) ;
#888 = DIRECTION ( 'NONE',  ( -2.222285364672696300E-016, -0.9135454576426033100, -0.4067366430757946600 ) ) ;
#889 = VECTOR ( 'NONE', #479, 39.37007874015748100 ) ;
#890 = CARTESIAN_POINT ( 'NONE',  ( -0.2742616904687152900, 0.0000000000000000000, -0.7620000000000000100 ) ) ;
#891 = ORIENTED_EDGE ( 'NONE', *, *, #1007, .F. ) ;
#892 = FACE_OUTER_BOUND ( 'NONE', #464, .T. ) ;
#893 = PRESENTATION_LAYER_ASSIGNMENT (  '', '', ( #691 ) ) ;
#894 = LINE ( 'NONE', #3630, #1301 ) ;
#895 = DIRECTION ( 'NONE',  ( 0.0000000000000000000, -0.0000000000000000000, 1.000000000000000000 ) ) ;
#896 = CARTESIAN_POINT ( 'NONE',  ( -0.1554999999999995600, -0.09132849626329527000, -0.3712869055315190500 ) ) ;
#897 = LINE ( 'NONE', #1280, #1765 ) ;
#898 = CARTESIAN_POINT ( 'NONE',  ( -0.4437842712474622800, -0.2094974746830582100, -0.3649999999999999400 ) ) ;
#899 = EDGE_CURVE ( 'NONE', #1996, #1147, #1529, .T. ) ;
#900 = ADVANCED_FACE ( 'NONE', ( #1714 ), #1363, .F. ) ;
#901 = DIRECTION ( 'NONE',  ( -0.0000000000000000000, -1.000000000000000000, -0.0000000000000000000 ) ) ;
#902 = CARTESIAN_POINT ( 'NONE',  ( -0.0005000000000000004400, 0.0000000000000000000, -0.1499999999999999900 ) ) ;
#903 = EDGE_CURVE ( 'NONE', #926, #631, #560, .T. ) ;
#904 = AXIS2_PLACEMENT_3D ( 'NONE', #1782, #1796, #3901 ) ;
#905 = DIRECTION ( 'NONE',  ( -1.000000000000000000, 3.201384367575342500E-015, 0.0000000000000000000 ) ) ;
#906 = DIRECTION ( 'NONE',  ( -2.201087457280780100E-016, -3.491481338843133000E-015, -1.000000000000000000 ) ) ;
#907 = FACE_OUTER_BOUND ( 'NONE', #125, .T. ) ;
#908 = CARTESIAN_POINT ( 'NONE',  ( 0.4155000000000004800, -0.1459999999999999600, -0.4269999999999999400 ) ) ;
#909 = LINE ( 'NONE', #494, #3722 ) ;
#910 = VERTEX_POINT ( 'NONE', #2273 ) ;
#911 = VECTOR ( 'NONE', #3048, 39.37007874015748100 ) ;
#912 = EDGE_CURVE ( 'NONE', #176, #463, #224, .T. ) ;
#913 = FACE_OUTER_BOUND ( 'NONE', #257, .T. ) ;
#914 = DIRECTION ( 'NONE',  ( -0.0000000000000000000, -1.000000000000000000, -0.0000000000000000000 ) ) ;
#915 = ORIENTED_EDGE ( 'NONE', *, *, #1267, .T. ) ;
#916 = VECTOR ( 'NONE', #487, 39.37007874015748100 ) ;
#917 = DIRECTION ( 'NONE',  ( -0.7071067811865486800, 0.7071067811865463500, 0.0000000000000000000 ) ) ;
#918 = LINE ( 'NONE', #3648, #2163 ) ;
#919 = CARTESIAN_POINT ( 'NONE',  ( 0.0005000000000000004400, 0.0000000000000000000, -0.03999999999999999400 ) ) ;
#920 = PLANE ( 'NONE',  #1290 ) ;
#921 = DIMENSIONAL_EXPONENTS ( 1.000000000000000000, 0.0000000000000000000, 0.0000000000000000000, 0.0000000000000000000, 0.0000000000000000000, 0.0000000000000000000, 0.0000000000000000000 ) ;
#922 = EDGE_LOOP ( 'NONE', ( #1915, #1059, #3158, #1351 ) ) ;
#923 = CARTESIAN_POINT ( 'NONE',  ( 0.4098933982822023400, -0.1756066017177981600, -0.3649999999999999400 ) ) ;
#924 = ORIENTED_EDGE ( 'NONE', *, *, #3054, .T. ) ;
#925 = VECTOR ( 'NONE', #3653, 39.37007874015748100 ) ;
#926 = VERTEX_POINT ( 'NONE', #3480 ) ;
#927 = ORIENTED_EDGE ( 'NONE', *, *, #549, .F. ) ;
#928 = DIRECTION ( 'NONE',  ( 0.0000000000000000000, 3.414809992080335400E-015, 1.000000000000000000 ) ) ;
#929 = AXIS2_PLACEMENT_3D ( 'NONE', #625, #844, #806 ) ;
#930 = EDGE_LOOP ( 'NONE', ( #3586, #3655, #3301, #1616 ) ) ;
#931 = CARTESIAN_POINT ( 'NONE',  ( 0.3955000000000000700, -0.01000000000000006800, -0.2109999999999999400 ) ) ;
#932 = CARTESIAN_POINT ( 'NONE',  ( 0.0005000000000000004400, 0.01000000000000000000, -0.1499999999999999900 ) ) ;
#933 = CARTESIAN_POINT ( 'NONE',  ( 0.1554999999999994700, -0.09132849626329527000, -0.3187869055315189500 ) ) ;
#934 = VERTEX_POINT ( 'NONE', #1381 ) ;
#935 = ORIENTED_EDGE ( 'NONE', *, *, #347, .T. ) ;
#936 = EDGE_CURVE ( 'NONE', #2121, #3402, #988, .T. ) ;
#937 = CIRCLE ( 'NONE', #2752, 0.02500000000000000500 ) ;
#938 = CARTESIAN_POINT ( 'NONE',  ( -0.3955000000000000700, 0.009999999999999896100, -0.2110000000000000200 ) ) ;
#939 = ORIENTED_EDGE ( 'NONE', *, *, #168, .T. ) ;
#940 = CIRCLE ( 'NONE', #1174, 0.01999999999999989300 ) ;
#941 = FACE_OUTER_BOUND ( 'NONE', #481, .T. ) ;
#942 = ORIENTED_EDGE ( 'NONE', *, *, #712, .F. ) ;
#943 = DIRECTION ( 'NONE',  ( -6.504399984914888800E-016, 0.0000000000000000000, 1.000000000000000000 ) ) ;
#944 = PLANE ( 'NONE',  #467 ) ;
#945 = AXIS2_PLACEMENT_3D ( 'NONE', #3853, #2056, #261 ) ;
#946 = DIRECTION ( 'NONE',  ( 0.0000000000000000000, 0.0000000000000000000, 1.000000000000000000 ) ) ;
#947 = CARTESIAN_POINT ( 'NONE',  ( 0.2804999999999995300, -0.09132849626329527000, -0.3712869055315190000 ) ) ;
#948 = PLANE ( 'NONE',  #2549 ) ;
#949 = ORIENTED_EDGE ( 'NONE', *, *, #2768, .F. ) ;
#950 = DIRECTION ( 'NONE',  ( -3.274475334871550500E-015, 1.000000000000000000, -3.594536833768763300E-015 ) ) ;
#951 = ADVANCED_FACE ( 'NONE', ( #3419 ), #174, .T. ) ;
#952 = EDGE_CURVE ( 'NONE', #10, #1017, #3271, .T. ) ;
#953 = CARTESIAN_POINT ( 'NONE',  ( 0.4232781745930525000, -0.2300035713374681800, -0.4269999999999999900 ) ) ;
#954 = DIRECTION ( 'NONE',  ( -3.274475334871550500E-015, 1.000000000000000000, -3.594536833768763300E-015 ) ) ;
#955 = FACE_OUTER_BOUND ( 'NONE', #1517, .T. ) ;
#956 = DIRECTION ( 'NONE',  ( 3.274475334871550500E-015, 1.000000000000000000, -9.355643813918714700E-016 ) ) ;
#957 = FACE_OUTER_BOUND ( 'NONE', #3367, .T. ) ;
#958 = CARTESIAN_POINT ( 'NONE',  ( 0.06250000000000000000, 0.0000000000000000000, -0.09450000000000004200 ) ) ;
#959 = EDGE_CURVE ( 'NONE', #221, #1936, #1434, .T. ) ;
#960 = AXIS2_PLACEMENT_3D ( 'NONE', #2072, #595, #2665 ) ;
#961 = DIRECTION ( 'NONE',  ( 0.0000000000000000000, 0.0000000000000000000, 1.000000000000000000 ) ) ;
#962 = CARTESIAN_POINT ( 'NONE',  ( -0.4154999999999999800, -0.009999999999999929100, -0.2109999999999998800 ) ) ;
#963 = LINE ( 'NONE', #267, #2111 ) ;
#964 = DIRECTION ( 'NONE',  ( 2.201087457280790200E-016, 1.418763820953988100E-032, 1.000000000000000000 ) ) ;
#965 = VECTOR ( 'NONE', #617, 39.37007874015748100 ) ;
#966 = PLANE ( 'NONE',  #584 ) ;
#967 = ORIENTED_EDGE ( 'NONE', *, *, #1140, .T. ) ;
#968 = VECTOR ( 'NONE', #954, 39.37007874015748100 ) ;
#969 = AXIS2_PLACEMENT_3D ( 'NONE', #860, #1450, #3555 ) ;
#970 = ADVANCED_FACE ( 'NONE', ( #3037, #1106, #3467, #271 ), #1997, .T. ) ;
#971 = VERTEX_POINT ( 'NONE', #1396 ) ;
#972 = CARTESIAN_POINT ( 'NONE',  ( -0.4162071067811869400, -0.2229325035256026500, -0.3959999999999999600 ) ) ;
#973 = ORIENTED_EDGE ( 'NONE', *, *, #1210, .T. ) ;
#974 = CARTESIAN_POINT ( 'NONE',  ( -0.2179999999999995000, -0.1013284962632952600, -0.3187869055315189500 ) ) ;
#975 = AXIS2_PLACEMENT_3D ( 'NONE', #1042, #3137, #3437 ) ;
#976 = DIRECTION ( 'NONE',  ( 2.845674993400274900E-016, -1.000000000000000000, 3.491481338843133700E-015 ) ) ;
#977 = ORIENTED_EDGE ( 'NONE', *, *, #1357, .T. ) ;
#978 = ORIENTED_EDGE ( 'NONE', *, *, #373, .F. ) ;
#979 = EDGE_CURVE ( 'NONE', #3681, #2055, #1070, .T. ) ;
#980 = DIRECTION ( 'NONE',  ( 1.000000000000000000, 0.0000000000000000000, 0.0000000000000000000 ) ) ;
#981 = AXIS2_PLACEMENT_3D ( 'NONE', #1708, #2312, #531 ) ;
#982 = ORIENTED_EDGE ( 'NONE', *, *, #2194, .T. ) ;
#983 = PLANE ( 'NONE',  #2239 ) ;
#984 = VECTOR ( 'NONE', #307, 39.37007874015748900 ) ;
#985 = CARTESIAN_POINT ( 'NONE',  ( -0.0004999999999999471000, 0.0000000000000000000, -0.1575000000000000000 ) ) ;
#986 = ORIENTED_EDGE ( 'NONE', *, *, #3885, .T. ) ;
#987 = EDGE_CURVE ( 'NONE', #3308, #1014, #2751, .T. ) ;
#988 = LINE ( 'NONE', #1682, #2854 ) ;
#989 = VECTOR ( 'NONE', #1169, 39.37007874015748100 ) ;
#990 = CARTESIAN_POINT ( 'NONE',  ( 0.05499999999999994500, 0.0000000000000000000, -0.1029999999999999900 ) ) ;
#991 = ADVANCED_FACE ( 'NONE', ( #3135 ), #707, .T. ) ;
#992 = LINE ( 'NONE', #3687, #2241 ) ;
#993 = DIRECTION ( 'NONE',  ( 1.000000000000000000, -0.0000000000000000000, 2.108223232389658400E-016 ) ) ;
#994 = CARTESIAN_POINT ( 'NONE',  ( -0.1554999999999994700, -0.09132849626329527000, -0.3187869055315189500 ) ) ;
#995 = EDGE_LOOP ( 'NONE', ( #2112, #2315, #2174, #1374 ) ) ;
#996 = DIRECTION ( 'NONE',  ( 0.0000000000000000000, -1.000000000000000000, 3.594536833768764100E-015 ) ) ;
#997 = CARTESIAN_POINT ( 'NONE',  ( -0.4162071067811869400, -0.2229325035256026500, -0.3959999999999999600 ) ) ;
#998 = CIRCLE ( 'NONE', #945, 0.009999999999999962000 ) ;
#999 = EDGE_CURVE ( 'NONE', #182, #1953, #75, .T. ) ;
#1000 = LINE ( 'NONE', #1807, #444 ) ;
#1001 = LINE ( 'NONE', #2772, #1313 ) ;
#1002 = LINE ( 'NONE', #2732, #290 ) ;
#1003 = LINE ( 'NONE', #21, #3861 ) ;
#1004 = DIRECTION ( 'NONE',  ( -0.7071067811865487900, 0.7071067811865462400, 0.0000000000000000000 ) ) ;
#1005 = VECTOR ( 'NONE', #3873, 39.37007874015748900 ) ;
#1006 = CARTESIAN_POINT ( 'NONE',  ( -0.03300000000000018200, 0.0000000000000000000, -0.1029999999999999900 ) ) ;
#1007 = EDGE_CURVE ( 'NONE', #820, #273, #2989, .T. ) ;
#1008 = DIRECTION ( 'NONE',  ( 0.0000000000000000000, 1.000000000000000000, -0.0000000000000000000 ) ) ;
#1009 = LINE ( 'NONE', #559, #729 ) ;
#1010 = CIRCLE ( 'NONE', #175, 0.01000000000000003000 ) ;
#1011 = DIRECTION ( 'NONE',  ( -0.0000000000000000000, -0.0000000000000000000, -1.000000000000000000 ) ) ;
#1012 = ORIENTED_EDGE ( 'NONE', *, *, #1320, .T. ) ;
#1013 = PLANE ( 'NONE',  #32 ) ;
#1014 = VERTEX_POINT ( 'NONE', #3216 ) ;
#1015 = AXIS2_PLACEMENT_3D ( 'NONE', #137, #2242, #461 ) ;
#1016 = ORIENTED_EDGE ( 'NONE', *, *, #987, .T. ) ;
#1017 = VERTEX_POINT ( 'NONE', #3518 ) ;
#1018 = DIRECTION ( 'NONE',  ( 0.7596915262653136700, 0.0000000000000000000, 0.6502836188315666000 ) ) ;
#1019 = CARTESIAN_POINT ( 'NONE',  ( -0.2804999999999995300, -0.1004639508397213000, -0.3753542719622768900 ) ) ;
#1020 = ORIENTED_EDGE ( 'NONE', *, *, #3231, .F. ) ;
#1021 = EDGE_CURVE ( 'NONE', #2790, #781, #119, .T. ) ;
#1022 = CARTESIAN_POINT ( 'NONE',  ( -0.2179999999999995000, -0.1013284962632952600, -0.2562869055315189500 ) ) ;
#1023 = EDGE_LOOP ( 'NONE', ( #435, #423, #1243, #2583 ) ) ;
#1024 = VERTEX_POINT ( 'NONE', #2020 ) ;
#1025 = VECTOR ( 'NONE', #47, 39.37007874015748100 ) ;
#1026 = EDGE_CURVE ( 'NONE', #3047, #2840, #3090, .T. ) ;
#1027 = LINE ( 'NONE', #3640, #1025 ) ;
#1028 = AXIS2_PLACEMENT_3D ( 'NONE', #87, #2235, #451 ) ;
#1029 = CARTESIAN_POINT ( 'NONE',  ( 0.2804999999999999700, 0.009135454576426085100, -0.5969326335692420900 ) ) ;
#1030 = DIRECTION ( 'NONE',  ( 0.0000000000000000000, 0.0000000000000000000, -1.000000000000000000 ) ) ;
#1031 = ORIENTED_EDGE ( 'NONE', *, *, #706, .T. ) ;
#1032 = DIRECTION ( 'NONE',  ( -1.589164445232891900E-016, 0.0000000000000000000, -1.000000000000000000 ) ) ;
#1033 = DIRECTION ( 'NONE',  ( -1.213184216936838900E-031, 1.000000000000000000, -1.110223024625154200E-016 ) ) ;
#1034 = VERTEX_POINT ( 'NONE', #1125 ) ;
#1035 = CARTESIAN_POINT ( 'NONE',  ( 0.4098933982822023400, -0.1756066017177982100, -0.4269999999999999900 ) ) ;
#1036 = DIRECTION ( 'NONE',  ( -1.000000000000000000, -2.845674993400267000E-016, 2.201087457280790200E-016 ) ) ;
#1037 = AXIS2_PLACEMENT_3D ( 'NONE', #2247, #462, #2546 ) ;
#1038 = EDGE_LOOP ( 'NONE', ( #1599, #3116, #1284, #2457, #306 ) ) ;
#1039 = DIRECTION ( 'NONE',  ( 0.0000000000000000000, 0.0000000000000000000, 1.000000000000000000 ) ) ;
#1040 = AXIS2_PLACEMENT_3D ( 'NONE', #2136, #344, #2438 ) ;
#1041 = DIRECTION ( 'NONE',  ( 1.213184216936838900E-031, -1.000000000000000000, 1.110223024625154100E-016 ) ) ;
#1042 = CARTESIAN_POINT ( 'NONE',  ( -0.4367132034355968300, -0.2024264068711927300, -0.3649999999999999400 ) ) ;
#1043 = DIRECTION ( 'NONE',  ( -0.0000000000000000000, -1.000000000000000000, -0.0000000000000000000 ) ) ;
#1044 = CYLINDRICAL_SURFACE ( 'NONE', #2620, 0.2809999999999998100 ) ;
#1045 = EDGE_CURVE ( 'NONE', #2926, #1933, #178, .T. ) ;
#1046 = VECTOR ( 'NONE', #2044, 39.37007874015748100 ) ;
#1047 = ORIENTED_EDGE ( 'NONE', *, *, #3386, .F. ) ;
#1048 = ORIENTED_EDGE ( 'NONE', *, *, #712, .T. ) ;
#1049 = FACE_OUTER_BOUND ( 'NONE', #2749, .T. ) ;
#1050 = CARTESIAN_POINT ( 'NONE',  ( 0.4084289321881350300, -0.1741421356237308800, -0.3649999999999999400 ) ) ;
#1051 = ORIENTED_EDGE ( 'NONE', *, *, #111, .F. ) ;
#1052 =( NAMED_UNIT ( * ) PLANE_ANGLE_UNIT ( ) SI_UNIT ( $, .RADIAN. ) );
#1053 = VECTOR ( 'NONE', #1190, 39.37007874015748100 ) ;
#1054 = DIRECTION ( 'NONE',  ( 0.0000000000000000000, 0.0000000000000000000, -1.000000000000000000 ) ) ;
#1055 = EDGE_CURVE ( 'NONE', #3742, #690, #3788, .T. ) ;
#1056 = CARTESIAN_POINT ( 'NONE',  ( 0.1554999999999995600, -0.1004639508397212500, -0.3753542719622771600 ) ) ;
#1057 = DIRECTION ( 'NONE',  ( 0.0000000000000000000, 0.0000000000000000000, -1.000000000000000000 ) ) ;
#1058 = VERTEX_POINT ( 'NONE', #3840 ) ;
#1059 = ORIENTED_EDGE ( 'NONE', *, *, #1337, .F. ) ;
#1060 = ORIENTED_EDGE ( 'NONE', *, *, #3715, .T. ) ;
#1061 = EDGE_LOOP ( 'NONE', ( #977, #2642, #2307, #1326 ) ) ;
#1062 = DIRECTION ( 'NONE',  ( 0.7071067811865486800, 0.7071067811865463500, 0.0000000000000000000 ) ) ;
#1063 =( NAMED_UNIT ( * ) SI_UNIT ( $, .STERADIAN. ) SOLID_ANGLE_UNIT ( ) );
#1064 = CARTESIAN_POINT ( 'NONE',  ( -0.2804999999999999700, 2.777856705840868500E-017, -0.6009999999999999800 ) ) ;
#1065 = ORIENTED_EDGE ( 'NONE', *, *, #3689, .T. ) ;
#1066 = FACE_OUTER_BOUND ( 'NONE', #546, .T. ) ;
#1067 = DIRECTION ( 'NONE',  ( 0.0000000000000000000, 0.0000000000000000000, -1.000000000000000000 ) ) ;
#1068 = EDGE_CURVE ( 'NONE', #3453, #273, #3700, .T. ) ;
#1069 = ORIENTED_EDGE ( 'NONE', *, *, #2142, .F. ) ;
#1070 = LINE ( 'NONE', #1102, #1163 ) ;
#1071 = DIRECTION ( 'NONE',  ( 1.213184216936838900E-031, 1.000000000000000000, -1.110223024625154100E-016 ) ) ;
#1072 = ORIENTED_EDGE ( 'NONE', *, *, #3708, .F. ) ;
#1073 = EDGE_CURVE ( 'NONE', #3460, #3452, #227, .T. ) ;
#1074 = CARTESIAN_POINT ( 'NONE',  ( 0.3954999999999999600, 0.01000000000000000000, -0.6407616904687152300 ) ) ;
#1075 = FACE_OUTER_BOUND ( 'NONE', #2420, .T. ) ;
#1076 = VERTEX_POINT ( 'NONE', #850 ) ;
#1077 = PLANE ( 'NONE',  #3014 ) ;
#1078 = DIRECTION ( 'NONE',  ( 6.504399984914888800E-016, 0.0000000000000000000, 1.000000000000000000 ) ) ;
#1079 = MECHANICAL_DESIGN_GEOMETRIC_PRESENTATION_REPRESENTATION (  '', ( #691 ), #1276 ) ;
#1080 = CARTESIAN_POINT ( 'NONE',  ( 0.4155000000000005400, -0.1459999999999999600, -0.3649999999999999900 ) ) ;
#1081 = VECTOR ( 'NONE', #3074, 39.37007874015748100 ) ;
#1082 = CIRCLE ( 'NONE', #3736, 0.03099999999999999600 ) ;
#1083 = VECTOR ( 'NONE', #97, 39.37007874015748100 ) ;
#1084 = DIRECTION ( 'NONE',  ( -0.0000000000000000000, -0.0000000000000000000, 1.000000000000000000 ) ) ;
#1085 = ADVANCED_FACE ( 'NONE', ( #2381 ), #3089, .F. ) ;
#1086 = DIRECTION ( 'NONE',  ( 0.0000000000000000000, 0.0000000000000000000, -1.000000000000000000 ) ) ;
#1087 = EDGE_CURVE ( 'NONE', #2571, #3453, #516, .T. ) ;
#1088 = PLANE ( 'NONE',  #3236 ) ;
#1089 = VECTOR ( 'NONE', #3782, 39.37007874015748100 ) ;
#1090 = EDGE_CURVE ( 'NONE', #2276, #120, #2282, .T. ) ;
#1091 = ORIENTED_EDGE ( 'NONE', *, *, #3504, .F. ) ;
#1092 = ORIENTED_EDGE ( 'NONE', *, *, #270, .F. ) ;
#1093 = ORIENTED_EDGE ( 'NONE', *, *, #3200, .F. ) ;
#1094 = DIRECTION ( 'NONE',  ( -1.000000000000000000, -3.274475334871550500E-015, 0.0000000000000000000 ) ) ;
#1095 = EDGE_CURVE ( 'NONE', #3682, #3075, #3552, .T. ) ;
#1096 = VERTEX_POINT ( 'NONE', #1156 ) ;
#1097 = VERTEX_POINT ( 'NONE', #1454 ) ;
#1098 = EDGE_LOOP ( 'NONE', ( #3369, #341, #2086, #3870 ) ) ;
#1099 = AXIS2_PLACEMENT_3D ( 'NONE', #2709, #3625, #1827 ) ;
#1100 = EDGE_LOOP ( 'NONE', ( #3164, #15, #2729, #2284 ) ) ;
#1101 = ADVANCED_FACE ( 'NONE', ( #1066 ), #172, .T. ) ;
#1102 = CARTESIAN_POINT ( 'NONE',  ( -0.2804999999999995300, -0.1013284962632952600, -0.3712869055315190000 ) ) ;
#1103 = EDGE_LOOP ( 'NONE', ( #3277, #1146, #550, #620 ) ) ;
#1104 = VERTEX_POINT ( 'NONE', #2062 ) ;
#1105 = AXIS2_PLACEMENT_3D ( 'NONE', #570, #3263, #1456 ) ;
#1106 = FACE_BOUND ( 'NONE', #1149, .T. ) ;
#1107 = DIRECTION ( 'NONE',  ( 0.0000000000000000000, 0.0000000000000000000, -1.000000000000000000 ) ) ;
#1108 = ORIENTED_EDGE ( 'NONE', *, *, #1719, .T. ) ;
#1109 = CIRCLE ( 'NONE', #384, 0.01999999999999998300 ) ;
#1110 = FACE_OUTER_BOUND ( 'NONE', #1636, .T. ) ;
#1111 = CARTESIAN_POINT ( 'NONE',  ( 0.4205000000000006500, -0.1649999999999998700, -0.4269999999999999900 ) ) ;
#1112 = VERTEX_POINT ( 'NONE', #2367 ) ;
#1113 = AXIS2_PLACEMENT_3D ( 'NONE', #3350, #366, #3554 ) ;
#1114 = VECTOR ( 'NONE', #587, 39.37007874015748100 ) ;
#1115 = CARTESIAN_POINT ( 'NONE',  ( -0.2805000000000000300, 0.0000000000000000000, -0.4390242689855161600 ) ) ;
#1116 = ORIENTED_EDGE ( 'NONE', *, *, #2570, .T. ) ;
#1117 = DIRECTION ( 'NONE',  ( -0.0000000000000000000, -1.000000000000000000, -0.0000000000000000000 ) ) ;
#1118 = EDGE_CURVE ( 'NONE', #3374, #3261, #2647, .T. ) ;
#1119 = CARTESIAN_POINT ( 'NONE',  ( -0.4155000000000005900, -0.1649999999999999800, -0.3649999999999999400 ) ) ;
#1120 = CARTESIAN_POINT ( 'NONE',  ( -0.3954999999999999600, 0.01000000000000000000, -0.6407616904687152300 ) ) ;
#1121 = ADVANCED_FACE ( 'NONE', ( #1906 ), #315, .T. ) ;
#1122 = CARTESIAN_POINT ( 'NONE',  ( 0.4162071067811869400, -0.2229325035256027000, -0.3959999999999999600 ) ) ;
#1123 = LINE ( 'NONE', #1662, #3677 ) ;
#1124 = AXIS2_PLACEMENT_3D ( 'NONE', #561, #855, #2948 ) ;
#1125 = CARTESIAN_POINT ( 'NONE',  ( -0.2804999999999999700, 0.009135454576426060800, -0.5969326335692420900 ) ) ;
#1126 = VECTOR ( 'NONE', #1642, 39.37007874015748100 ) ;
#1127 = VECTOR ( 'NONE', #3222, 39.37007874015748100 ) ;
#1128 = CARTESIAN_POINT ( 'NONE',  ( -0.1489999999999999900, -9.569881030583148900E-032, 0.009999999999999995000 ) ) ;
#1129 = EDGE_LOOP ( 'NONE', ( #3583, #1484, #2557, #305, #3023 ) ) ;
#1130 = DIRECTION ( 'NONE',  ( -0.0000000000000000000, -2.134256245050228400E-016, 1.000000000000000000 ) ) ;
#1131 = ORIENTED_EDGE ( 'NONE', *, *, #2659, .T. ) ;
#1132 = VECTOR ( 'NONE', #2144, 39.37007874015748100 ) ;
#1133 = DIRECTION ( 'NONE',  ( 4.216446464779314800E-016, 0.0000000000000000000, 1.000000000000000000 ) ) ;
#1134 = EDGE_CURVE ( 'NONE', #64, #3308, #611, .T. ) ;
#1135 = VERTEX_POINT ( 'NONE', #3569 ) ;
#1136 = DIRECTION ( 'NONE',  ( -0.7071067811865486800, 0.7071067811865463500, 0.0000000000000000000 ) ) ;
#1137 = CARTESIAN_POINT ( 'NONE',  ( -0.4055000000000004700, -0.1650000000000000100, -0.4269999999999999900 ) ) ;
#1138 = ADVANCED_FACE ( 'NONE', ( #2090 ), #3879, .T. ) ;
#1139 = ORIENTED_EDGE ( 'NONE', *, *, #477, .F. ) ;
#1140 = EDGE_CURVE ( 'NONE', #934, #3462, #2329, .T. ) ;
#1141 = EDGE_LOOP ( 'NONE', ( #3303, #3269, #1191, #106 ) ) ;
#1142 = ORIENTED_EDGE ( 'NONE', *, *, #1822, .F. ) ;
#1143 = DIRECTION ( 'NONE',  ( 0.0000000000000000000, 0.0000000000000000000, 1.000000000000000000 ) ) ;
#1144 = VERTEX_POINT ( 'NONE', #3285 ) ;
#1145 = CARTESIAN_POINT ( 'NONE',  ( 0.1489999999999999900, -0.009999999999999939500, 0.009999999999999965500 ) ) ;
#1146 = ORIENTED_EDGE ( 'NONE', *, *, #2664, .F. ) ;
#1147 = VERTEX_POINT ( 'NONE', #1478 ) ;
#1148 = DIRECTION ( 'NONE',  ( 0.7071067811865489100, 0.7071067811865461300, -0.0000000000000000000 ) ) ;
#1149 = EDGE_LOOP ( 'NONE', ( #562, #3070, #2927, #3221 ) ) ;
#1150 = ORIENTED_EDGE ( 'NONE', *, *, #3557, .T. ) ;
#1151 = CARTESIAN_POINT ( 'NONE',  ( -0.4055000000000004200, -0.1459999999999999900, -0.4269999999999999400 ) ) ;
#1152 = PLANE ( 'NONE',  #969 ) ;
#1153 = DIRECTION ( 'NONE',  ( -3.274475334871550500E-015, -1.000000000000000000, -3.594536833768763300E-015 ) ) ;
#1154 = ORIENTED_EDGE ( 'NONE', *, *, #3156, .F. ) ;
#1155 = VECTOR ( 'NONE', #2485, 39.37007874015748100 ) ;
#1156 = CARTESIAN_POINT ( 'NONE',  ( -0.0004999999999999471000, 0.0000000000000000000, -0.1575000000000000000 ) ) ;
#1157 = STYLED_ITEM ( 'NONE', ( #1399 ), #131 ) ;
#1158 = VECTOR ( 'NONE', #1417, 39.37007874015748100 ) ;
#1159 = CARTESIAN_POINT ( 'NONE',  ( 0.008000000000000000200, 0.01000000000000000000, -0.04000000000000004900 ) ) ;
#1160 = EDGE_CURVE ( 'NONE', #1246, #2143, #1812, .T. ) ;
#1161 = ADVANCED_FACE ( 'NONE', ( #1862 ), #2391, .T. ) ;
#1162 = CARTESIAN_POINT ( 'NONE',  ( -0.007999999999999998400, 0.0000000000000000000, -0.06199999999999981200 ) ) ;
#1163 = VECTOR ( 'NONE', #2904, 39.37007874015748100 ) ;
#1164 = LINE ( 'NONE', #2371, #518 ) ;
#1165 = DIRECTION ( 'NONE',  ( 1.213184216936838900E-031, 1.000000000000000000, -1.110223024625154200E-016 ) ) ;
#1166 = AXIS2_PLACEMENT_3D ( 'NONE', #1448, #3548, #1745 ) ;
#1167 = CARTESIAN_POINT ( 'NONE',  ( -0.008000000000000000200, 0.0000000000000000000, -0.1280000000000001700 ) ) ;
#1168 = CARTESIAN_POINT ( 'NONE',  ( -0.4367132034355968900, -0.2024264068711928200, -0.3649999999999999400 ) ) ;
#1169 = DIRECTION ( 'NONE',  ( -1.935519833567797400E-015, 0.4067366430757947700, -0.9135454576426033100 ) ) ;
#1170 = ORIENTED_EDGE ( 'NONE', *, *, #3758, .T. ) ;
#1171 = EDGE_CURVE ( 'NONE', #1309, #508, #3656, .T. ) ;
#1172 = CYLINDRICAL_SURFACE ( 'NONE', #1982, 0.1212383095312846900 ) ;
#1173 = CARTESIAN_POINT ( 'NONE',  ( 0.3955000000000000700, -0.01000000000000006800, -0.2109999999999999400 ) ) ;
#1174 = AXIS2_PLACEMENT_3D ( 'NONE', #1596, #3707, #1903 ) ;
#1175 = LINE ( 'NONE', #116, #1601 ) ;
#1176 = CARTESIAN_POINT ( 'NONE',  ( 0.1489999999999999900, 8.480111480332786900E-017, 0.009999999999999929100 ) ) ;
#1177 = CARTESIAN_POINT ( 'NONE',  ( -0.4155000000000004800, -0.1459999999999999600, -0.2109999999999998000 ) ) ;
#1178 = CARTESIAN_POINT ( 'NONE',  ( -0.2742616904687152900, 0.0000000000000000000, -0.6407616904687152300 ) ) ;
#1179 = ADVANCED_FACE ( 'NONE', ( #3182 ), #3601, .F. ) ;
#1180 = AXIS2_PLACEMENT_3D ( 'NONE', #1912, #110, #2207 ) ;
#1181 = VECTOR ( 'NONE', #2490, 39.37007874015748100 ) ;
#1182 = FACE_OUTER_BOUND ( 'NONE', #2369, .T. ) ;
#1183 = LINE ( 'NONE', #2105, #768 ) ;
#1184 = ORIENTED_EDGE ( 'NONE', *, *, #1186, .T. ) ;
#1185 = CARTESIAN_POINT ( 'NONE',  ( 0.1554999999999995600, -0.1004639508397212500, -0.3753542719622771600 ) ) ;
#1186 = EDGE_CURVE ( 'NONE', #1799, #1802, #122, .T. ) ;
#1187 = ORIENTED_EDGE ( 'NONE', *, *, #3113, .F. ) ;
#1188 = DIRECTION ( 'NONE',  ( -1.067128122525103100E-016, 0.0000000000000000000, -1.000000000000000000 ) ) ;
#1189 = DIRECTION ( 'NONE',  ( 0.0000000000000000000, 0.0000000000000000000, -1.000000000000000000 ) ) ;
#1190 = DIRECTION ( 'NONE',  ( -0.0000000000000000000, -1.000000000000000000, -0.0000000000000000000 ) ) ;
#1191 = ORIENTED_EDGE ( 'NONE', *, *, #3415, .F. ) ;
#1192 = CARTESIAN_POINT ( 'NONE',  ( -0.008000000000000000200, 0.0000000000000000000, -0.04000000000000004900 ) ) ;
#1193 = ORIENTED_EDGE ( 'NONE', *, *, #582, .T. ) ;
#1194 = EDGE_CURVE ( 'NONE', #1426, #3207, #30, .T. ) ;
#1195 = ORIENTED_EDGE ( 'NONE', *, *, #1537, .T. ) ;
#1196 = ORIENTED_EDGE ( 'NONE', *, *, #1007, .T. ) ;
#1197 = ADVANCED_FACE ( 'NONE', ( #280 ), #473, .F. ) ;
#1198 = VECTOR ( 'NONE', #1354, 39.37007874015748100 ) ;
#1199 = CARTESIAN_POINT ( 'NONE',  ( -0.4162071067811870000, -0.2229325035256026500, -0.4269999999999999900 ) ) ;
#1200 = ORIENTED_EDGE ( 'NONE', *, *, #1285, .F. ) ;
#1201 = FACE_OUTER_BOUND ( 'NONE', #500, .T. ) ;
#1202 = AXIS2_PLACEMENT_3D ( 'NONE', #1321, #1033, #3125 ) ;
#1203 = DIRECTION ( 'NONE',  ( -2.222285364672696300E-016, -0.9135454576426033100, -0.4067366430757946600 ) ) ;
#1204 = DIRECTION ( 'NONE',  ( 0.0000000000000000000, 0.0000000000000000000, 1.000000000000000000 ) ) ;
#1205 = LINE ( 'NONE', #1571, #744 ) ;
#1206 = DIRECTION ( 'NONE',  ( -3.274475334871550500E-015, -1.000000000000000000, 0.0000000000000000000 ) ) ;
#1207 = VECTOR ( 'NONE', #2157, 39.37007874015748900 ) ;
#1208 = DIRECTION ( 'NONE',  ( -1.213184216936838900E-031, 1.000000000000000000, -1.110223024625154100E-016 ) ) ;
#1209 = EDGE_LOOP ( 'NONE', ( #3405, #1303, #1559, #1700 ) ) ;
#1210 = EDGE_CURVE ( 'NONE', #492, #351, #2694, .T. ) ;
#1211 = DIRECTION ( 'NONE',  ( -1.000000000000000000, -0.0000000000000000000, 1.092739197465705300E-015 ) ) ;
#1212 = DIRECTION ( 'NONE',  ( 0.0000000000000000000, -1.000000000000000000, 0.0000000000000000000 ) ) ;
#1213 = EDGE_CURVE ( 'NONE', #2832, #176, #3315, .T. ) ;
#1214 = AXIS2_PLACEMENT_3D ( 'NONE', #144, #2250, #465 ) ;
#1215 = DIRECTION ( 'NONE',  ( 0.0000000000000000000, 0.0000000000000000000, 1.000000000000000000 ) ) ;
#1216 = DIRECTION ( 'NONE',  ( -2.108223232389658400E-016, -0.0000000000000000000, 1.000000000000000000 ) ) ;
#1217 = CARTESIAN_POINT ( 'NONE',  ( 0.1555000000000000300, 0.01000000000000006400, -0.6010000000000002000 ) ) ;
#1218 = CIRCLE ( 'NONE', #762, 0.1205000000000000500 ) ;
#1219 = LINE ( 'NONE', #1733, #1046 ) ;
#1220 = VECTOR ( 'NONE', #304, 39.37007874015748100 ) ;
#1221 = AXIS2_PLACEMENT_3D ( 'NONE', #447, #1324, #3143 ) ;
#1222 = CARTESIAN_POINT ( 'NONE',  ( -0.4055000000000004700, -0.1650000000000000100, -0.4269999999999999900 ) ) ;
#1223 = EDGE_LOOP ( 'NONE', ( #13, #2795, #2713, #1945 ) ) ;
#1224 = ADVANCED_FACE ( 'NONE', ( #610 ), #2326, .F. ) ;
#1225 = VECTOR ( 'NONE', #3527, 39.37007874015748100 ) ;
#1226 = VERTEX_POINT ( 'NONE', #1217 ) ;
#1227 = CIRCLE ( 'NONE', #672, 0.007500000000000005800 ) ;
#1228 = DIRECTION ( 'NONE',  ( -0.7071067811865487900, -0.7071067811865462400, -0.0000000000000000000 ) ) ;
#1229 = CARTESIAN_POINT ( 'NONE',  ( -0.4205000000000005400, -0.1649999999999998400, -0.4269999999999999900 ) ) ;
#1230 = CARTESIAN_POINT ( 'NONE',  ( -0.05500000000000000000, 0.01000000000000000000, -0.09550000000000000200 ) ) ;
#1231 = SURFACE_SIDE_STYLE ('',( #1360 ) ) ;
#1232 = AXIS2_PLACEMENT_3D ( 'NONE', #333, #2700, #2424 ) ;
#1233 = ORIENTED_EDGE ( 'NONE', *, *, #2570, .F. ) ;
#1234 = LINE ( 'NONE', #1353, #239 ) ;
#1235 = ORIENTED_EDGE ( 'NONE', *, *, #1289, .T. ) ;
#1236 = DIRECTION ( 'NONE',  ( 3.274475334871550500E-015, -1.000000000000000000, 0.0000000000000000000 ) ) ;
#1237 = EDGE_CURVE ( 'NONE', #2678, #1144, #2474, .T. ) ;
#1238 = FACE_OUTER_BOUND ( 'NONE', #2605, .T. ) ;
#1239 = ORIENTED_EDGE ( 'NONE', *, *, #2380, .T. ) ;
#1240 = VERTEX_POINT ( 'NONE', #938 ) ;
#1241 = DIRECTION ( 'NONE',  ( -0.0000000000000000000, 2.134256245050228400E-016, -1.000000000000000000 ) ) ;
#1242 = AXIS2_PLACEMENT_3D ( 'NONE', #1029, #742, #2828 ) ;
#1243 = ORIENTED_EDGE ( 'NONE', *, *, #2393, .T. ) ;
#1244 = CARTESIAN_POINT ( 'NONE',  ( -0.1554999999999995600, -0.1004639508397213000, -0.3753542719622770500 ) ) ;
#1245 = DIRECTION ( 'NONE',  ( 0.0000000000000000000, 1.000000000000000000, -0.0000000000000000000 ) ) ;
#1246 = VERTEX_POINT ( 'NONE', #25 ) ;
#1247 = DIRECTION ( 'NONE',  ( -0.0000000000000000000, -1.000000000000000000, 0.0000000000000000000 ) ) ;
#1248 = ORIENTED_EDGE ( 'NONE', *, *, #2696, .F. ) ;
#1249 = EDGE_CURVE ( 'NONE', #154, #3134, #1577, .T. ) ;
#1250 = DIRECTION ( 'NONE',  ( -1.000000000000000000, 0.0000000000000000000, -0.0000000000000000000 ) ) ;
#1251 = ADVANCED_FACE ( 'NONE', ( #515 ), #948, .F. ) ;
#1252 = ORIENTED_EDGE ( 'NONE', *, *, #1742, .F. ) ;
#1253 = VECTOR ( 'NONE', #1352, 39.37007874015748100 ) ;
#1254 = CIRCLE ( 'NONE', #1894, 0.007500000000000005800 ) ;
#1255 = AXIS2_PLACEMENT_3D ( 'NONE', #1462, #1165, #2652 ) ;
#1256 = DIRECTION ( 'NONE',  ( 0.7071067811865459100, -0.7071067811865492400, 0.0000000000000000000 ) ) ;
#1257 = ORIENTED_EDGE ( 'NONE', *, *, #1213, .F. ) ;
#1258 = CARTESIAN_POINT ( 'NONE',  ( -0.4055000000000004700, -0.1649999999999999500, -0.3649999999999999400 ) ) ;
#1259 = DIRECTION ( 'NONE',  ( -0.7071067811865486800, 0.7071067811865463500, 0.0000000000000000000 ) ) ;
#1260 = CARTESIAN_POINT ( 'NONE',  ( 0.03300000000000018200, 0.01000000000000000000, -0.1029999999999999900 ) ) ;
#1261 = CARTESIAN_POINT ( 'NONE',  ( -0.4155000000000004800, -0.1459999999999999600, -0.4269999999999999400 ) ) ;
#1262 = EDGE_CURVE ( 'NONE', #2832, #3025, #1481, .T. ) ;
#1263 = ADVANCED_FACE ( 'NONE', ( #2421 ), #1835, .F. ) ;
#1264 = VECTOR ( 'NONE', #3044, 39.37007874015748100 ) ;
#1265 = DIRECTION ( 'NONE',  ( 5.463695987328529400E-016, 0.0000000000000000000, 1.000000000000000000 ) ) ;
#1266 = CARTESIAN_POINT ( 'NONE',  ( -0.03300000000000000200, 0.01000000000000000000, -0.06199999999999997900 ) ) ;
#1267 = EDGE_CURVE ( 'NONE', #3169, #820, #937, .T. ) ;
#1268 = DIRECTION ( 'NONE',  ( 1.000000000000000000, 0.0000000000000000000, -0.0000000000000000000 ) ) ;
#1269 = FACE_OUTER_BOUND ( 'NONE', #3896, .T. ) ;
#1270 = DIRECTION ( 'NONE',  ( 1.000000000000000000, 3.274475334871550500E-015, -1.589164445232891900E-016 ) ) ;
#1271 = VERTEX_POINT ( 'NONE', #3052 ) ;
#1272 = VECTOR ( 'NONE', #3235, 39.37007874015748100 ) ;
#1273 = DIRECTION ( 'NONE',  ( 1.000000000000000000, -0.0000000000000000000, 5.463695987328529400E-016 ) ) ;
#1274 = DIRECTION ( 'NONE',  ( 1.213184216936838900E-031, 1.000000000000000000, -1.110223024625154100E-016 ) ) ;
#1275 = ORIENTED_EDGE ( 'NONE', *, *, #3585, .T. ) ;
#1276 =( GEOMETRIC_REPRESENTATION_CONTEXT ( 3 ) GLOBAL_UNCERTAINTY_ASSIGNED_CONTEXT ( ( #1522 ) ) GLOBAL_UNIT_ASSIGNED_CONTEXT ( ( #3643, #1833, #36 ) ) REPRESENTATION_CONTEXT ( 'NONE', 'WORKASPACE' ) );
#1277 = ORIENTED_EDGE ( 'NONE', *, *, #1118, .T. ) ;
#1278 = DIRECTION ( 'NONE',  ( 0.0000000000000000000, 1.000000000000000000, 0.0000000000000000000 ) ) ;
#1279 = LINE ( 'NONE', #716, #1316 ) ;
#1280 = CARTESIAN_POINT ( 'NONE',  ( -0.2805000000000000300, 0.01000000000000000000, -0.6009999999999999800 ) ) ;
#1281 = CARTESIAN_POINT ( 'NONE',  ( -0.03300000000000018200, 0.0000000000000000000, -0.08699999999999999400 ) ) ;
#1282 = VERTEX_POINT ( 'NONE', #2742 ) ;
#1283 = ORIENTED_EDGE ( 'NONE', *, *, #2325, .T. ) ;
#1284 = ORIENTED_EDGE ( 'NONE', *, *, #480, .F. ) ;
#1285 = EDGE_CURVE ( 'NONE', #781, #120, #376, .T. ) ;
#1286 = ADVANCED_FACE ( 'NONE', ( #2801 ), #966, .F. ) ;
#1287 = ORIENTED_EDGE ( 'NONE', *, *, #2293, .T. ) ;
#1288 = ORIENTED_EDGE ( 'NONE', *, *, #1697, .T. ) ;
#1289 = EDGE_CURVE ( 'NONE', #3141, #1511, #664, .T. ) ;
#1290 = AXIS2_PLACEMENT_3D ( 'NONE', #2398, #3003, #1206 ) ;
#1291 = EDGE_LOOP ( 'NONE', ( #609, #3162, #2629, #3226 ) ) ;
#1292 = PLANE ( 'NONE',  #3654 ) ;
#1293 = VECTOR ( 'NONE', #2085, 39.37007874015748100 ) ;
#1294 = DIRECTION ( 'NONE',  ( 1.589164445232891600E-016, -0.0000000000000000000, 1.000000000000000000 ) ) ;
#1295 = CARTESIAN_POINT ( 'NONE',  ( 0.2742616904687152900, 0.0000000000000000000, -0.6407616904687152300 ) ) ;
#1296 = ORIENTED_EDGE ( 'NONE', *, *, #979, .F. ) ;
#1297 = EDGE_CURVE ( 'NONE', #2400, #3141, #1109, .T. ) ;
#1298 = VECTOR ( 'NONE', #1826, 39.37007874015748100 ) ;
#1299 = CIRCLE ( 'NONE', #1575, 0.007499999999999997100 ) ;
#1300 = DIRECTION ( 'NONE',  ( -0.0000000000000000000, 1.000000000000000000, -0.0000000000000000000 ) ) ;
#1301 = VECTOR ( 'NONE', #1829, 39.37007874015748100 ) ;
#1302 = CARTESIAN_POINT ( 'NONE',  ( 0.4155000000000005400, -0.1459999999999999100, -0.2109999999999998000 ) ) ;
#1303 = ORIENTED_EDGE ( 'NONE', *, *, #1663, .F. ) ;
#1304 = AXIS2_PLACEMENT_3D ( 'NONE', #2444, #670, #2745 ) ;
#1305 = VECTOR ( 'NONE', #870, 39.37007874015748100 ) ;
#1306 = ORIENTED_EDGE ( 'NONE', *, *, #2426, .T. ) ;
#1307 = DIRECTION ( 'NONE',  ( -6.504399984914914400E-016, 0.0000000000000000000, -1.000000000000000000 ) ) ;
#1308 = CARTESIAN_POINT ( 'NONE',  ( -0.008000000000000000200, 0.0000000000000000000, -0.1280000000000001700 ) ) ;
#1309 = VERTEX_POINT ( 'NONE', #3370 ) ;
#1310 = CARTESIAN_POINT ( 'NONE',  ( -0.03300000000000018200, 0.01000000000000000000, -0.08699999999999999400 ) ) ;
#1311 = DIRECTION ( 'NONE',  ( -1.000000000000000000, -1.935317679399240400E-031, -6.504399984914888800E-016 ) ) ;
#1312 = VECTOR ( 'NONE', #2613, 39.37007874015748100 ) ;
#1313 = VECTOR ( 'NONE', #3106, 39.37007874015748100 ) ;
#1314 = CYLINDRICAL_SURFACE ( 'NONE', #121, 0.01999999999999998300 ) ;
#1315 = VECTOR ( 'NONE', #3692, 39.37007874015748100 ) ;
#1316 = VECTOR ( 'NONE', #2814, 39.37007874015748100 ) ;
#1317 = CARTESIAN_POINT ( 'NONE',  ( 0.4154999999999999800, -0.009999999999999923900, -0.5819999999999999600 ) ) ;
#1318 = FACE_OUTER_BOUND ( 'NONE', #875, .T. ) ;
#1319 = PLANE ( 'NONE',  #1580 ) ;
#1320 = EDGE_CURVE ( 'NONE', #3424, #690, #3511, .T. ) ;
#1321 = CARTESIAN_POINT ( 'NONE',  ( -0.2179999999999995000, -0.1013284962632952600, -0.3187869055315189500 ) ) ;
#1322 = ORIENTED_EDGE ( 'NONE', *, *, #1073, .T. ) ;
#1323 = EDGE_LOOP ( 'NONE', ( #2693, #39, #1296, #2844 ) ) ;
#1324 = DIRECTION ( 'NONE',  ( -0.0000000000000000000, -1.000000000000000000, -0.0000000000000000000 ) ) ;
#1325 = VECTOR ( 'NONE', #3874, 39.37007874015748100 ) ;
#1326 = ORIENTED_EDGE ( 'NONE', *, *, #3127, .T. ) ;
#1327 = ORIENTED_EDGE ( 'NONE', *, *, #1397, .T. ) ;
#1328 = ORIENTED_EDGE ( 'NONE', *, *, #979, .T. ) ;
#1329 = ORIENTED_EDGE ( 'NONE', *, *, #3435, .F. ) ;
#1331 = PLANE ( 'NONE',  #2319 ) ;
#1330 = DIRECTION ( 'NONE',  ( -0.0000000000000000000, -1.000000000000000000, -0.0000000000000000000 ) ) ;
#1332 = CARTESIAN_POINT ( 'NONE',  ( 0.2742616904687152900, 0.01000000000000000000, -0.6407616904687152300 ) ) ;
#1333 = ORIENTED_EDGE ( 'NONE', *, *, #2688, .F. ) ;
#1334 = VERTEX_POINT ( 'NONE', #1260 ) ;
#1335 = CARTESIAN_POINT ( 'NONE',  ( -0.2804999999999999700, 0.01000000000000003000, -0.6010000000000000900 ) ) ;
#1336 = DIRECTION ( 'NONE',  ( 1.000000000000000000, 3.491481338843133000E-015, 0.0000000000000000000 ) ) ;
#1337 = EDGE_CURVE ( 'NONE', #3029, #787, #1477, .T. ) ;
#1338 = ORIENTED_EDGE ( 'NONE', *, *, #52, .T. ) ;
#1339 = ORIENTED_EDGE ( 'NONE', *, *, #3386, .T. ) ;
#1340 = VECTOR ( 'NONE', #906, 39.37007874015748100 ) ;
#1341 = CARTESIAN_POINT ( 'NONE',  ( 0.3955000000000000700, -0.009999999999999989800, -0.5819999999999999600 ) ) ;
#1342 = VERTEX_POINT ( 'NONE', #77 ) ;
#1343 = EDGE_CURVE ( 'NONE', #1608, #1240, #1205, .T. ) ;
#1344 = VECTOR ( 'NONE', #1071, 39.37007874015748100 ) ;
#1345 = AXIS2_PLACEMENT_3D ( 'NONE', #2980, #608, #2677 ) ;
#1346 = DIRECTION ( 'NONE',  ( -0.7071067811865462400, 0.7071067811865487900, 0.0000000000000000000 ) ) ;
#1347 = ORIENTED_EDGE ( 'NONE', *, *, #1045, .T. ) ;
#1348 = CARTESIAN_POINT ( 'NONE',  ( -0.1555000000000000300, 0.009135454576426060800, -0.5969326335692420900 ) ) ;
#1349 = VECTOR ( 'NONE', #70, 39.37007874015748100 ) ;
#1350 = PRODUCT_DEFINITION_CONTEXT ( 'detailed design', #166, 'design' ) ;
#1351 = ORIENTED_EDGE ( 'NONE', *, *, #1068, .T. ) ;
#1352 = DIRECTION ( 'NONE',  ( -1.000000000000000000, -6.445740337399952300E-017, 2.201087457280782100E-016 ) ) ;
#1353 = CARTESIAN_POINT ( 'NONE',  ( 0.2805000000000000300, 0.01000000000000000000, -0.4390242689855161600 ) ) ;
#1354 = DIRECTION ( 'NONE',  ( -1.935519833567797400E-015, 0.4067366430757947700, -0.9135454576426033100 ) ) ;
#1355 = PRESENTATION_LAYER_ASSIGNMENT (  '', '', ( #1157 ) ) ;
#1356 = DIRECTION ( 'NONE',  ( 0.0000000000000000000, 0.0000000000000000000, -1.000000000000000000 ) ) ;
#1357 = EDGE_CURVE ( 'NONE', #1458, #2433, #655, .T. ) ;
#1358 = DIRECTION ( 'NONE',  ( -0.7596915262653137800, 0.0000000000000000000, 0.6502836188315663800 ) ) ;
#1359 = DIRECTION ( 'NONE',  ( 1.000000000000000000, 0.0000000000000000000, 0.0000000000000000000 ) ) ;
#1360 = SURFACE_STYLE_FILL_AREA ( #3035 ) ;
#1361 = VERTEX_POINT ( 'NONE', #2782 ) ;
#1362 = CIRCLE ( 'NONE', #2390, 0.007500000000000005800 ) ;
#1363 = PLANE ( 'NONE',  #2615 ) ;
#1364 = FACE_OUTER_BOUND ( 'NONE', #1892, .T. ) ;
#1365 = CARTESIAN_POINT ( 'NONE',  ( -0.03300000000000000200, 0.0000000000000000000, -0.06199999999999997900 ) ) ;
#1366 = VERTEX_POINT ( 'NONE', #3092 ) ;
#1367 = LINE ( 'NONE', #211, #2394 ) ;
#1368 = EDGE_CURVE ( 'NONE', #1653, #3682, #1525, .T. ) ;
#1369 = EDGE_LOOP ( 'NONE', ( #2080, #2978, #1808, #363 ) ) ;
#1370 = LINE ( 'NONE', #2736, #2345 ) ;
#1371 = DIRECTION ( 'NONE',  ( 0.0000000000000000000, -1.000000000000000000, 3.491481338843133700E-015 ) ) ;
#1372 = ORIENTED_EDGE ( 'NONE', *, *, #3483, .F. ) ;
#1373 = AXIS2_PLACEMENT_3D ( 'NONE', #2191, #405, #2496 ) ;
#1374 = ORIENTED_EDGE ( 'NONE', *, *, #1337, .T. ) ;
#1375 = VERTEX_POINT ( 'NONE', #1886 ) ;
#1376 = VERTEX_POINT ( 'NONE', #1586 ) ;
#1377 = ADVANCED_FACE ( 'NONE', ( #1393 ), #3694, .T. ) ;
#1378 = EDGE_LOOP ( 'NONE', ( #392, #3120, #1713, #1092 ) ) ;
#1379 = ORIENTED_EDGE ( 'NONE', *, *, #728, .F. ) ;
#1380 = VERTEX_POINT ( 'NONE', #3396 ) ;
#1381 = CARTESIAN_POINT ( 'NONE',  ( -0.4437842712474622800, -0.2094974746830582100, -0.3649999999999999400 ) ) ;
#1382 = CARTESIAN_POINT ( 'NONE',  ( 0.2179999999999995000, -0.1013284962632952600, -0.3187869055315189500 ) ) ;
#1383 = DIRECTION ( 'NONE',  ( 0.7071067811865462400, 0.7071067811865487900, 0.0000000000000000000 ) ) ;
#1384 = ORIENTED_EDGE ( 'NONE', *, *, #382, .F. ) ;
#1385 = ORIENTED_EDGE ( 'NONE', *, *, #1691, .F. ) ;
#1386 = CARTESIAN_POINT ( 'NONE',  ( -0.4084289321881350300, -0.1741421356237308200, -0.3649999999999999400 ) ) ;
#1387 = CARTESIAN_POINT ( 'NONE',  ( -0.4155000000000004800, -0.1459999999999999600, -0.5819999999999999600 ) ) ;
#1388 = EDGE_LOOP ( 'NONE', ( #2738, #511, #3296, #1016 ) ) ;
#1389 = FACE_OUTER_BOUND ( 'NONE', #639, .T. ) ;
#1390 = EDGE_CURVE ( 'NONE', #2171, #1608, #940, .T. ) ;
#1391 = DIRECTION ( 'NONE',  ( -0.0000000000000000000, -1.000000000000000000, 0.0000000000000000000 ) ) ;
#1392 = ORIENTED_EDGE ( 'NONE', *, *, #3906, .F. ) ;
#1393 = FACE_OUTER_BOUND ( 'NONE', #2800, .T. ) ;
#1394 = FACE_OUTER_BOUND ( 'NONE', #3088, .T. ) ;
#1395 = FACE_OUTER_BOUND ( 'NONE', #365, .T. ) ;
#1396 = CARTESIAN_POINT ( 'NONE',  ( -0.1489999999999999900, 6.402768735150616900E-018, 3.373510629204864700E-017 ) ) ;
#1397 = EDGE_CURVE ( 'NONE', #3047, #832, #1299, .T. ) ;
#1398 = CARTESIAN_POINT ( 'NONE',  ( 0.2804999999999999700, 0.0000000000000000000, -0.6009999999999999800 ) ) ;
#1399 = PRESENTATION_STYLE_ASSIGNMENT (( #470 ) ) ;
#1400 = DIRECTION ( 'NONE',  ( 1.000000000000000000, -0.0000000000000000000, -0.0000000000000000000 ) ) ;
#1401 = ADVANCED_FACE ( 'NONE', ( #1622 ), #3748, .F. ) ;
#1402 = CARTESIAN_POINT ( 'NONE',  ( 0.1554999999999995800, -0.1013284962632952600, -0.3187869055315189500 ) ) ;
#1403 = CARTESIAN_POINT ( 'NONE',  ( 0.008000000000000000200, 0.0000000000000000000, -0.04000000000000004900 ) ) ;
#1404 = DIRECTION ( 'NONE',  ( 0.0000000000000000000, 0.0000000000000000000, -1.000000000000000000 ) ) ;
#1405 = PLANE ( 'NONE',  #981 ) ;
#1406 = LINE ( 'NONE', #1019, #1643 ) ;
#1407 = DIRECTION ( 'NONE',  ( -0.0000000000000000000, -1.000000000000000000, -0.0000000000000000000 ) ) ;
#1408 = DIRECTION ( 'NONE',  ( -0.7071067811865474600, -0.7071067811865474600, 0.0000000000000000000 ) ) ;
#1409 = EDGE_CURVE ( 'NONE', #1034, #2333, #1858, .T. ) ;
#1410 = LINE ( 'NONE', #1387, #3624 ) ;
#1411 = VECTOR ( 'NONE', #457, 39.37007874015748100 ) ;
#1412 = CARTESIAN_POINT ( 'NONE',  ( -0.1554999999999999400, 0.01000000000000000000, -0.4390242689855161600 ) ) ;
#1413 = ORIENTED_EDGE ( 'NONE', *, *, #3636, .F. ) ;
#1414 = ADVANCED_FACE ( 'NONE', ( #3041 ), #3716, .F. ) ;
#1415 = VECTOR ( 'NONE', #757, 39.37007874015748100 ) ;
#1416 = EDGE_CURVE ( 'NONE', #2363, #1607, #1480, .T. ) ;
#1417 = DIRECTION ( 'NONE',  ( 1.000000000000000000, 0.0000000000000000000, 0.0000000000000000000 ) ) ;
#1418 = EDGE_LOOP ( 'NONE', ( #3749, #798, #2311 ) ) ;
#1419 = FACE_OUTER_BOUND ( 'NONE', #66, .T. ) ;
#1420 = LINE ( 'NONE', #3045, #92 ) ;
#1421 = ORIENTED_EDGE ( 'NONE', *, *, #2696, .T. ) ;
#1422 = CARTESIAN_POINT ( 'NONE',  ( -0.2179999999999995000, -0.1013284962632952600, -0.3187869055315189500 ) ) ;
#1423 = CARTESIAN_POINT ( 'NONE',  ( -0.4232781745930524500, -0.2300035713374681300, -0.3649999999999999400 ) ) ;
#1424 = ORIENTED_EDGE ( 'NONE', *, *, #1866, .T. ) ;
#1425 = EDGE_LOOP ( 'NONE', ( #98, #661, #935, #1939 ) ) ;
#1426 = VERTEX_POINT ( 'NONE', #1035 ) ;
#1427 = CARTESIAN_POINT ( 'NONE',  ( -0.3954999999999999100, 0.01000000000000000000, -0.2109999999999998500 ) ) ;
#1428 = ORIENTED_EDGE ( 'NONE', *, *, #3085, .F. ) ;
#1429 = DIRECTION ( 'NONE',  ( 0.7071067811865475700, -0.7071067811865475700, 0.0000000000000000000 ) ) ;
#1430 = DIRECTION ( 'NONE',  ( -1.589164445232891900E-016, 0.0000000000000000000, -1.000000000000000000 ) ) ;
#1431 = ORIENTED_EDGE ( 'NONE', *, *, #3516, .T. ) ;
#1432 = VERTEX_POINT ( 'NONE', #432 ) ;
#1433 = AXIS2_PLACEMENT_3D ( 'NONE', #972, #3057, #1256 ) ;
#1434 = LINE ( 'NONE', #2888, #2524 ) ;
#1435 = CARTESIAN_POINT ( 'NONE',  ( 0.4437842712474623900, -0.1953553390593273700, -0.4269999999999999900 ) ) ;
#1436 = EDGE_CURVE ( 'NONE', #3118, #3374, #2188, .T. ) ;
#1437 = ADVANCED_FACE ( 'NONE', ( #3375 ), #2427, .T. ) ;
#1438 = VECTOR ( 'NONE', #2082, 39.37007874015748100 ) ;
#1439 = CARTESIAN_POINT ( 'NONE',  ( 0.008000000000000000200, 0.0000000000000000000, -0.06199999999999981200 ) ) ;
#1440 = VERTEX_POINT ( 'NONE', #130 ) ;
#1441 = FACE_OUTER_BOUND ( 'NONE', #2067, .T. ) ;
#1442 = CARTESIAN_POINT ( 'NONE',  ( 0.4055000000000004200, -0.1459999999999999900, -0.3649999999999999900 ) ) ;
#1443 = CARTESIAN_POINT ( 'NONE',  ( 0.0004999999999999480800, 0.01000000000000000000, -0.1575000000000000000 ) ) ;
#1444 = ORIENTED_EDGE ( 'NONE', *, *, #1134, .T. ) ;
#1445 = VECTOR ( 'NONE', #1527, 39.37007874015748100 ) ;
#1446 = CARTESIAN_POINT ( 'NONE',  ( -0.4155000000000005400, -0.1459999999999999600, -0.3649999999999999900 ) ) ;
#1447 = EDGE_CURVE ( 'NONE', #3170, #1282, #2185, .T. ) ;
#1448 = CARTESIAN_POINT ( 'NONE',  ( 0.4232781745930524500, -0.2300035713374681800, -0.3959999999999999600 ) ) ;
#1449 = CARTESIAN_POINT ( 'NONE',  ( -0.03300000000000018200, 0.0000000000000000000, -0.1029999999999999900 ) ) ;
#1450 = DIRECTION ( 'NONE',  ( -1.000000000000000000, 0.0000000000000000000, 0.0000000000000000000 ) ) ;
#1451 = ORIENTED_EDGE ( 'NONE', *, *, #876, .F. ) ;
#1452 = ADVANCED_FACE ( 'NONE', ( #2378 ), #2835, .T. ) ;
#1453 = AXIS2_PLACEMENT_3D ( 'NONE', #3566, #1780, #3889 ) ;
#1454 = CARTESIAN_POINT ( 'NONE',  ( -0.06250000000000000000, 0.0000000000000000000, -0.09549999999999994600 ) ) ;
#1455 = FACE_OUTER_BOUND ( 'NONE', #3542, .T. ) ;
#1456 = DIRECTION ( 'NONE',  ( -5.463695987328529400E-016, 0.0000000000000000000, 1.000000000000000000 ) ) ;
#1457 = EDGE_CURVE ( 'NONE', #2791, #2171, #2851, .T. ) ;
#1458 = VERTEX_POINT ( 'NONE', #1638 ) ;
#1459 = LINE ( 'NONE', #1615, #856 ) ;
#1460 = DIRECTION ( 'NONE',  ( -0.7071067811865462400, -0.7071067811865487900, 0.0000000000000000000 ) ) ;
#1461 = VECTOR ( 'NONE', #1032, 39.37007874015748100 ) ;
#1462 = CARTESIAN_POINT ( 'NONE',  ( 0.2179999999999995000, -0.1013284962632952600, -0.3187869055315189500 ) ) ;
#1463 = DIRECTION ( 'NONE',  ( 1.000000000000000000, 0.0000000000000000000, 0.0000000000000000000 ) ) ;
#1464 = EDGE_CURVE ( 'NONE', #1426, #1058, #512, .T. ) ;
#1465 = LINE ( 'NONE', #1988, #353 ) ;
#1466 = ORIENTED_EDGE ( 'NONE', *, *, #3431, .F. ) ;
#1467 = ORIENTED_EDGE ( 'NONE', *, *, #2472, .T. ) ;
#1468 = ORIENTED_EDGE ( 'NONE', *, *, #1171, .F. ) ;
#1469 = ORIENTED_EDGE ( 'NONE', *, *, #501, .T. ) ;
#1470 = ADVANCED_FACE ( 'NONE', ( #2001 ), #3651, .T. ) ;
#1471 = CARTESIAN_POINT ( 'NONE',  ( 0.2805000000000000300, 0.01000000000000000000, -0.6009999999999999800 ) ) ;
#1472 = ORIENTED_EDGE ( 'NONE', *, *, #347, .F. ) ;
#1473 = AXIS2_PLACEMENT_3D ( 'NONE', #3050, #1247, #3355 ) ;
#1474 = DIRECTION ( 'NONE',  ( 2.845674993400274900E-016, -1.000000000000000000, 3.491481338843133700E-015 ) ) ;
#1475 = PLANE ( 'NONE',  #1453 ) ;
#1476 = DIRECTION ( 'NONE',  ( 0.0000000000000000000, 1.000000000000000000, 0.0000000000000000000 ) ) ;
#1477 = LINE ( 'NONE', #62, #607 ) ;
#1478 = CARTESIAN_POINT ( 'NONE',  ( 0.4055000000000004200, -0.1459999999999999400, -0.2109999999999998000 ) ) ;
#1479 = ORIENTED_EDGE ( 'NONE', *, *, #2533, .F. ) ;
#1480 = LINE ( 'NONE', #733, #3792 ) ;
#1481 = LINE ( 'NONE', #1535, #2941 ) ;
#1482 = LINE ( 'NONE', #3560, #2569 ) ;
#1483 = EDGE_CURVE ( 'NONE', #3141, #1342, #468, .T. ) ;
#1484 = ORIENTED_EDGE ( 'NONE', *, *, #606, .F. ) ;
#1485 = CARTESIAN_POINT ( 'NONE',  ( -0.2179999999999995000, -0.09132849626329527000, -0.3187869055315189500 ) ) ;
#1486 = CARTESIAN_POINT ( 'NONE',  ( 0.4367132034355968900, -0.2024264068711928200, -0.4269999999999999900 ) ) ;
#1487 = ORIENTED_EDGE ( 'NONE', *, *, #747, .T. ) ;
#1488 = DIRECTION ( 'NONE',  ( -0.0000000000000000000, 1.000000000000000000, -0.0000000000000000000 ) ) ;
#1489 = EDGE_CURVE ( 'NONE', #1933, #3693, #2697, .T. ) ;
#1490 = AXIS2_PLACEMENT_3D ( 'NONE', #350, #2440, #666 ) ;
#1491 = ADVANCED_FACE ( 'NONE', ( #1389 ), #3757, .F. ) ;
#1492 = DIRECTION ( 'NONE',  ( -3.274475334871550500E-015, 1.000000000000000000, -9.355643813918714700E-016 ) ) ;
#1493 = EDGE_CURVE ( 'NONE', #1756, #1608, #3507, .T. ) ;
#1494 = AXIS2_PLACEMENT_3D ( 'NONE', #3039, #3340, #1536 ) ;
#1495 = ORIENTED_EDGE ( 'NONE', *, *, #2340, .F. ) ;
#1496 = CIRCLE ( 'NONE', #3425, 0.009999999999999962000 ) ;
#1497 = CARTESIAN_POINT ( 'NONE',  ( -0.4098933982822022800, -0.1756066017177980700, -0.4269999999999999900 ) ) ;
#1498 = DIRECTION ( 'NONE',  ( 0.0000000000000000000, 0.0000000000000000000, 1.000000000000000000 ) ) ;
#1499 = DIRECTION ( 'NONE',  ( -1.000000000000000000, -3.491481338843133000E-015, 1.589164445232892100E-016 ) ) ;
#1500 = CARTESIAN_POINT ( 'NONE',  ( 0.4205000000000006500, -0.1649999999999998700, -0.4269999999999999900 ) ) ;
#1501 = AXIS2_PLACEMENT_3D ( 'NONE', #1764, #888, #2970 ) ;
#1502 = VECTOR ( 'NONE', #2842, 39.37007874015748100 ) ;
#1503 = LINE ( 'NONE', #2567, #1787 ) ;
#1504 = CARTESIAN_POINT ( 'NONE',  ( 0.1490000000000000200, -0.009999999999999963800, 0.009999999999999965500 ) ) ;
#1505 = CARTESIAN_POINT ( 'NONE',  ( -0.0004999999999999462300, 0.01000000000000000000, -0.03249999999999999400 ) ) ;
#1506 = LINE ( 'NONE', #1860, #862 ) ;
#1507 = LINE ( 'NONE', #1439, #1272 ) ;
#1508 = ORIENTED_EDGE ( 'NONE', *, *, #3791, .T. ) ;
#1509 = ORIENTED_EDGE ( 'NONE', *, *, #338, .T. ) ;
#1510 = AXIS2_PLACEMENT_3D ( 'NONE', #399, #342, #2437 ) ;
#1511 = VERTEX_POINT ( 'NONE', #2256 ) ;
#1512 = DIRECTION ( 'NONE',  ( 0.0000000000000000000, 0.0000000000000000000, 1.000000000000000000 ) ) ;
#1513 = ORIENTED_EDGE ( 'NONE', *, *, #2955, .T. ) ;
#1514 = CARTESIAN_POINT ( 'NONE',  ( 0.03300000000000018200, 0.0000000000000000000, -0.1029999999999999900 ) ) ;
#1515 = ORIENTED_EDGE ( 'NONE', *, *, #1902, .T. ) ;
#1516 = EDGE_CURVE ( 'NONE', #702, #3130, #3324, .T. ) ;
#1517 = EDGE_LOOP ( 'NONE', ( #1487, #162, #1139, #2228 ) ) ;
#1518 = ORIENTED_EDGE ( 'NONE', *, *, #2548, .T. ) ;
#1519 = ORIENTED_EDGE ( 'NONE', *, *, #2877, .F. ) ;
#1520 = PLANE ( 'NONE',  #1099 ) ;
#1521 = ADVANCED_FACE ( 'NONE', ( #705 ), #3313, .T. ) ;
#1522 = UNCERTAINTY_MEASURE_WITH_UNIT (LENGTH_MEASURE( 1.000000000000000100E-005 ), #3643, 'distance_accuracy_value', 'NONE');
#1523 = EDGE_LOOP ( 'NONE', ( #540, #597, #3310, #1047 ) ) ;
#1524 = VERTEX_POINT ( 'NONE', #1505 ) ;
#1525 = LINE ( 'NONE', #699, #1767 ) ;
#1526 = DIRECTION ( 'NONE',  ( 4.216446464779314800E-016, 0.0000000000000000000, -1.000000000000000000 ) ) ;
#1527 = DIRECTION ( 'NONE',  ( 1.000000000000000000, 0.0000000000000000000, 0.0000000000000000000 ) ) ;
#1528 = CARTESIAN_POINT ( 'NONE',  ( 0.4084289321881350300, -0.1741421356237308800, -0.3649999999999999400 ) ) ;
#1529 = LINE ( 'NONE', #2562, #889 ) ;
#1530 = DIRECTION ( 'NONE',  ( 1.000000000000000000, 0.0000000000000000000, 0.0000000000000000000 ) ) ;
#1531 = DIRECTION ( 'NONE',  ( 0.0000000000000000000, 0.0000000000000000000, 1.000000000000000000 ) ) ;
#1532 =( LENGTH_UNIT ( ) NAMED_UNIT ( * ) SI_UNIT ( $, .METRE. ) );
#1533 = ORIENTED_EDGE ( 'NONE', *, *, #426, .F. ) ;
#1534 = LINE ( 'NONE', #1548, #378 ) ;
#1535 = CARTESIAN_POINT ( 'NONE',  ( 0.4054999999999999700, -0.009999999999999962000, -0.5819999999999999600 ) ) ;
#1536 = DIRECTION ( 'NONE',  ( 0.0000000000000000000, 0.4067366430757946600, -0.9135454576426033100 ) ) ;
#1537 = EDGE_CURVE ( 'NONE', #1725, #1440, #1678, .T. ) ;
#1538 = CARTESIAN_POINT ( 'NONE',  ( 0.1554999999999995600, -0.09132849626329527000, -0.3712869055315191600 ) ) ;
#1539 = ADVANCED_FACE ( 'NONE', ( #2938 ), #1520, .F. ) ;
#1540 = DIRECTION ( 'NONE',  ( 0.0000000000000000000, 1.000000000000000000, 0.0000000000000000000 ) ) ;
#1541 = CARTESIAN_POINT ( 'NONE',  ( 0.0004999999999999471000, 0.0000000000000000000, -0.03249999999999999400 ) ) ;
#1542 = EDGE_CURVE ( 'NONE', #443, #704, #3887, .T. ) ;
#1543 = DIRECTION ( 'NONE',  ( -0.0000000000000000000, -1.000000000000000000, -0.0000000000000000000 ) ) ;
#1544 = CARTESIAN_POINT ( 'NONE',  ( -0.2805000000000000300, 0.01000000000000000000, -0.6009999999999999800 ) ) ;
#1545 = FACE_OUTER_BOUND ( 'NONE', #1100, .T. ) ;
#1546 = FACE_OUTER_BOUND ( 'NONE', #207, .T. ) ;
#1547 = AXIS2_PLACEMENT_3D ( 'NONE', #2047, #1463, #3567 ) ;
#1548 = CARTESIAN_POINT ( 'NONE',  ( 0.4155000000000004800, -0.1459999999999999600, -0.5819999999999999600 ) ) ;
#1549 = VECTOR ( 'NONE', #1948, 39.37007874015748100 ) ;
#1550 = DIRECTION ( 'NONE',  ( 1.589164445232891600E-016, -0.0000000000000000000, 1.000000000000000000 ) ) ;
#1551 = CARTESIAN_POINT ( 'NONE',  ( -0.2742616904687152900, 0.01000000000000000000, -0.6407616904687152300 ) ) ;
#1552 = MECHANICAL_DESIGN_GEOMETRIC_PRESENTATION_REPRESENTATION (  '', ( #1157 ), #1760 ) ;
#1553 = EDGE_LOOP ( 'NONE', ( #1283, #1031, #3686, #3233 ) ) ;
#1554 = CIRCLE ( 'NONE', #1473, 0.02500000000000000500 ) ;
#1555 = DIRECTION ( 'NONE',  ( -3.274475334871550500E-015, -1.000000000000000000, -3.594536833768763300E-015 ) ) ;
#1556 = EDGE_CURVE ( 'NONE', #16, #1996, #3863, .T. ) ;
#1557 = ADVANCED_FACE ( 'NONE', ( #3356 ), #2723, .T. ) ;
#1558 = EDGE_LOOP ( 'NONE', ( #104, #3036, #255, #2787 ) ) ;
#1559 = ORIENTED_EDGE ( 'NONE', *, *, #262, .T. ) ;
#1560 = EDGE_LOOP ( 'NONE', ( #12, #2889, #2566, #2215 ) ) ;
#1561 = ORIENTED_EDGE ( 'NONE', *, *, #2370, .F. ) ;
#1562 = AXIS2_PLACEMENT_3D ( 'NONE', #3866, #2063, #275 ) ;
#1563 = ORIENTED_EDGE ( 'NONE', *, *, #3831, .F. ) ;
#1564 = ORIENTED_EDGE ( 'NONE', *, *, #1887, .T. ) ;
#1565 = DIRECTION ( 'NONE',  ( 0.0000000000000000000, 0.0000000000000000000, -1.000000000000000000 ) ) ;
#1566 = CARTESIAN_POINT ( 'NONE',  ( -0.4367132034355968300, -0.2024264068711927300, -0.4269999999999999900 ) ) ;
#1567 = DIRECTION ( 'NONE',  ( 0.0000000000000000000, 0.0000000000000000000, 1.000000000000000000 ) ) ;
#1568 = PLANE ( 'NONE',  #2670 ) ;
#1569 = EDGE_LOOP ( 'NONE', ( #3823, #3290, #1628, #1905 ) ) ;
#1570 = EDGE_CURVE ( 'NONE', #3833, #2221, #3904, .T. ) ;
#1571 = CARTESIAN_POINT ( 'NONE',  ( -0.3955000000000000700, 0.009999999999999974200, -0.5819999999999999600 ) ) ;
#1572 = CARTESIAN_POINT ( 'NONE',  ( -0.1554999999999999400, 0.01000000000000000000, -0.4390242689855161600 ) ) ;
#1573 = VERTEX_POINT ( 'NONE', #27 ) ;
#1574 = LINE ( 'NONE', #962, #3181 ) ;
#1575 = AXIS2_PLACEMENT_3D ( 'NONE', #420, #2512, #721 ) ;
#1576 = EDGE_LOOP ( 'NONE', ( #2923, #2513, #1392, #3647 ) ) ;
#1577 = LINE ( 'NONE', #2126, #703 ) ;
#1578 = VECTOR ( 'NONE', #297, 39.37007874015748100 ) ;
#1579 = ADVANCED_FACE ( 'NONE', ( #3346 ), #2140, .T. ) ;
#1580 = AXIS2_PLACEMENT_3D ( 'NONE', #3428, #3726, #1919 ) ;
#1581 = ORIENTED_EDGE ( 'NONE', *, *, #1368, .F. ) ;
#1582 = CARTESIAN_POINT ( 'NONE',  ( -0.4437842712474622800, -0.1953553390593272500, -0.3649999999999999400 ) ) ;
#1583 = LINE ( 'NONE', #1897, #1813 ) ;
#1584 = CARTESIAN_POINT ( 'NONE',  ( 0.4155000000000005400, -0.1649999999999999800, -0.4269999999999999900 ) ) ;
#1585 = ORIENTED_EDGE ( 'NONE', *, *, #1691, .T. ) ;
#1586 = CARTESIAN_POINT ( 'NONE',  ( 0.2804999999999999700, 0.01000000000000000000, -0.4390242689855161600 ) ) ;
#1587 = EDGE_CURVE ( 'NONE', #598, #1014, #3295, .T. ) ;
#1588 = FACE_OUTER_BOUND ( 'NONE', #3072, .T. ) ;
#1589 = CARTESIAN_POINT ( 'NONE',  ( 0.1554999999999999400, 0.0000000000000000000, -0.4390242689855161600 ) ) ;
#1590 = CARTESIAN_POINT ( 'NONE',  ( -0.008000000000000000200, 0.0000000000000000000, -0.1280000000000001700 ) ) ;
#1591 = EDGE_CURVE ( 'NONE', #3374, #3075, #3246, .T. ) ;
#1592 = FACE_OUTER_BOUND ( 'NONE', #2744, .T. ) ;
#1593 = DIRECTION ( 'NONE',  ( 0.0000000000000000000, 0.0000000000000000000, -1.000000000000000000 ) ) ;
#1594 = ORIENTED_EDGE ( 'NONE', *, *, #1409, .T. ) ;
#1595 = FACE_OUTER_BOUND ( 'NONE', #3124, .T. ) ;
#1596 = CARTESIAN_POINT ( 'NONE',  ( -0.3955000000000000700, -0.009999999999999918700, -0.5819999999999999600 ) ) ;
#1597 = DIRECTION ( 'NONE',  ( 1.000000000000000000, -0.0000000000000000000, -5.463695987328529400E-016 ) ) ;
#1598 = FACE_OUTER_BOUND ( 'NONE', #1425, .T. ) ;
#1599 = ORIENTED_EDGE ( 'NONE', *, *, #2194, .F. ) ;
#1600 = ORIENTED_EDGE ( 'NONE', *, *, #2019, .T. ) ;
#1601 = VECTOR ( 'NONE', #2214, 39.37007874015748100 ) ;
#1602 = AXIS2_PLACEMENT_3D ( 'NONE', #1335, #2542, #759 ) ;
#1603 = FACE_OUTER_BOUND ( 'NONE', #1709, .T. ) ;
#1604 = CARTESIAN_POINT ( 'NONE',  ( -0.3954999999999999600, 0.0000000000000000000, -0.6407616904687152300 ) ) ;
#1605 = PLANE ( 'NONE',  #371 ) ;
#1606 = DIRECTION ( 'NONE',  ( 0.7071067811865462400, -0.7071067811865487900, 0.0000000000000000000 ) ) ;
#1607 = VERTEX_POINT ( 'NONE', #2458 ) ;
#1608 = VERTEX_POINT ( 'NONE', #374 ) ;
#1609 = ORIENTED_EDGE ( 'NONE', *, *, #1791, .F. ) ;
#1610 = EDGE_LOOP ( 'NONE', ( #2608, #2559, #3068, #2414 ) ) ;
#1611 = DIRECTION ( 'NONE',  ( 1.659017000200968900E-015, -0.4067366430757946600, 0.9135454576426033100 ) ) ;
#1612 = LINE ( 'NONE', #1618, #206 ) ;
#1613 = ORIENTED_EDGE ( 'NONE', *, *, #3885, .F. ) ;
#1614 = EDGE_CURVE ( 'NONE', #2838, #3460, #3008, .T. ) ;
#1615 = CARTESIAN_POINT ( 'NONE',  ( 0.008000000000000000200, 0.01000000000000000000, -0.06199999999999981200 ) ) ;
#1616 = ORIENTED_EDGE ( 'NONE', *, *, #1814, .T. ) ;
#1617 = EDGE_CURVE ( 'NONE', #3517, #2692, #3289, .T. ) ;
#1618 = CARTESIAN_POINT ( 'NONE',  ( -0.2804999999999999700, 0.009135454576426060800, -0.5969326335692420900 ) ) ;
#1619 = ORIENTED_EDGE ( 'NONE', *, *, #2291, .T. ) ;
#1620 = DIRECTION ( 'NONE',  ( 2.222285364672696300E-016, -0.9135454576426033100, -0.4067366430757947700 ) ) ;
#1621 = DIRECTION ( 'NONE',  ( -2.108223232389658400E-016, -0.0000000000000000000, 1.000000000000000000 ) ) ;
#1622 = FACE_OUTER_BOUND ( 'NONE', #3607, .T. ) ;
#1623 = CARTESIAN_POINT ( 'NONE',  ( -0.4367132034355968300, -0.2024264068711927300, -0.4269999999999999900 ) ) ;
#1624 = ORIENTED_EDGE ( 'NONE', *, *, #952, .F. ) ;
#1625 = LINE ( 'NONE', #2376, #1340 ) ;
#1626 = DIRECTION ( 'NONE',  ( -0.7071067811865469100, -0.7071067811865480200, 0.0000000000000000000 ) ) ;
#1627 = CARTESIAN_POINT ( 'NONE',  ( -0.4098933982822022800, -0.1756066017177981000, -0.4269999999999999900 ) ) ;
#1628 = ORIENTED_EDGE ( 'NONE', *, *, #2747, .F. ) ;
#1629 = AXIS2_PLACEMENT_3D ( 'NONE', #1938, #3443, #139 ) ;
#1630 = FACE_OUTER_BOUND ( 'NONE', #1610, .T. ) ;
#1631 = DIRECTION ( 'NONE',  ( -1.000000000000000000, -0.0000000000000000000, 1.092739197465705300E-015 ) ) ;
#1632 = DIRECTION ( 'NONE',  ( -1.000000000000000000, 0.0000000000000000000, 5.463695987328529400E-016 ) ) ;
#1633 = PLANE ( 'NONE',  #3330 ) ;
#1634 = AXIS2_PLACEMENT_3D ( 'NONE', #3665, #1856, #54 ) ;
#1635 = CARTESIAN_POINT ( 'NONE',  ( 0.1554999999999995600, -0.09132849626329527000, -0.3712869055315190500 ) ) ;
#1636 = EDGE_LOOP ( 'NONE', ( #242, #2087, #1513, #1060 ) ) ;
#1637 = EDGE_CURVE ( 'NONE', #1112, #3742, #2712, .T. ) ;
#1638 = CARTESIAN_POINT ( 'NONE',  ( -0.03300000000000018200, 0.01000000000000000000, -0.1029999999999999900 ) ) ;
#1639 = AXIS2_PLACEMENT_3D ( 'NONE', #3740, #3436, #1039 ) ;
#1640 = VECTOR ( 'NONE', #1270, 39.37007874015748100 ) ;
#1641 = DIRECTION ( 'NONE',  ( 0.0000000000000000000, -1.000000000000000000, 0.0000000000000000000 ) ) ;
#1642 = DIRECTION ( 'NONE',  ( 1.213184216936838900E-031, 1.000000000000000000, -1.110223024625154100E-016 ) ) ;
#1643 = VECTOR ( 'NONE', #3417, 39.37007874015748900 ) ;
#1644 = DIRECTION ( 'NONE',  ( 0.0000000000000000000, 0.0000000000000000000, 1.000000000000000000 ) ) ;
#1645 = CARTESIAN_POINT ( 'NONE',  ( -0.4098933982822022800, -0.1756066017177980700, -0.3649999999999999400 ) ) ;
#1646 = EDGE_CURVE ( 'NONE', #3205, #3492, #2628, .T. ) ;
#1647 = ORIENTED_EDGE ( 'NONE', *, *, #1965, .F. ) ;
#1648 = CIRCLE ( 'NONE', #281, 0.03100000000000004800 ) ;
#1649 = CARTESIAN_POINT ( 'NONE',  ( 0.4155000000000004800, -0.1459999999999999100, -0.2109999999999998000 ) ) ;
#1650 = FACE_OUTER_BOUND ( 'NONE', #2460, .T. ) ;
#1651 = VECTOR ( 'NONE', #2616, 39.37007874015748100 ) ;
#1652 = AXIS2_PLACEMENT_3D ( 'NONE', #931, #3017, #1212 ) ;
#1653 = VERTEX_POINT ( 'NONE', #1261 ) ;
#1654 = LINE ( 'NONE', #3752, #1126 ) ;
#1655 = PLANE ( 'NONE',  #3056 ) ;
#1656 = APPLICATION_CONTEXT ( 'automotive_design' ) ;
#1657 = DIRECTION ( 'NONE',  ( -0.0000000000000000000, 1.000000000000000000, -0.0000000000000000000 ) ) ;
#1658 = ORIENTED_EDGE ( 'NONE', *, *, #2903, .T. ) ;
#1659 = VERTEX_POINT ( 'NONE', #990 ) ;
#1660 = DIRECTION ( 'NONE',  ( 0.0000000000000000000, 1.000000000000000000, 3.594536833768762500E-015 ) ) ;
#1661 = ORIENTED_EDGE ( 'NONE', *, *, #3279, .T. ) ;
#1662 = CARTESIAN_POINT ( 'NONE',  ( -0.2804999999999995300, -0.1013284962632952600, -0.3712869055315190000 ) ) ;
#1663 = EDGE_CURVE ( 'NONE', #1941, #3111, #2349, .T. ) ;
#1664 = CARTESIAN_POINT ( 'NONE',  ( 0.1554999999999995800, -0.1013284962632952600, -0.3187869055315189500 ) ) ;
#1665 = ORIENTED_EDGE ( 'NONE', *, *, #626, .T. ) ;
#1666 = ORIENTED_EDGE ( 'NONE', *, *, #3156, .T. ) ;
#1667 = CARTESIAN_POINT ( 'NONE',  ( 0.4055000000000004200, -0.1459999999999999900, -0.2109999999999998000 ) ) ;
#1668 = EDGE_LOOP ( 'NONE', ( #2821, #1908, #3498, #2785, #558, #308, #785, #2244 ) ) ;
#1669 = EDGE_CURVE ( 'NONE', #3111, #3308, #3060, .T. ) ;
#1670 = CIRCLE ( 'NONE', #1214, 0.01500000000000004500 ) ;
#1671 = DIRECTION ( 'NONE',  ( -0.0000000000000000000, -1.000000000000000000, -0.0000000000000000000 ) ) ;
#1672 = DIRECTION ( 'NONE',  ( 0.0000000000000000000, 0.0000000000000000000, 1.000000000000000000 ) ) ;
#1673 = ORIENTED_EDGE ( 'NONE', *, *, #2066, .F. ) ;
#1674 = DIRECTION ( 'NONE',  ( 0.0000000000000000000, 0.0000000000000000000, 1.000000000000000000 ) ) ;
#1675 = ADVANCED_FACE ( 'NONE', ( #2203 ), #1924, .T. ) ;
#1676 = LINE ( 'NONE', #295, #1960 ) ;
#1677 = ORIENTED_EDGE ( 'NONE', *, *, #1685, .T. ) ;
#1678 = LINE ( 'NONE', #630, #793 ) ;
#1679 = VECTOR ( 'NONE', #45, 39.37007874015748100 ) ;
#1680 = CARTESIAN_POINT ( 'NONE',  ( 0.4155000000000005400, -0.1649999999999999800, -0.4269999999999999900 ) ) ;
#1681 = AXIS2_PLACEMENT_3D ( 'NONE', #369, #2455, #674 ) ;
#1682 = CARTESIAN_POINT ( 'NONE',  ( 0.4169644660940678400, -0.1685355339059327300, -0.3649999999999999400 ) ) ;
#1683 = DIRECTION ( 'NONE',  ( 0.0000000000000000000, 0.0000000000000000000, 1.000000000000000000 ) ) ;
#1684 = DIRECTION ( 'NONE',  ( 0.7071067811865462400, 0.7071067811865487900, -0.0000000000000000000 ) ) ;
#1685 = EDGE_CURVE ( 'NONE', #2333, #3723, #1971, .T. ) ;
#1686 = CYLINDRICAL_SURFACE ( 'NONE', #3820, 0.005000000000000147600 ) ;
#1687 = DIRECTION ( 'NONE',  ( -0.0000000000000000000, 1.000000000000000000, -0.0000000000000000000 ) ) ;
#1688 = FACE_OUTER_BOUND ( 'NONE', #2270, .T. ) ;
#1689 = LINE ( 'NONE', #2227, #1731 ) ;
#1690 = ADVANCED_FACE ( 'NONE', ( #2025 ), #3695, .T. ) ;
#1691 = EDGE_CURVE ( 'NONE', #3723, #64, #1792, .T. ) ;
#1692 = AXIS2_PLACEMENT_3D ( 'NONE', #1500, #324, #2411 ) ;
#1693 = DIRECTION ( 'NONE',  ( 0.0000000000000000000, 1.000000000000000000, 0.0000000000000000000 ) ) ;
#1694 = VECTOR ( 'NONE', #2202, 39.37007874015748100 ) ;
#1695 = DIRECTION ( 'NONE',  ( -1.000000000000000000, 0.0000000000000000000, -5.463695987328529400E-016 ) ) ;
#1696 = CARTESIAN_POINT ( 'NONE',  ( 0.4367132034355968300, -0.2024264068711928200, -0.4269999999999999900 ) ) ;
#1697 = EDGE_CURVE ( 'NONE', #1748, #1432, #1832, .T. ) ;
#1698 = CIRCLE ( 'NONE', #1113, 0.009999999999999981100 ) ;
#1699 = LINE ( 'NONE', #2453, #2297 ) ;
#1700 = ORIENTED_EDGE ( 'NONE', *, *, #3893, .T. ) ;
#1701 = CIRCLE ( 'NONE', #2046, 0.2809999999999998100 ) ;
#1702 = ORIENTED_EDGE ( 'NONE', *, *, #2274, .T. ) ;
#1703 = DIRECTION ( 'NONE',  ( -0.0000000000000000000, 1.000000000000000000, -0.0000000000000000000 ) ) ;
#1704 = EDGE_LOOP ( 'NONE', ( #636, #3546, #196, #1329, #2551, #1333, #454, #2853, #1495, #2045, #3794, #734 ) ) ;
#1705 = ORIENTED_EDGE ( 'NONE', *, *, #82, .T. ) ;
#1706 = ORIENTED_EDGE ( 'NONE', *, *, #3299, .T. ) ;
#1707 = CARTESIAN_POINT ( 'NONE',  ( -0.1555000000000000300, 2.777856705840868500E-017, -0.6010000000000000900 ) ) ;
#1708 = CARTESIAN_POINT ( 'NONE',  ( -0.008000000000000000200, 0.0000000000000000000, -0.1280000000000001700 ) ) ;
#1709 = EDGE_LOOP ( 'NONE', ( #1673, #1925, #1759, #129 ) ) ;
#1710 = ORIENTED_EDGE ( 'NONE', *, *, #2456, .T. ) ;
#1711 = ADVANCED_FACE ( 'NONE', ( #1650 ), #2193, .T. ) ;
#1712 = DIRECTION ( 'NONE',  ( 0.0000000000000000000, 0.0000000000000000000, -1.000000000000000000 ) ) ;
#1713 = ORIENTED_EDGE ( 'NONE', *, *, #3689, .F. ) ;
#1714 = FACE_OUTER_BOUND ( 'NONE', #2592, .T. ) ;
#1715 = AXIS2_PLACEMENT_3D ( 'NONE', #2932, #1869, #2686 ) ;
#1716 = ORIENTED_EDGE ( 'NONE', *, *, #2269, .F. ) ;
#1717 = CIRCLE ( 'NONE', #1040, 0.009999999999999892700 ) ;
#1718 = CARTESIAN_POINT ( 'NONE',  ( -0.4055000000000004700, -0.1650000000000000100, -0.4269999999999999900 ) ) ;
#1719 = EDGE_CURVE ( 'NONE', #156, #3134, #1838, .T. ) ;
#1720 = DIRECTION ( 'NONE',  ( 0.0000000000000000000, 0.0000000000000000000, 1.000000000000000000 ) ) ;
#1721 = FACE_OUTER_BOUND ( 'NONE', #3418, .T. ) ;
#1722 = ORIENTED_EDGE ( 'NONE', *, *, #2071, .F. ) ;
#1723 = CARTESIAN_POINT ( 'NONE',  ( 0.4367132034355968300, -0.2024264068711928200, -0.3649999999999999400 ) ) ;
#1724 = DIRECTION ( 'NONE',  ( 1.000000000000000000, 0.0000000000000000000, -1.589164445232891600E-016 ) ) ;
#1725 = VERTEX_POINT ( 'NONE', #1022 ) ;
#1726 = DIRECTION ( 'NONE',  ( -3.274475334871550500E-015, 1.000000000000000000, -9.355643813918714700E-016 ) ) ;
#1727 = ADVANCED_FACE ( 'NONE', ( #1455 ), #2812, .F. ) ;
#1728 = AXIS2_PLACEMENT_3D ( 'NONE', #1750, #2353, #571 ) ;
#1729 = CARTESIAN_POINT ( 'NONE',  ( 0.3955000000000000700, 0.0000000000000000000, -0.2109999999999999400 ) ) ;
#1730 = DIRECTION ( 'NONE',  ( 0.7071067811865462400, -0.7071067811865487900, -0.0000000000000000000 ) ) ;
#1731 = VECTOR ( 'NONE', #3138, 39.37007874015748100 ) ;
#1732 = CARTESIAN_POINT ( 'NONE',  ( -0.3955000000000000700, -0.009999999999999998500, -0.2110000000000000200 ) ) ;
#1733 = CARTESIAN_POINT ( 'NONE',  ( -0.4232781745930524500, -0.2300035713374681300, -0.3649999999999999400 ) ) ;
#1734 = EDGE_CURVE ( 'NONE', #1802, #3881, #1175, .T. ) ;
#1735 = FACE_OUTER_BOUND ( 'NONE', #3458, .T. ) ;
#1736 = LINE ( 'NONE', #1944, #2296 ) ;
#1737 = CIRCLE ( 'NONE', #3215, 0.005000000000000151900 ) ;
#1738 = CARTESIAN_POINT ( 'NONE',  ( -0.1489999999999999900, 0.01000000000000000000, 6.559240622696722900E-017 ) ) ;
#1739 = DIRECTION ( 'NONE',  ( -1.000000000000000000, -0.0000000000000000000, -0.0000000000000000000 ) ) ;
#1740 = LINE ( 'NONE', #2848, #3194 ) ;
#1741 = LINE ( 'NONE', #2816, #1461 ) ;
#1742 = EDGE_CURVE ( 'NONE', #497, #3169, #1459, .T. ) ;
#1743 = AXIS2_PLACEMENT_3D ( 'NONE', #2997, #1800, #3903 ) ;
#1744 = ORIENTED_EDGE ( 'NONE', *, *, #1516, .F. ) ;
#1745 = DIRECTION ( 'NONE',  ( -0.7071067811865469100, -0.7071067811865480200, 0.0000000000000000000 ) ) ;
#1746 = CARTESIAN_POINT ( 'NONE',  ( 0.4155000000000005400, -0.1649999999999999800, -0.4269999999999999900 ) ) ;
#1747 = ADVANCED_FACE ( 'NONE', ( #955 ), #737, .T. ) ;
#1748 = VERTEX_POINT ( 'NONE', #2528 ) ;
#1749 = VERTEX_POINT ( 'NONE', #3432 ) ;
#1750 = CARTESIAN_POINT ( 'NONE',  ( -0.1489999999999999900, -9.507245235228440100E-032, 0.009999999999999995000 ) ) ;
#1751 = ORIENTED_EDGE ( 'NONE', *, *, #1685, .F. ) ;
#1752 = ORIENTED_EDGE ( 'NONE', *, *, #495, .T. ) ;
#1753 = PLANE ( 'NONE',  #863 ) ;
#1754 = EDGE_LOOP ( 'NONE', ( #3251, #2232, #1131, #312 ) ) ;
#1755 = PLANE ( 'NONE',  #3578 ) ;
#1756 = VERTEX_POINT ( 'NONE', #3717 ) ;
#1757 = DIRECTION ( 'NONE',  ( -0.7071067811865469100, 0.7071067811865480200, 0.0000000000000000000 ) ) ;
#1758 = ORIENTED_EDGE ( 'NONE', *, *, #3365, .T. ) ;
#1759 = ORIENTED_EDGE ( 'NONE', *, *, #153, .T. ) ;
#1760 =( GEOMETRIC_REPRESENTATION_CONTEXT ( 3 ) GLOBAL_UNCERTAINTY_ASSIGNED_CONTEXT ( ( #3336 ) ) GLOBAL_UNIT_ASSIGNED_CONTEXT ( ( #767, #2859, #1063 ) ) REPRESENTATION_CONTEXT ( 'NONE', 'WORKASPACE' ) );
#1761 = CARTESIAN_POINT ( 'NONE',  ( 0.4155000000000004800, -0.1459999999999999600, -0.4269999999999999400 ) ) ;
#1762 = EDGE_CURVE ( 'NONE', #2921, #2571, #765, .T. ) ;
#1763 = VERTEX_POINT ( 'NONE', #2231 ) ;
#1764 = CARTESIAN_POINT ( 'NONE',  ( -0.2804999999999999700, 0.009135454576426085100, -0.5969326335692420900 ) ) ;
#1765 = VECTOR ( 'NONE', #3390, 39.37007874015748100 ) ;
#1766 = VERTEX_POINT ( 'NONE', #1627 ) ;
#1767 = VECTOR ( 'NONE', #1555, 39.37007874015748100 ) ;
#1768 = DIRECTION ( 'NONE',  ( 0.0000000000000000000, 0.0000000000000000000, -1.000000000000000000 ) ) ;
#1769 = AXIS2_PLACEMENT_3D ( 'NONE', #3243, #3849, #2054 ) ;
#1770 = PLANE ( 'NONE',  #1955 ) ;
#1771 = ADVANCED_FACE ( 'NONE', ( #488 ), #434, .F. ) ;
#1772 = ORIENTED_EDGE ( 'NONE', *, *, #1343, .F. ) ;
#1773 = LINE ( 'NONE', #2674, #984 ) ;
#1774 = SHAPE_DEFINITION_REPRESENTATION ( #3549, #819 ) ;
#1775 = EDGE_CURVE ( 'NONE', #3481, #492, #680, .T. ) ;
#1776 = ORIENTED_EDGE ( 'NONE', *, *, #3761, .F. ) ;
#1777 = AXIS2_PLACEMENT_3D ( 'NONE', #2852, #1057, #3149 ) ;
#1778 = CARTESIAN_POINT ( 'NONE',  ( -0.2742616904687152900, 0.0000000000000000000, -0.6407616904687152300 ) ) ;
#1779 = CARTESIAN_POINT ( 'NONE',  ( 0.1555000000000000300, 0.01000000000000000000, -0.6009999999999999800 ) ) ;
#1780 = DIRECTION ( 'NONE',  ( 0.0000000000000000000, -2.134256245050228400E-016, 1.000000000000000000 ) ) ;
#1781 = CARTESIAN_POINT ( 'NONE',  ( 0.3955000000000000700, -0.009999999999999989800, -0.5819999999999999600 ) ) ;
#1782 = CARTESIAN_POINT ( 'NONE',  ( -0.2804999999999995300, -0.09132849626329527000, -0.3712869055315189400 ) ) ;
#1783 = FACE_OUTER_BOUND ( 'NONE', #2100, .T. ) ;
#1784 = LINE ( 'NONE', #813, #3714 ) ;
#1785 = CARTESIAN_POINT ( 'NONE',  ( -0.008000000000000003600, 0.0000000000000000000, -0.1499999999999999400 ) ) ;
#1786 = VECTOR ( 'NONE', #2335, 39.37007874015748100 ) ;
#1787 = VECTOR ( 'NONE', #3174, 39.37007874015748100 ) ;
#1788 = ADVANCED_FACE ( 'NONE', ( #534 ), #3, .T. ) ;
#1789 = LINE ( 'NONE', #3832, #2550 ) ;
#1790 = DIRECTION ( 'NONE',  ( 0.0000000000000000000, 0.0000000000000000000, 1.000000000000000000 ) ) ;
#1791 = EDGE_CURVE ( 'NONE', #1376, #3424, #1234, .T. ) ;
#1792 = LINE ( 'NONE', #714, #2168 ) ;
#1793 = CARTESIAN_POINT ( 'NONE',  ( -0.1554999999999995600, -0.1013284962632952600, -0.3712869055315191600 ) ) ;
#1794 = DIRECTION ( 'NONE',  ( 0.0000000000000000000, 1.000000000000000000, 2.134256245050228400E-016 ) ) ;
#1795 = CARTESIAN_POINT ( 'NONE',  ( 0.1555000000000000300, 2.777856705840868500E-017, -0.6010000000000000900 ) ) ;
#1796 = DIRECTION ( 'NONE',  ( 1.000000000000000000, 4.717671354191793800E-016, -1.605975933603797300E-015 ) ) ;
#1797 = VERTEX_POINT ( 'NONE', #3151 ) ;
#1798 = EDGE_CURVE ( 'NONE', #3742, #2931, #288, .T. ) ;
#1799 = VERTEX_POINT ( 'NONE', #1649 ) ;
#1800 = DIRECTION ( 'NONE',  ( -1.000000000000000000, 0.0000000000000000000, 0.0000000000000000000 ) ) ;
#1801 = ORIENTED_EDGE ( 'NONE', *, *, #3476, .T. ) ;
#1802 = VERTEX_POINT ( 'NONE', #3759 ) ;
#1803 = ORIENTED_EDGE ( 'NONE', *, *, #2346, .T. ) ;
#1804 = ORIENTED_EDGE ( 'NONE', *, *, #1719, .F. ) ;
#1805 = AXIS2_PLACEMENT_3D ( 'NONE', #1064, #3161, #1356 ) ;
#1806 = ORIENTED_EDGE ( 'NONE', *, *, #1920, .T. ) ;
#1807 = CARTESIAN_POINT ( 'NONE',  ( 0.4437842712474622800, -0.2094974746830582900, -0.4269999999999999900 ) ) ;
#1808 = ORIENTED_EDGE ( 'NONE', *, *, #3225, .F. ) ;
#1809 = FACE_OUTER_BOUND ( 'NONE', #57, .T. ) ;
#1810 = DIRECTION ( 'NONE',  ( -0.0000000000000000000, -1.000000000000000000, -0.0000000000000000000 ) ) ;
#1811 = ORIENTED_EDGE ( 'NONE', *, *, #2102, .F. ) ;
#1812 = LINE ( 'NONE', #1785, #1293 ) ;
#1813 = VECTOR ( 'NONE', #717, 39.37007874015748100 ) ;
#1814 = EDGE_CURVE ( 'NONE', #1873, #229, #2498, .T. ) ;
#1815 = ORIENTED_EDGE ( 'NONE', *, *, #2928, .F. ) ;
#1816 = DIRECTION ( 'NONE',  ( 1.000000000000000000, -0.0000000000000000000, -0.0000000000000000000 ) ) ;
#1817 = LINE ( 'NONE', #695, #2286 ) ;
#1818 = ADVANCED_FACE ( 'NONE', ( #687 ), #2864, .F. ) ;
#1819 = CARTESIAN_POINT ( 'NONE',  ( -0.2179999999999999700, 0.0000000000000000000, -0.3359999999999999100 ) ) ;
#1820 = ORIENTED_EDGE ( 'NONE', *, *, #1902, .F. ) ;
#1821 = DIRECTION ( 'NONE',  ( -1.000000000000000000, -0.0000000000000000000, -0.0000000000000000000 ) ) ;
#1822 = EDGE_CURVE ( 'NONE', #221, #1987, #2210, .T. ) ;
#1823 = AXIS2_PLACEMENT_3D ( 'NONE', #2547, #764, #2857 ) ;
#1824 = CARTESIAN_POINT ( 'NONE',  ( 0.2804999999999999700, 0.009135454576426060800, -0.5969326335692420900 ) ) ;
#1825 = DIRECTION ( 'NONE',  ( -1.213184216936838900E-031, 1.000000000000000000, -1.110223024625154200E-016 ) ) ;
#1826 = DIRECTION ( 'NONE',  ( 0.7071067811865489100, 0.7071067811865461300, 0.0000000000000000000 ) ) ;
#1827 = DIRECTION ( 'NONE',  ( -1.000000000000000000, 0.0000000000000000000, 0.0000000000000000000 ) ) ;
#1828 = AXIS2_PLACEMENT_3D ( 'NONE', #478, #3166, #1359 ) ;
#1829 = DIRECTION ( 'NONE',  ( -1.000000000000000000, -0.0000000000000000000, -1.092739197465705300E-015 ) ) ;
#1830 = CARTESIAN_POINT ( 'NONE',  ( 0.2805000000000000300, 0.0000000000000000000, -0.4390242689855161600 ) ) ;
#1831 = CYLINDRICAL_SURFACE ( 'NONE', #2868, 0.007499999999999997100 ) ;
#1832 = CIRCLE ( 'NONE', #2516, 0.01000000000000003000 ) ;
#1833 =( NAMED_UNIT ( * ) PLANE_ANGLE_UNIT ( ) SI_UNIT ( $, .RADIAN. ) );
#1834 = LINE ( 'NONE', #3755, #1549 ) ;
#1835 = PLANE ( 'NONE',  #2956 ) ;
#1836 = EDGE_CURVE ( 'NONE', #1896, #2333, #2582, .T. ) ;
#1837 = ADVANCED_FACE ( 'NONE', ( #2344 ), #789, .T. ) ;
#1838 = LINE ( 'NONE', #422, #1694 ) ;
#1839 = LINE ( 'NONE', #2373, #3522 ) ;
#1840 = LINE ( 'NONE', #1964, #3239 ) ;
#1841 = ORIENTED_EDGE ( 'NONE', *, *, #286, .F. ) ;
#1842 = ORIENTED_EDGE ( 'NONE', *, *, #3864, .T. ) ;
#1843 = CARTESIAN_POINT ( 'NONE',  ( 0.4054999999999999700, -0.009999999999999956800, -0.5819999999999999600 ) ) ;
#1844 = AXIS2_PLACEMENT_3D ( 'NONE', #1050, #3146, #1346 ) ;
#1845 = CARTESIAN_POINT ( 'NONE',  ( -0.4155000000000004800, -0.1460000000000005200, -0.3649999999999999900 ) ) ;
#1846 = PLANE ( 'NONE',  #3471 ) ;
#1847 = VERTEX_POINT ( 'NONE', #3477 ) ;
#1848 = ORIENTED_EDGE ( 'NONE', *, *, #723, .F. ) ;
#1849 = ORIENTED_EDGE ( 'NONE', *, *, #527, .F. ) ;
#1850 = DIRECTION ( 'NONE',  ( -4.216446464779314800E-016, 0.0000000000000000000, 1.000000000000000000 ) ) ;
#1851 = EDGE_CURVE ( 'NONE', #508, #1375, #3520, .T. ) ;
#1852 = ORIENTED_EDGE ( 'NONE', *, *, #2799, .T. ) ;
#1853 = ORIENTED_EDGE ( 'NONE', *, *, #3360, .T. ) ;
#1854 = ORIENTED_EDGE ( 'NONE', *, *, #3455, .F. ) ;
#1855 = ADVANCED_FACE ( 'NONE', ( #298 ), #1044, .F. ) ;
#1856 = DIRECTION ( 'NONE',  ( 0.0000000000000000000, 1.000000000000000000, 0.0000000000000000000 ) ) ;
#1857 = CARTESIAN_POINT ( 'NONE',  ( -0.4155000000000005400, -0.1649999999999999800, -0.3649999999999999400 ) ) ;
#1858 = LINE ( 'NONE', #3421, #2004 ) ;
#1859 = DIRECTION ( 'NONE',  ( 0.0000000000000000000, 0.0000000000000000000, 1.000000000000000000 ) ) ;
#1860 = CARTESIAN_POINT ( 'NONE',  ( 0.1555000000000000300, 0.0000000000000000000, -0.6009999999999999800 ) ) ;
#1861 = ORIENTED_EDGE ( 'NONE', *, *, #3483, .T. ) ;
#1862 = FACE_OUTER_BOUND ( 'NONE', #688, .T. ) ;
#1863 = LENGTH_MEASURE_WITH_UNIT ( LENGTH_MEASURE( 0.02539999999999999900 ), #2554 );
#1864 = DIRECTION ( 'NONE',  ( 1.935519833567797400E-015, 0.4067366430757947700, -0.9135454576426033100 ) ) ;
#1865 = ORIENTED_EDGE ( 'NONE', *, *, #3609, .T. ) ;
#1866 = EDGE_CURVE ( 'NONE', #3165, #2030, #2160, .T. ) ;
#1867 = EDGE_LOOP ( 'NONE', ( #3662, #3597, #397 ) ) ;
#1869 = DIRECTION ( 'NONE',  ( -1.000000000000000000, 5.842309696637490800E-016, -1.858573841051372800E-015 ) ) ;
#1868 = CARTESIAN_POINT ( 'NONE',  ( -0.4437842712474622800, -0.2094974746830582100, -0.4269999999999999900 ) ) ;
#1870 = CARTESIAN_POINT ( 'NONE',  ( -0.1554999999999999400, 0.0000000000000000000, -0.4390242689855161600 ) ) ;
#1871 = EDGE_CURVE ( 'NONE', #2790, #1766, #3343, .T. ) ;
#1872 = CARTESIAN_POINT ( 'NONE',  ( 0.03300000000000018200, 0.0000000000000000000, -0.08699999999999999400 ) ) ;
#1873 = VERTEX_POINT ( 'NONE', #2581 ) ;
#1874 = DIRECTION ( 'NONE',  ( 1.589164445232766100E-016, 3.594536833768764100E-015, 1.000000000000000000 ) ) ;
#1875 = DIRECTION ( 'NONE',  ( -0.0000000000000000000, -1.000000000000000000, -0.0000000000000000000 ) ) ;
#1876 = ADVANCED_FACE ( 'NONE', ( #1269 ), #1088, .T. ) ;
#1877 = LINE ( 'NONE', #2880, #532 ) ;
#1878 = ORIENTED_EDGE ( 'NONE', *, *, #421, .F. ) ;
#1879 = FACE_OUTER_BOUND ( 'NONE', #1098, .T. ) ;
#1880 = AXIS2_PLACEMENT_3D ( 'NONE', #3061, #1259, #3368 ) ;
#1881 = DIRECTION ( 'NONE',  ( -0.7071067811865486800, 0.7071067811865463500, 0.0000000000000000000 ) ) ;
#1882 = CARTESIAN_POINT ( 'NONE',  ( -0.4367132034355968300, -0.2024264068711927300, -0.3649999999999999400 ) ) ;
#1883 = DIRECTION ( 'NONE',  ( -2.845674993400267000E-016, 1.000000000000000000, 0.0000000000000000000 ) ) ;
#1884 = FACE_OUTER_BOUND ( 'NONE', #1867, .T. ) ;
#1885 = FACE_OUTER_BOUND ( 'NONE', #3188, .T. ) ;
#1886 = CARTESIAN_POINT ( 'NONE',  ( 0.4155000000000005400, -0.1649999999999999200, -0.4269999999999999900 ) ) ;
#1887 = EDGE_CURVE ( 'NONE', #1659, #1361, #763, .T. ) ;
#1888 = DIRECTION ( 'NONE',  ( 0.7071067811865486800, 0.7071067811865463500, 0.0000000000000000000 ) ) ;
#1889 = ORIENTED_EDGE ( 'NONE', *, *, #1087, .T. ) ;
#1890 = LINE ( 'NONE', #3172, #141 ) ;
#1891 = ORIENTED_EDGE ( 'NONE', *, *, #3187, .T. ) ;
#1892 = EDGE_LOOP ( 'NONE', ( #114, #2177, #3093, #2033 ) ) ;
#1893 = EDGE_CURVE ( 'NONE', #832, #497, #3445, .T. ) ;
#1894 = AXIS2_PLACEMENT_3D ( 'NONE', #1230, #3335, #1531 ) ;
#1895 = ORIENTED_EDGE ( 'NONE', *, *, #3838, .T. ) ;
#1896 = VERTEX_POINT ( 'NONE', #3804 ) ;
#1897 = CARTESIAN_POINT ( 'NONE',  ( -0.0004999999999999462300, 0.0000000000000000000, -0.03249999999999999400 ) ) ;
#1898 = DIRECTION ( 'NONE',  ( -0.0000000000000000000, -1.000000000000000000, -0.0000000000000000000 ) ) ;
#1899 = ORIENTED_EDGE ( 'NONE', *, *, #3585, .F. ) ;
#1900 = CARTESIAN_POINT ( 'NONE',  ( -0.1489999999999999900, -0.009999999999999974200, 1.696733714814914400E-017 ) ) ;
#1901 = ORIENTED_EDGE ( 'NONE', *, *, #2176, .T. ) ;
#1902 = EDGE_CURVE ( 'NONE', #910, #3462, #1367, .T. ) ;
#1903 = DIRECTION ( 'NONE',  ( 0.0000000000000000000, 1.000000000000000000, 0.0000000000000000000 ) ) ;
#1904 = DIRECTION ( 'NONE',  ( 1.589164445232859300E-016, 9.355643813918720600E-016, 1.000000000000000000 ) ) ;
#1905 = ORIENTED_EDGE ( 'NONE', *, *, #2898, .F. ) ;
#1906 = FACE_OUTER_BOUND ( 'NONE', #830, .T. ) ;
#1907 = AXIS2_PLACEMENT_3D ( 'NONE', #677, #2759, #980 ) ;
#1908 = ORIENTED_EDGE ( 'NONE', *, *, #1262, .F. ) ;
#1909 = CARTESIAN_POINT ( 'NONE',  ( 0.4162071067811869400, -0.2229325035256027000, -0.3959999999999999600 ) ) ;
#1910 = LINE ( 'NONE', #2351, #1305 ) ;
#1911 = AXIS2_PLACEMENT_3D ( 'NONE', #1173, #1241, #3652 ) ;
#1912 = CARTESIAN_POINT ( 'NONE',  ( -0.4205000000000005400, -0.1649999999999998400, -0.4269999999999999900 ) ) ;
#1913 = VECTOR ( 'NONE', #2540, 39.37007874015748100 ) ;
#1914 = PLANE ( 'NONE',  #614 ) ;
#1915 = ORIENTED_EDGE ( 'NONE', *, *, #728, .T. ) ;
#1916 = DIRECTION ( 'NONE',  ( -1.000000000000000000, 0.0000000000000000000, 1.589164445232891900E-016 ) ) ;
#1917 = CARTESIAN_POINT ( 'NONE',  ( -0.1489999999999999900, 3.491481338843121800E-017, 0.01999999999999999700 ) ) ;
#1918 = PLANE ( 'NONE',  #1242 ) ;
#1919 = DIRECTION ( 'NONE',  ( 2.108223232389658400E-016, 0.0000000000000000000, 1.000000000000000000 ) ) ;
#1920 = EDGE_CURVE ( 'NONE', #1797, #2560, #812, .T. ) ;
#1921 = DIRECTION ( 'NONE',  ( 1.000000000000000000, 0.0000000000000000000, 0.0000000000000000000 ) ) ;
#1922 = FACE_OUTER_BOUND ( 'NONE', #1553, .T. ) ;
#1923 = CARTESIAN_POINT ( 'NONE',  ( -0.06250000000000000000, 0.0000000000000000000, -0.09450000000000004200 ) ) ;
#1924 = CYLINDRICAL_SURFACE ( 'NONE', #2910, 0.01999999999999992400 ) ;
#1925 = ORIENTED_EDGE ( 'NONE', *, *, #1489, .F. ) ;
#1926 = CARTESIAN_POINT ( 'NONE',  ( 0.008000000000000000200, 0.0000000000000000000, -0.04000000000000004900 ) ) ;
#1927 = ORIENTED_EDGE ( 'NONE', *, *, #3284, .T. ) ;
#1928 = VECTOR ( 'NONE', #1952, 39.37007874015748100 ) ;
#1929 = AXIS2_PLACEMENT_3D ( 'NONE', #1778, #3884, #2074 ) ;
#1930 = VECTOR ( 'NONE', #1228, 39.37007874015748100 ) ;
#1931 = FACE_OUTER_BOUND ( 'NONE', #3123, .T. ) ;
#1932 = ORIENTED_EDGE ( 'NONE', *, *, #3259, .F. ) ;
#1933 = VERTEX_POINT ( 'NONE', #2604 ) ;
#1934 = CARTESIAN_POINT ( 'NONE',  ( -0.05499999999999994500, 0.01000000000000000000, -0.1029999999999999900 ) ) ;
#1935 = CARTESIAN_POINT ( 'NONE',  ( -0.4055000000000000300, -0.009999999999999892700, -0.5819999999999999600 ) ) ;
#1936 = VERTEX_POINT ( 'NONE', #2306 ) ;
#1937 = EDGE_CURVE ( 'NONE', #2791, #1024, #493, .T. ) ;
#1938 = CARTESIAN_POINT ( 'NONE',  ( 0.2179999999999995000, -0.1013284962632952600, -0.3187869055315189500 ) ) ;
#1939 = ORIENTED_EDGE ( 'NONE', *, *, #56, .T. ) ;
#1940 = ORIENTED_EDGE ( 'NONE', *, *, #3383, .T. ) ;
#1941 = VERTEX_POINT ( 'NONE', #1412 ) ;
#1942 = PLANE ( 'NONE',  #1823 ) ;
#1943 = EDGE_CURVE ( 'NONE', #3402, #1426, #676, .T. ) ;
#1944 = CARTESIAN_POINT ( 'NONE',  ( -0.1555000000000000300, 0.01000000000000000000, -0.6009999999999999800 ) ) ;
#1945 = ORIENTED_EDGE ( 'NONE', *, *, #1614, .T. ) ;
#1946 = ORIENTED_EDGE ( 'NONE', *, *, #234, .T. ) ;
#1947 = FILL_AREA_STYLE_COLOUR ( '', #3514 ) ;
#1948 = DIRECTION ( 'NONE',  ( -1.000000000000000000, 3.503246160812042700E-046, 2.201087457280779800E-016 ) ) ;
#1949 = DIRECTION ( 'NONE',  ( 1.000000000000000000, 0.0000000000000000000, 1.092739197465705300E-015 ) ) ;
#1950 = ORIENTED_EDGE ( 'NONE', *, *, #2243, .F. ) ;
#1951 = VECTOR ( 'NONE', #652, 39.37007874015748100 ) ;
#1952 = DIRECTION ( 'NONE',  ( 2.222285364672696300E-016, -0.9135454576426033100, -0.4067366430757947700 ) ) ;
#1953 = VERTEX_POINT ( 'NONE', #1115 ) ;
#1954 = VECTOR ( 'NONE', #310, 39.37007874015748100 ) ;
#1955 = AXIS2_PLACEMENT_3D ( 'NONE', #2375, #895, #2977 ) ;
#1956 = VECTOR ( 'NONE', #1148, 39.37007874015748100 ) ;
#1957 = PLANE ( 'NONE',  #2220 ) ;
#1958 = ORIENTED_EDGE ( 'NONE', *, *, #1134, .F. ) ;
#1959 = DIRECTION ( 'NONE',  ( -1.000000000000000000, 3.274475334871550500E-015, -1.589164445232889900E-016 ) ) ;
#1960 = VECTOR ( 'NONE', #2389, 39.37007874015748100 ) ;
#1961 = PRODUCT_DEFINITION ( 'UNKNOWN', '', #2565, #1350 ) ;
#1962 = PRODUCT_CONTEXT ( 'NONE', #1656, 'mechanical' ) ;
#1963 = DIRECTION ( 'NONE',  ( 0.0000000000000000000, 1.000000000000000000, 0.0000000000000000000 ) ) ;
#1964 = CARTESIAN_POINT ( 'NONE',  ( -0.1554999999999995600, -0.1013284962632952600, -0.3712869055315191600 ) ) ;
#1965 = EDGE_CURVE ( 'NONE', #120, #2676, #146, .T. ) ;
#1966 = CARTESIAN_POINT ( 'NONE',  ( -0.3954999999999999100, 0.01000000000000000000, -0.2109999999999998500 ) ) ;
#1967 = ADVANCED_FACE ( 'NONE', ( #634 ), #536, .F. ) ;
#1968 = DIRECTION ( 'NONE',  ( -0.7596915262653136700, 0.0000000000000000000, -0.6502836188315664900 ) ) ;
#1969 = LINE ( 'NONE', #1006, #2265 ) ;
#1970 = DIRECTION ( 'NONE',  ( 1.000000000000000000, 0.0000000000000000000, -0.0000000000000000000 ) ) ;
#1971 = LINE ( 'NONE', #2783, #2492 ) ;
#1972 = ORIENTED_EDGE ( 'NONE', *, *, #530, .T. ) ;
#1973 = FACE_OUTER_BOUND ( 'NONE', #1209, .T. ) ;
#1974 = DIRECTION ( 'NONE',  ( 2.222285364672696300E-016, -0.9135454576426033100, -0.4067366430757947700 ) ) ;
#1975 = EDGE_CURVE ( 'NONE', #1034, #1014, #2109, .T. ) ;
#1976 = CARTESIAN_POINT ( 'NONE',  ( 0.3955000000000000700, -9.604153102725925500E-017, -0.5819999999999999600 ) ) ;
#1977 = CARTESIAN_POINT ( 'NONE',  ( 0.0000000000000000000, 0.01000000000000000000, -0.9350000000000000500 ) ) ;
#1978 = CYLINDRICAL_SURFACE ( 'NONE', #3376, 0.02500000000000000500 ) ;
#1979 = CIRCLE ( 'NONE', #1510, 0.06250000000000001400 ) ;
#1980 = CIRCLE ( 'NONE', #3751, 0.06250000000000001400 ) ;
#1981 = DIRECTION ( 'NONE',  ( 0.0000000000000000000, 0.0000000000000000000, -1.000000000000000000 ) ) ;
#1982 = AXIS2_PLACEMENT_3D ( 'NONE', #1332, #1043, #2523 ) ;
#1983 = ORIENTED_EDGE ( 'NONE', *, *, #3244, .F. ) ;
#1984 = CIRCLE ( 'NONE', #2855, 0.06250000000000001400 ) ;
#1985 = EDGE_LOOP ( 'NONE', ( #2322, #3727, #452 ) ) ;
#1986 = DIRECTION ( 'NONE',  ( 1.000000000000000000, 3.491481338843133000E-015, 0.0000000000000000000 ) ) ;
#1987 = VERTEX_POINT ( 'NONE', #847 ) ;
#1988 = CARTESIAN_POINT ( 'NONE',  ( -0.3954999999999999100, 0.0000000000000000000, -0.2109999999999998500 ) ) ;
#1989 = CARTESIAN_POINT ( 'NONE',  ( 0.4055000000000004200, -0.1459999999999999900, -0.2109999999999998000 ) ) ;
#1990 = ADVANCED_FACE ( 'NONE', ( #1419 ), #2621, .T. ) ;
#1991 = VERTEX_POINT ( 'NONE', #551 ) ;
#1992 = DIRECTION ( 'NONE',  ( -3.274475334871550500E-015, -1.000000000000000000, -3.503246160812042700E-046 ) ) ;
#1993 = ORIENTED_EDGE ( 'NONE', *, *, #553, .F. ) ;
#1994 = EDGE_CURVE ( 'NONE', #3693, #1076, #2021, .T. ) ;
#1995 = CARTESIAN_POINT ( 'NONE',  ( -0.4205000000000005400, -0.1649999999999998400, -0.4269999999999999900 ) ) ;
#1996 = VERTEX_POINT ( 'NONE', #1442 ) ;
#1997 = PLANE ( 'NONE',  #3637 ) ;
#1998 = ORIENTED_EDGE ( 'NONE', *, *, #912, .F. ) ;
#1999 = EDGE_LOOP ( 'NONE', ( #278, #2797, #967 ) ) ;
#2000 = EDGE_CURVE ( 'NONE', #1240, #1749, #50, .T. ) ;
#2001 = FACE_OUTER_BOUND ( 'NONE', #2473, .T. ) ;
#2002 = ORIENTED_EDGE ( 'NONE', *, *, #2779, .T. ) ;
#2003 = LINE ( 'NONE', #603, #1438 ) ;
#2004 = VECTOR ( 'NONE', #1611, 39.37007874015748900 ) ;
#2005 = FACE_OUTER_BOUND ( 'NONE', #3770, .T. ) ;
#2006 = DIRECTION ( 'NONE',  ( 0.0000000000000000000, -2.134256245050228400E-016, 1.000000000000000000 ) ) ;
#2007 = ORIENTED_EDGE ( 'NONE', *, *, #553, .T. ) ;
#2008 = FACE_OUTER_BOUND ( 'NONE', #3644, .T. ) ;
#2009 = ADVANCED_FACE ( 'NONE', ( #913 ), #1152, .F. ) ;
#2010 = AXIS2_PLACEMENT_3D ( 'NONE', #1056, #1949, #152 ) ;
#2011 = CARTESIAN_POINT ( 'NONE',  ( 0.03300000000000018200, 0.01000000000000000000, -0.08699999999999999400 ) ) ;
#2012 = DIRECTION ( 'NONE',  ( -0.0000000000000000000, 1.000000000000000000, -0.0000000000000000000 ) ) ;
#2013 = ORIENTED_EDGE ( 'NONE', *, *, #234, .F. ) ;
#2014 = DIRECTION ( 'NONE',  ( -1.000000000000000000, -0.0000000000000000000, 1.067128122525103200E-016 ) ) ;
#2015 = EDGE_CURVE ( 'NONE', #2089, #1376, #1218, .T. ) ;
#2016 = CARTESIAN_POINT ( 'NONE',  ( -0.3955000000000000700, -0.009999999999999918700, -0.5819999999999999600 ) ) ;
#2017 = ORIENTED_EDGE ( 'NONE', *, *, #2176, .F. ) ;
#2018 = LINE ( 'NONE', #1590, #1083 ) ;
#2019 = EDGE_CURVE ( 'NONE', #934, #2514, #963, .T. ) ;
#2020 = CARTESIAN_POINT ( 'NONE',  ( -0.3955000000000000700, -2.561107494060246800E-017, -0.5819999999999999600 ) ) ;
#2021 = CIRCLE ( 'NONE', #143, 0.1212383095312846900 ) ;
#2022 = VECTOR ( 'NONE', #803, 39.37007874015748100 ) ;
#2023 = DIRECTION ( 'NONE',  ( 1.000000000000000000, -3.491481338843133000E-015, 1.589164445232891600E-016 ) ) ;
#2024 = ORIENTED_EDGE ( 'NONE', *, *, #1267, .F. ) ;
#2025 = FACE_OUTER_BOUND ( 'NONE', #2918, .T. ) ;
#2026 = CARTESIAN_POINT ( 'NONE',  ( -0.4155000000000005400, -0.1649999999999999800, -0.4269999999999999900 ) ) ;
#2027 = ADVANCED_FACE ( 'NONE', ( #2820 ), #3267, .F. ) ;
#2028 = CIRCLE ( 'NONE', #387, 0.1212383095312846900 ) ;
#2029 = DIRECTION ( 'NONE',  ( -1.000000000000000000, 0.0000000000000000000, 0.0000000000000000000 ) ) ;
#2030 = VERTEX_POINT ( 'NONE', #3859 ) ;
#2031 = AXIS2_PLACEMENT_3D ( 'NONE', #1995, #195, #2292 ) ;
#2032 = ORIENTED_EDGE ( 'NONE', *, *, #52, .F. ) ;
#2033 = ORIENTED_EDGE ( 'NONE', *, *, #2042, .T. ) ;
#2034 = CARTESIAN_POINT ( 'NONE',  ( -0.2804999999999999700, 0.009135454576426060800, -0.5969326335692420900 ) ) ;
#2035 = CARTESIAN_POINT ( 'NONE',  ( -0.4155000000000005400, -0.1649999999999999800, -0.4269999999999999900 ) ) ;
#2036 = EDGE_LOOP ( 'NONE', ( #2410, #3411, #2675, #2327 ) ) ;
#2037 = ORIENTED_EDGE ( 'NONE', *, *, #549, .T. ) ;
#2038 = DIRECTION ( 'NONE',  ( -1.589164445232891900E-016, 0.0000000000000000000, -1.000000000000000000 ) ) ;
#2039 = ORIENTED_EDGE ( 'NONE', *, *, #1920, .F. ) ;
#2040 = CARTESIAN_POINT ( 'NONE',  ( 0.4055000000000004200, -0.1459999999999999900, -0.4269999999999999400 ) ) ;
#2041 = ORIENTED_EDGE ( 'NONE', *, *, #3101, .T. ) ;
#2042 = EDGE_CURVE ( 'NONE', #3165, #3563, #3854, .T. ) ;
#2043 = DIRECTION ( 'NONE',  ( 0.0000000000000000000, 1.000000000000000000, 0.0000000000000000000 ) ) ;
#2044 = DIRECTION ( 'NONE',  ( 0.7071067811865486800, 0.7071067811865463500, 0.0000000000000000000 ) ) ;
#2045 = ORIENTED_EDGE ( 'NONE', *, *, #2503, .F. ) ;
#2046 = AXIS2_PLACEMENT_3D ( 'NONE', #2564, #780, #2869 ) ;
#2047 = CARTESIAN_POINT ( 'NONE',  ( 0.008000000000000000200, 0.0000000000000000000, -0.1280000000000001700 ) ) ;
#2048 = ORIENTED_EDGE ( 'NONE', *, *, #111, .T. ) ;
#2049 = ADVANCED_FACE ( 'NONE', ( #2254 ), #1770, .F. ) ;
#2050 = FACE_OUTER_BOUND ( 'NONE', #3765, .T. ) ;
#2051 = ORIENTED_EDGE ( 'NONE', *, *, #684, .T. ) ;
#2052 = EDGE_CURVE ( 'NONE', #1366, #1653, #3570, .T. ) ;
#2053 = FACE_BOUND ( 'NONE', #407, .T. ) ;
#2054 = DIRECTION ( 'NONE',  ( -1.000000000000000000, 0.0000000000000000000, 1.589164445232891900E-016 ) ) ;
#2055 = VERTEX_POINT ( 'NONE', #2662 ) ;
#2056 = DIRECTION ( 'NONE',  ( -1.000000000000000000, -0.0000000000000000000, -1.092739197465705300E-015 ) ) ;
#2057 = LINE ( 'NONE', #1868, #1349 ) ;
#2058 = CARTESIAN_POINT ( 'NONE',  ( -0.2179999999999999700, 0.01000000000000000000, -0.3359999999999999100 ) ) ;
#2059 = CARTESIAN_POINT ( 'NONE',  ( 0.2804999999999995800, -0.1013284962632952600, -0.3187869055315190000 ) ) ;
#2060 = DIRECTION ( 'NONE',  ( 0.0000000000000000000, 1.000000000000000000, 0.0000000000000000000 ) ) ;
#2061 = AXIS2_PLACEMENT_3D ( 'NONE', #3594, #3899, #292 ) ;
#2062 = CARTESIAN_POINT ( 'NONE',  ( 0.3942867965644039600, -0.2448528137423857700, -0.3959999999999999600 ) ) ;
#2063 = DIRECTION ( 'NONE',  ( 0.0000000000000000000, 1.000000000000000000, -0.0000000000000000000 ) ) ;
#2064 = ADVANCED_FACE ( 'NONE', ( #3805 ), #3579, .T. ) ;
#2065 = DIRECTION ( 'NONE',  ( -0.0000000000000000000, -0.0000000000000000000, 1.000000000000000000 ) ) ;
#2066 = EDGE_CURVE ( 'NONE', #3693, #2680, #3478, .T. ) ;
#2067 = EDGE_LOOP ( 'NONE', ( #3825, #1958, #1385, #1561 ) ) ;
#2068 = CYLINDRICAL_SURFACE ( 'NONE', #2260, 0.007499999999999997100 ) ;
#2069 = DIRECTION ( 'NONE',  ( -0.7071067811865485700, -0.7071067811865463500, 0.0000000000000000000 ) ) ;
#2070 = DIRECTION ( 'NONE',  ( -0.7071067811865486800, 0.7071067811865463500, 0.0000000000000000000 ) ) ;
#2071 = EDGE_CURVE ( 'NONE', #1226, #3742, #136, .T. ) ;
#2072 = CARTESIAN_POINT ( 'NONE',  ( -0.1554999999999995600, -0.1004639508397212500, -0.3753542719622771600 ) ) ;
#2073 = LINE ( 'NONE', #2687, #965 ) ;
#2074 = DIRECTION ( 'NONE',  ( 0.0000000000000000000, 0.0000000000000000000, 1.000000000000000000 ) ) ;
#2075 = ORIENTED_EDGE ( 'NONE', *, *, #3383, .F. ) ;
#2076 = ORIENTED_EDGE ( 'NONE', *, *, #3745, .F. ) ;
#2077 = DIRECTION ( 'NONE',  ( -0.0000000000000000000, -1.000000000000000000, -0.0000000000000000000 ) ) ;
#2078 = CARTESIAN_POINT ( 'NONE',  ( 0.3955000000000000700, 0.009999999999999904800, -0.5819999999999999600 ) ) ;
#2079 = DIRECTION ( 'NONE',  ( 0.0000000000000000000, 2.134256245050228400E-016, -1.000000000000000000 ) ) ;
#2080 = ORIENTED_EDGE ( 'NONE', *, *, #1055, .F. ) ;
#2081 = ORIENTED_EDGE ( 'NONE', *, *, #1798, .T. ) ;
#2082 = DIRECTION ( 'NONE',  ( -1.000000000000000000, -3.491481338843133000E-015, 1.589164445232891600E-016 ) ) ;
#2083 = ORIENTED_EDGE ( 'NONE', *, *, #3305, .F. ) ;
#2084 = ADVANCED_FACE ( 'NONE', ( #3622 ), #41, .F. ) ;
#2085 = DIRECTION ( 'NONE',  ( -0.0000000000000000000, 1.000000000000000000, -0.0000000000000000000 ) ) ;
#2086 = ORIENTED_EDGE ( 'NONE', *, *, #1237, .T. ) ;
#2087 = ORIENTED_EDGE ( 'NONE', *, *, #3101, .F. ) ;
#2088 = EDGE_CURVE ( 'NONE', #3025, #1802, #3152, .T. ) ;
#2089 = VERTEX_POINT ( 'NONE', #2690 ) ;
#2090 = FACE_OUTER_BOUND ( 'NONE', #3828, .T. ) ;
#2091 = DIRECTION ( 'NONE',  ( 6.504399984914914400E-016, 0.0000000000000000000, -1.000000000000000000 ) ) ;
#2092 = EDGE_LOOP ( 'NONE', ( #2478, #2887, #3779, #3440 ) ) ;
#2093 = VECTOR ( 'NONE', #2753, 39.37007874015748900 ) ;
#2094 = CARTESIAN_POINT ( 'NONE',  ( 0.1555000000000000300, 2.777856705840868500E-017, -0.6010000000000000900 ) ) ;
#2095 = EDGE_CURVE ( 'NONE', #1799, #1147, #867, .T. ) ;
#2096 = VECTOR ( 'NONE', #2979, 39.37007874015748100 ) ;
#2097 = AXIS2_PLACEMENT_3D ( 'NONE', #20, #3321, #2119 ) ;
#2098 = DIRECTION ( 'NONE',  ( 0.0000000000000000000, 0.0000000000000000000, -1.000000000000000000 ) ) ;
#2099 = LINE ( 'NONE', #2632, #1956 ) ;
#2100 = EDGE_LOOP ( 'NONE', ( #1600, #2048, #1901, #3021 ) ) ;
#2101 = CARTESIAN_POINT ( 'NONE',  ( 0.4155000000000004800, -0.1459999999999999100, -0.2109999999999998000 ) ) ;
#2102 = EDGE_CURVE ( 'NONE', #3681, #1896, #3487, .T. ) ;
#2103 = AXIS2_PLACEMENT_3D ( 'NONE', #356, #3055, #1250 ) ;
#2104 = CARTESIAN_POINT ( 'NONE',  ( -0.4367132034355968900, -0.2024264068711927600, -0.3649999999999999400 ) ) ;
#2105 = CARTESIAN_POINT ( 'NONE',  ( -0.1915967057228170300, 0.01000000000000000000, -0.7294478111131770200 ) ) ;
#2106 = PLANE ( 'NONE',  #1692 ) ;
#2107 = CARTESIAN_POINT ( 'NONE',  ( -0.4232781745930524500, -0.2300035713374681300, -0.3959999999999999600 ) ) ;
#2108 = AXIS2_PLACEMENT_3D ( 'NONE', #2058, #265, #2358 ) ;
#2109 = LINE ( 'NONE', #2034, #1225 ) ;
#2110 = CARTESIAN_POINT ( 'NONE',  ( -0.4055000000000004200, -0.1459999999999999900, -0.2109999999999998000 ) ) ;
#2111 = VECTOR ( 'NONE', #2360, 39.37007874015748100 ) ;
#2112 = ORIENTED_EDGE ( 'NONE', *, *, #241, .T. ) ;
#2113 = LINE ( 'NONE', #19, #3351 ) ;
#2114 = DIRECTION ( 'NONE',  ( 1.000000000000000000, 0.0000000000000000000, 0.0000000000000000000 ) ) ;
#2115 = ORIENTED_EDGE ( 'NONE', *, *, #679, .T. ) ;
#2116 = DIRECTION ( 'NONE',  ( 0.0000000000000000000, 0.0000000000000000000, -1.000000000000000000 ) ) ;
#2117 = DIRECTION ( 'NONE',  ( -0.0000000000000000000, 1.000000000000000000, -0.0000000000000000000 ) ) ;
#2118 = DIRECTION ( 'NONE',  ( -0.0000000000000000000, 1.000000000000000000, -0.0000000000000000000 ) ) ;
#2119 = DIRECTION ( 'NONE',  ( -0.7071067811865469100, -0.7071067811865480200, 0.0000000000000000000 ) ) ;
#2120 = CARTESIAN_POINT ( 'NONE',  ( 0.3955000000000000700, -0.01000000000000006800, -0.2109999999999999400 ) ) ;
#2121 = VERTEX_POINT ( 'NONE', #323 ) ;
#2122 = VECTOR ( 'NONE', #2886, 39.37007874015748100 ) ;
#2123 = EDGE_CURVE ( 'NONE', #2633, #537, #2355, .T. ) ;
#2124 = FACE_OUTER_BOUND ( 'NONE', #3361, .T. ) ;
#2125 = ORIENTED_EDGE ( 'NONE', *, *, #1851, .F. ) ;
#2126 = CARTESIAN_POINT ( 'NONE',  ( -0.1554999999999994700, -0.1013284962632952600, -0.3187869055315189500 ) ) ;
#2127 = EDGE_LOOP ( 'NONE', ( #1048, #3691, #790, #1752 ) ) ;
#2128 = ORIENTED_EDGE ( 'NONE', *, *, #3627, .T. ) ;
#2129 = ORIENTED_EDGE ( 'NONE', *, *, #3177, .T. ) ;
#2130 = ORIENTED_EDGE ( 'NONE', *, *, #2199, .T. ) ;
#2131 = DIRECTION ( 'NONE',  ( 2.222285364672696300E-016, -0.9135454576426033100, -0.4067366430757947700 ) ) ;
#2132 = CARTESIAN_POINT ( 'NONE',  ( -0.008000000000000000200, 0.01000000000000000000, -0.06199999999999981200 ) ) ;
#2133 = EDGE_LOOP ( 'NONE', ( #3173, #616, #2, #577 ) ) ;
#2134 = ADVANCED_FACE ( 'NONE', ( #1735 ), #1978, .T. ) ;
#2135 = AXIS2_PLACEMENT_3D ( 'NONE', #3562, #585, #2658 ) ;
#2136 = CARTESIAN_POINT ( 'NONE',  ( -0.3955000000000000700, -0.009999999999999998500, -0.2110000000000000200 ) ) ;
#2137 = DIRECTION ( 'NONE',  ( 0.0000000000000000000, 0.0000000000000000000, -1.000000000000000000 ) ) ;
#2138 = ORIENTED_EDGE ( 'NONE', *, *, #6, .T. ) ;
#2139 = VECTOR ( 'NONE', #2038, 39.37007874015748100 ) ;
#2140 = PLANE ( 'NONE',  #2103 ) ;
#2141 = FACE_BOUND ( 'NONE', #2402, .T. ) ;
#2142 = EDGE_CURVE ( 'NONE', #3170, #1797, #3022, .T. ) ;
#2143 = VERTEX_POINT ( 'NONE', #8 ) ;
#2144 = DIRECTION ( 'NONE',  ( 6.504399984914888800E-016, -0.0000000000000000000, 1.000000000000000000 ) ) ;
#2145 = LINE ( 'NONE', #1746, #2945 ) ;
#2146 = DIRECTION ( 'NONE',  ( -1.000000000000000000, -3.491481338843133000E-015, 1.589164445232891900E-016 ) ) ;
#2147 = ORIENTED_EDGE ( 'NONE', *, *, #2426, .F. ) ;
#2148 = DIRECTION ( 'NONE',  ( 1.000000000000000000, 0.0000000000000000000, -1.092739197465705300E-015 ) ) ;
#2149 = EDGE_CURVE ( 'NONE', #3682, #3811, #190, .T. ) ;
#2150 = AXIS2_PLACEMENT_3D ( 'NONE', #3311, #2695, #3005 ) ;
#2151 = VECTOR ( 'NONE', #2830, 39.37007874015748100 ) ;
#2152 = CARTESIAN_POINT ( 'NONE',  ( -0.4155000000000004800, -0.1459999999999999600, -0.3649999999999999900 ) ) ;
#2153 = DIRECTION ( 'NONE',  ( 3.274475334871550500E-015, 1.000000000000000000, -3.594536833768763300E-015 ) ) ;
#2154 = ADVANCED_FACE ( 'NONE', ( #2539 ), #2668, .T. ) ;
#2155 = AXIS2_PLACEMENT_3D ( 'NONE', #1795, #3900, #2098 ) ;
#2156 = ORIENTED_EDGE ( 'NONE', *, *, #3659, .T. ) ;
#2157 = DIRECTION ( 'NONE',  ( -1.659017000200968900E-015, -0.4067366430757946600, 0.9135454576426033100 ) ) ;
#2158 = DIRECTION ( 'NONE',  ( 0.0000000000000000000, 1.000000000000000000, -3.594536833768764100E-015 ) ) ;
#2159 = CARTESIAN_POINT ( 'NONE',  ( -0.0004999999999999471000, 0.01000000000000000000, -0.1575000000000000000 ) ) ;
#2160 = CIRCLE ( 'NONE', #2434, 0.02500000000000000500 ) ;
#2161 = CARTESIAN_POINT ( 'NONE',  ( -0.1554999999999995600, -0.1013284962632952600, -0.3712869055315191600 ) ) ;
#2162 = ORIENTED_EDGE ( 'NONE', *, *, #2042, .F. ) ;
#2163 = VECTOR ( 'NONE', #859, 39.37007874015748100 ) ;
#2164 = CARTESIAN_POINT ( 'NONE',  ( 0.1489999999999999900, -0.009999999999999974200, -1.483308090309893300E-017 ) ) ;
#2165 = EDGE_CURVE ( 'NONE', #1342, #1749, #586, .T. ) ;
#2166 = CARTESIAN_POINT ( 'NONE',  ( 0.1555000000000000300, 0.009135454576426060800, -0.5969326335692420900 ) ) ;
#2167 = VERTEX_POINT ( 'NONE', #3638 ) ;
#2168 = VECTOR ( 'NONE', #2796, 39.37007874015748100 ) ;
#2169 = VECTOR ( 'NONE', #2479, 39.37007874015748100 ) ;
#2170 = ADVANCED_FACE ( 'NONE', ( #343 ), #3725, .F. ) ;
#2171 = VERTEX_POINT ( 'NONE', #3353 ) ;
#2172 = CARTESIAN_POINT ( 'NONE',  ( -0.2805000000000000300, 0.01000000000000000000, -0.4390242689855161600 ) ) ;
#2173 = ORIENTED_EDGE ( 'NONE', *, *, #3710, .T. ) ;
#2174 = ORIENTED_EDGE ( 'NONE', *, *, #338, .F. ) ;
#2175 = DIRECTION ( 'NONE',  ( 0.0000000000000000000, 1.000000000000000000, -9.355643813918720600E-016 ) ) ;
#2176 = EDGE_CURVE ( 'NONE', #2922, #3401, #1648, .T. ) ;
#2177 = ORIENTED_EDGE ( 'NONE', *, *, #3127, .F. ) ;
#2178 = CARTESIAN_POINT ( 'NONE',  ( -0.03300000000000018200, 0.01000000000000000000, -0.1029999999999999900 ) ) ;
#2179 = ORIENTED_EDGE ( 'NONE', *, *, #1416, .T. ) ;
#2180 = DIRECTION ( 'NONE',  ( -1.000000000000000000, 3.308097179827831500E-015, 0.0000000000000000000 ) ) ;
#2181 = AXIS2_PLACEMENT_3D ( 'NONE', #2201, #3406, #3100 ) ;
#2182 = EDGE_LOOP ( 'NONE', ( #732, #425, #654, #1801 ) ) ;
#2183 = AXIS2_PLACEMENT_3D ( 'NONE', #3744, #1054, #3148 ) ;
#2184 = DIRECTION ( 'NONE',  ( 1.000000000000000000, 0.0000000000000000000, 0.0000000000000000000 ) ) ;
#2185 = LINE ( 'NONE', #1923, #2607 ) ;
#2186 = DIRECTION ( 'NONE',  ( 0.0000000000000000000, 0.0000000000000000000, 1.000000000000000000 ) ) ;
#2187 = ORIENTED_EDGE ( 'NONE', *, *, #1489, .T. ) ;
#2188 = LINE ( 'NONE', #3128, #2189 ) ;
#2189 = VECTOR ( 'NONE', #3430, 39.37007874015748100 ) ;
#2190 = SHAPE_REPRESENTATION_RELATIONSHIP ( 'NONE' , 'NONE' ,  #819, #131 ) ;
#2191 = CARTESIAN_POINT ( 'NONE',  ( 0.4205000000000006500, -0.1649999999999998700, -0.3649999999999999400 ) ) ;
#2192 = VECTOR ( 'NONE', #2077, 39.37007874015748100 ) ;
#2193 = PLANE ( 'NONE',  #3720 ) ;
#2194 = EDGE_CURVE ( 'NONE', #1936, #157, #1000, .T. ) ;
#2195 = CYLINDRICAL_SURFACE ( 'NONE', #766, 0.1212383095312846900 ) ;
#2196 = ORIENTED_EDGE ( 'NONE', *, *, #1587, .F. ) ;
#2197 = DIRECTION ( 'NONE',  ( 0.0000000000000000000, 1.000000000000000000, -0.0000000000000000000 ) ) ;
#2198 = CARTESIAN_POINT ( 'NONE',  ( -0.007999999999999998400, 0.01000000000000000000, -0.06199999999999981200 ) ) ;
#2199 = EDGE_CURVE ( 'NONE', #2055, #2333, #1123, .T. ) ;
#2200 = ORIENTED_EDGE ( 'NONE', *, *, #1140, .F. ) ;
#2201 = CARTESIAN_POINT ( 'NONE',  ( -0.05500000000000000000, 0.0000000000000000000, -0.09550000000000000200 ) ) ;
#2202 = DIRECTION ( 'NONE',  ( -6.504399984914888800E-016, 0.0000000000000000000, 1.000000000000000000 ) ) ;
#2203 = FACE_OUTER_BOUND ( 'NONE', #416, .T. ) ;
#2204 = DIRECTION ( 'NONE',  ( -0.7071067811865459100, -0.7071067811865492400, 0.0000000000000000000 ) ) ;
#2205 = FACE_OUTER_BOUND ( 'NONE', #2450, .T. ) ;
#2206 = CARTESIAN_POINT ( 'NONE',  ( 0.3955000000000000700, -0.009999999999999989800, -0.5819999999999999600 ) ) ;
#2207 = DIRECTION ( 'NONE',  ( -1.000000000000000000, 0.0000000000000000000, 0.0000000000000000000 ) ) ;
#2208 = CARTESIAN_POINT ( 'NONE',  ( 0.4437842712474622800, -0.2094974746830582900, -0.3649999999999999400 ) ) ;
#2209 = ORIENTED_EDGE ( 'NONE', *, *, #2861, .T. ) ;
#2210 = LINE ( 'NONE', #3468, #2452 ) ;
#2211 = ORIENTED_EDGE ( 'NONE', *, *, #1493, .F. ) ;
#2212 = CARTESIAN_POINT ( 'NONE',  ( 0.4232781745930524500, -0.2300035713374681800, -0.3959999999999999600 ) ) ;
#2213 = EDGE_CURVE ( 'NONE', #1802, #2838, #2967, .T. ) ;
#2214 = DIRECTION ( 'NONE',  ( -6.027876599644197200E-031, 1.840867920258943100E-016, -1.000000000000000000 ) ) ;
#2215 = ORIENTED_EDGE ( 'NONE', *, *, #6, .F. ) ;
#2216 = LINE ( 'NONE', #1584, #1315 ) ;
#2217 = LINE ( 'NONE', #2588, #2022 ) ;
#2218 = VERTEX_POINT ( 'NONE', #3020 ) ;
#2219 = EDGE_CURVE ( 'NONE', #3508, #1112, #1003, .T. ) ;
#2220 = AXIS2_PLACEMENT_3D ( 'NONE', #751, #163, #2259 ) ;
#2221 = VERTEX_POINT ( 'NONE', #647 ) ;
#2222 = DIRECTION ( 'NONE',  ( 0.0000000000000000000, 1.000000000000000000, -0.0000000000000000000 ) ) ;
#2223 = MANIFOLD_SOLID_BREP ( 'Extrude1', #542 ) ;
#2224 = EDGE_LOOP ( 'NONE', ( #1998, #1776, #2627, #735 ) ) ;
#2225 = DIRECTION ( 'NONE',  ( -1.000000000000000000, 0.0000000000000000000, -0.0000000000000000000 ) ) ;
#2226 = CARTESIAN_POINT ( 'NONE',  ( -0.4055000000000004200, -0.1459999999999999900, -0.5819999999999999600 ) ) ;
#2227 = CARTESIAN_POINT ( 'NONE',  ( 0.2805000000000000300, 0.01000000000000000000, -0.4390242689855161600 ) ) ;
#2228 = ORIENTED_EDGE ( 'NONE', *, *, #184, .F. ) ;
#2229 = CARTESIAN_POINT ( 'NONE',  ( 0.1489999999999999900, 0.01000000000000000000, 0.0000000000000000000 ) ) ;
#2230 = DIRECTION ( 'NONE',  ( -1.000000000000000000, -0.0000000000000000000, 1.092739197465705300E-015 ) ) ;
#2231 = CARTESIAN_POINT ( 'NONE',  ( 0.1490000000000000500, -0.1200000000000000000, 0.01000000000000034700 ) ) ;
#2232 = ORIENTED_EDGE ( 'NONE', *, *, #2949, .F. ) ;
#2233 = FACE_OUTER_BOUND ( 'NONE', #2836, .T. ) ;
#2234 = AXIS2_PLACEMENT_3D ( 'NONE', #1664, #2873, #1078 ) ;
#2235 = DIRECTION ( 'NONE',  ( -1.213184216936838900E-031, 1.000000000000000000, -1.110223024625154100E-016 ) ) ;
#2236 = EDGE_LOOP ( 'NONE', ( #289, #2321, #1710, #2013 ) ) ;
#2237 = FACE_OUTER_BOUND ( 'NONE', #1704, .T. ) ;
#2238 = PLANE ( 'NONE',  #1844 ) ;
#2239 = AXIS2_PLACEMENT_3D ( 'NONE', #380, #3071, #1265 ) ;
#2240 = CARTESIAN_POINT ( 'NONE',  ( -0.3955000000000000700, -1.045785560074600700E-016, -0.2110000000000000200 ) ) ;
#2241 = VECTOR ( 'NONE', #1881, 39.37007874015748100 ) ;
#2242 = DIRECTION ( 'NONE',  ( 0.0000000000000000000, 1.000000000000000000, -0.0000000000000000000 ) ) ;
#2243 = EDGE_CURVE ( 'NONE', #3563, #1458, #1554, .T. ) ;
#2244 = ORIENTED_EDGE ( 'NONE', *, *, #899, .T. ) ;
#2245 = DIRECTION ( 'NONE',  ( 0.0000000000000000000, 0.0000000000000000000, 1.000000000000000000 ) ) ;
#2246 = LINE ( 'NONE', #1497, #3747 ) ;
#2247 = CARTESIAN_POINT ( 'NONE',  ( 0.1489999999999999900, -0.009999999999999974200, -1.483308090309893300E-017 ) ) ;
#2248 = AXIS2_PLACEMENT_3D ( 'NONE', #2538, #1062, #3157 ) ;
#2249 = ORIENTED_EDGE ( 'NONE', *, *, #299, .T. ) ;
#2250 = DIRECTION ( 'NONE',  ( 0.0000000000000000000, 0.0000000000000000000, 1.000000000000000000 ) ) ;
#2251 = CARTESIAN_POINT ( 'NONE',  ( 0.4437842712474622800, -0.1953553390593273900, -0.3649999999999999400 ) ) ;
#2252 = SURFACE_SIDE_STYLE ('',( #2471 ) ) ;
#2253 = EDGE_CURVE ( 'NONE', #492, #3141, #437, .T. ) ;
#2254 = FACE_OUTER_BOUND ( 'NONE', #864, .T. ) ;
#2255 = DIRECTION ( 'NONE',  ( 0.0000000000000000000, 0.0000000000000000000, 1.000000000000000000 ) ) ;
#2256 = CARTESIAN_POINT ( 'NONE',  ( 0.1490000000000000500, -0.1199999999999999700, 0.02000000000000035100 ) ) ;
#2257 = DIRECTION ( 'NONE',  ( -0.7071067811865486800, 0.7071067811865463500, 0.0000000000000000000 ) ) ;
#2258 = CYLINDRICAL_SURFACE ( 'NONE', #3620, 0.01999999999999992400 ) ;
#2259 = DIRECTION ( 'NONE',  ( -0.0000000000000000000, 0.0000000000000000000, -1.000000000000000000 ) ) ;
#2260 = AXIS2_PLACEMENT_3D ( 'NONE', #919, #1488, #1204 ) ;
#2261 = ORIENTED_EDGE ( 'NONE', *, *, #1045, .F. ) ;
#2262 = APPLICATION_PROTOCOL_DEFINITION ( 'draft international standard', 'automotive_design', 1998, #166 ) ;
#2263 = VECTOR ( 'NONE', #1499, 39.37007874015748100 ) ;
#2264 = DIRECTION ( 'NONE',  ( 0.0000000000000000000, 0.0000000000000000000, 1.000000000000000000 ) ) ;
#2265 = VECTOR ( 'NONE', #3097, 39.37007874015748100 ) ;
#2266 = ORIENTED_EDGE ( 'NONE', *, *, #2955, .F. ) ;
#2267 = VECTOR ( 'NONE', #2023, 39.37007874015748100 ) ;
#2268 = ORIENTED_EDGE ( 'NONE', *, *, #799, .T. ) ;
#2269 = EDGE_CURVE ( 'NONE', #459, #157, #352, .T. ) ;
#2270 = EDGE_LOOP ( 'NONE', ( #1257, #108, #2597, #749 ) ) ;
#2271 = ORIENTED_EDGE ( 'NONE', *, *, #1591, .F. ) ;
#2272 = EDGE_LOOP ( 'NONE', ( #1322, #2936, #402, #3245 ) ) ;
#2273 = CARTESIAN_POINT ( 'NONE',  ( -0.4162071067811869400, -0.2229325035256026500, -0.3649999999999999400 ) ) ;
#2274 = EDGE_CURVE ( 'NONE', #861, #1104, #448, .T. ) ;
#2275 = DIRECTION ( 'NONE',  ( -0.0000000000000000000, 1.000000000000000000, -0.0000000000000000000 ) ) ;
#2276 = VERTEX_POINT ( 'NONE', #2152 ) ;
#2277 = VERTEX_POINT ( 'NONE', #2754 ) ;
#2278 = CARTESIAN_POINT ( 'NONE',  ( -0.1555000000000000300, 0.0000000000000000000, -0.6009999999999999800 ) ) ;
#2279 = VECTOR ( 'NONE', #1117, 39.37007874015748100 ) ;
#2280 = ADVANCED_FACE ( 'NONE', ( #1545 ), #852, .T. ) ;
#2281 = LINE ( 'NONE', #896, #2096 ) ;
#2282 = LINE ( 'NONE', #1446, #3701 ) ;
#2283 = VECTOR ( 'NONE', #2946, 39.37007874015748100 ) ;
#2284 = ORIENTED_EDGE ( 'NONE', *, *, #2708, .T. ) ;
#2285 = CARTESIAN_POINT ( 'NONE',  ( 0.1555000000000000300, 0.01000000000000006400, -0.6010000000000002000 ) ) ;
#2286 = VECTOR ( 'NONE', #398, 39.37007874015748100 ) ;
#2287 = DIRECTION ( 'NONE',  ( -0.7071067811865487900, 0.7071067811865462400, 0.0000000000000000000 ) ) ;
#2288 = DIRECTION ( 'NONE',  ( -0.7071067811865458000, -0.7071067811865493500, -0.0000000000000000000 ) ) ;
#2289 = VERTEX_POINT ( 'NONE', #2161 ) ;
#2290 = CARTESIAN_POINT ( 'NONE',  ( -0.05499999999999994500, 0.01000000000000000000, -0.08699999999999999400 ) ) ;
#2291 = EDGE_CURVE ( 'NONE', #2931, #3833, #1506, .T. ) ;
#2292 = DIRECTION ( 'NONE',  ( 1.000000000000000000, 0.0000000000000000000, 0.0000000000000000000 ) ) ;
#2293 = EDGE_CURVE ( 'NONE', #1847, #2791, #140, .T. ) ;
#2294 = AXIS2_PLACEMENT_3D ( 'NONE', #3049, #1245, #3354 ) ;
#2295 = CARTESIAN_POINT ( 'NONE',  ( -0.2805000000000000300, 0.0000000000000000000, -0.6009999999999999800 ) ) ;
#2296 = VECTOR ( 'NONE', #148, 39.37007874015748100 ) ;
#2297 = VECTOR ( 'NONE', #1550, 39.37007874015748100 ) ;
#2298 = DIRECTION ( 'NONE',  ( -0.7071067811865462400, 0.7071067811865487900, -0.0000000000000000000 ) ) ;
#2299 = ORIENTED_EDGE ( 'NONE', *, *, #1965, .T. ) ;
#2300 = CARTESIAN_POINT ( 'NONE',  ( -0.4169644660940677900, -0.1685355339059326200, -0.3649999999999999400 ) ) ;
#2301 = EDGE_CURVE ( 'NONE', #2832, #3881, #3013, .T. ) ;
#2302 = ADVANCED_FACE ( 'NONE', ( #1598 ), #1568, .F. ) ;
#2303 = CARTESIAN_POINT ( 'NONE',  ( 0.3955000000000000700, -0.01000000000000006800, -0.2109999999999999400 ) ) ;
#2304 = CIRCLE ( 'NONE', #3292, 0.1212383095312846900 ) ;
#2305 = AXIS2_PLACEMENT_3D ( 'NONE', #3078, #1274, #3384 ) ;
#2306 = CARTESIAN_POINT ( 'NONE',  ( 0.4437842712474622800, -0.2094974746830582900, -0.3649999999999999400 ) ) ;
#2307 = ORIENTED_EDGE ( 'NONE', *, *, #2872, .F. ) ;
#2308 = VECTOR ( 'NONE', #1875, 39.37007874015748100 ) ;
#2309 = CARTESIAN_POINT ( 'NONE',  ( 0.2804999999999999700, 0.009135454576426060800, -0.5969326335692420900 ) ) ;
#2310 = AXIS2_PLACEMENT_3D ( 'NONE', #248, #3846, #2341 ) ;
#2311 = ORIENTED_EDGE ( 'NONE', *, *, #1975, .F. ) ;
#2312 = DIRECTION ( 'NONE',  ( -1.000000000000000000, 0.0000000000000000000, -0.0000000000000000000 ) ) ;
#2313 = DIRECTION ( 'NONE',  ( 0.0000000000000000000, 0.0000000000000000000, 1.000000000000000000 ) ) ;
#2314 = ORIENTED_EDGE ( 'NONE', *, *, #2480, .T. ) ;
#2315 = ORIENTED_EDGE ( 'NONE', *, *, #1814, .F. ) ;
#2316 = DIRECTION ( 'NONE',  ( 0.0000000000000000000, 3.521522804332842200E-015, 1.000000000000000000 ) ) ;
#2317 = EDGE_LOOP ( 'NONE', ( #2156, #1518, #3256, #53 ) ) ;
#2318 = ORIENTED_EDGE ( 'NONE', *, *, #771, .F. ) ;
#2319 = AXIS2_PLACEMENT_3D ( 'NONE', #46, #659, #2733 ) ;
#2320 = DIRECTION ( 'NONE',  ( 0.0000000000000000000, 1.000000000000000000, 0.0000000000000000000 ) ) ;
#2321 = ORIENTED_EDGE ( 'NONE', *, *, #802, .T. ) ;
#2322 = ORIENTED_EDGE ( 'NONE', *, *, #2659, .F. ) ;
#2323 = ADVANCED_FACE ( 'NONE', ( #2205 ), #2778, .T. ) ;
#2324 = EDGE_LOOP ( 'NONE', ( #2518, #3646, #2211, #1339 ) ) ;
#2325 = EDGE_CURVE ( 'NONE', #1375, #2167, #2216, .T. ) ;
#2326 = CYLINDRICAL_SURFACE ( 'NONE', #2347, 0.007500000000000005800 ) ;
#2327 = ORIENTED_EDGE ( 'NONE', *, *, #569, .F. ) ;
#2328 = DIRECTION ( 'NONE',  ( 1.000000000000000000, -3.491481338843133000E-015, 1.589164445232891900E-016 ) ) ;
#2329 = LINE ( 'NONE', #898, #2482 ) ;
#2330 = CARTESIAN_POINT ( 'NONE',  ( -0.1555000000000000300, 0.01000000000000000000, -0.6009999999999999800 ) ) ;
#2331 = CYLINDRICAL_SURFACE ( 'NONE', #975, 0.01000000000000003000 ) ;
#2332 = AXIS2_PLACEMENT_3D ( 'NONE', #2669, #901, #2987 ) ;
#2333 = VERTEX_POINT ( 'NONE', #3392 ) ;
#2334 = CARTESIAN_POINT ( 'NONE',  ( 0.05499999999999994500, 0.0000000000000000000, -0.08699999999999999400 ) ) ;
#2335 = DIRECTION ( 'NONE',  ( -2.845674993400274900E-016, 1.000000000000000000, -3.491481338843133700E-015 ) ) ;
#2336 = ORIENTED_EDGE ( 'NONE', *, *, #3864, .F. ) ;
#2337 = CARTESIAN_POINT ( 'NONE',  ( 0.008000000000000000200, 0.0000000000000000000, -0.1280000000000001700 ) ) ;
#2338 = ADVANCED_FACE ( 'NONE', ( #1931 ), #391, .F. ) ;
#2339 = PLANE ( 'NONE',  #1124 ) ;
#2340 = EDGE_CURVE ( 'NONE', #2680, #2354, #2304, .T. ) ;
#2341 = DIRECTION ( 'NONE',  ( 0.0000000000000000000, 0.0000000000000000000, -1.000000000000000000 ) ) ;
#2342 = CARTESIAN_POINT ( 'NONE',  ( 0.2742616904687152900, 0.01000000000000000000, -0.6407616904687152300 ) ) ;
#2343 = DIRECTION ( 'NONE',  ( 0.0000000000000000000, 1.110223024625154100E-016, 1.000000000000000000 ) ) ;
#2344 = FACE_OUTER_BOUND ( 'NONE', #165, .T. ) ;
#2345 = VECTOR ( 'NONE', #3650, 39.37007874015748100 ) ;
#2346 = EDGE_CURVE ( 'NONE', #1763, #548, #3772, .T. ) ;
#2347 = AXIS2_PLACEMENT_3D ( 'NONE', #3614, #2415, #2707 ) ;
#2348 = DIRECTION ( 'NONE',  ( 1.000000000000000000, 0.0000000000000000000, 0.0000000000000000000 ) ) ;
#2349 = LINE ( 'NONE', #1572, #2308 ) ;
#2350 = VECTOR ( 'NONE', #1712, 39.37007874015748100 ) ;
#2351 = CARTESIAN_POINT ( 'NONE',  ( -0.4055000000000004200, -0.1459999999999999900, -0.5819999999999999600 ) ) ;
#2352 = CYLINDRICAL_SURFACE ( 'NONE', #1639, 0.02500000000000000500 ) ;
#2353 = DIRECTION ( 'NONE',  ( 2.201087457280779800E-016, 3.491481338843133700E-015, 1.000000000000000000 ) ) ;
#2354 = VERTEX_POINT ( 'NONE', #2794 ) ;
#2355 = CIRCLE ( 'NONE', #2762, 0.007500000000000005800 ) ;
#2356 = AXIS2_PLACEMENT_3D ( 'NONE', #1781, #294, #2388 ) ;
#2357 = VECTOR ( 'NONE', #1671, 39.37007874015748100 ) ;
#2358 = DIRECTION ( 'NONE',  ( 0.0000000000000000000, 0.0000000000000000000, -1.000000000000000000 ) ) ;
#2359 = DIRECTION ( 'NONE',  ( -0.0000000000000000000, 0.0000000000000000000, 1.000000000000000000 ) ) ;
#2360 = DIRECTION ( 'NONE',  ( 0.0000000000000000000, -0.0000000000000000000, -1.000000000000000000 ) ) ;
#2361 = DIRECTION ( 'NONE',  ( -1.000000000000000000, -5.842309696637490800E-016, 1.858573841051372800E-015 ) ) ;
#2362 = ADVANCED_FACE ( 'NONE', ( #3629 ), #3705, .F. ) ;
#2363 = VERTEX_POINT ( 'NONE', #3099 ) ;
#2364 = LINE ( 'NONE', #522, #2589 ) ;
#2365 = VERTEX_POINT ( 'NONE', #2809 ) ;
#2366 = ORIENTED_EDGE ( 'NONE', *, *, #999, .T. ) ;
#2367 = CARTESIAN_POINT ( 'NONE',  ( 0.1554999999999995600, -0.09132849626329527000, -0.3712869055315190500 ) ) ;
#2368 = ORIENTED_EDGE ( 'NONE', *, *, #599, .F. ) ;
#2369 = EDGE_LOOP ( 'NONE', ( #2850, #3126, #596, #313 ) ) ;
#2370 = EDGE_CURVE ( 'NONE', #1014, #3723, #1406, .T. ) ;
#2371 = CARTESIAN_POINT ( 'NONE',  ( 0.1554999999999995600, -0.09132849626329527000, -0.3712869055315190500 ) ) ;
#2372 = VERTEX_POINT ( 'NONE', #1310 ) ;
#2373 = CARTESIAN_POINT ( 'NONE',  ( -0.4367132034355968900, -0.2024264068711927600, -0.4269999999999999900 ) ) ;
#2374 = AXIS2_PLACEMENT_3D ( 'NONE', #2958, #3229, #1429 ) ;
#2375 = CARTESIAN_POINT ( 'NONE',  ( -0.4232781745930525000, -0.2300035713374681300, -0.4269999999999999900 ) ) ;
#2376 = CARTESIAN_POINT ( 'NONE',  ( 0.1490000000000000500, -0.1199999999999999700, 0.02000000000000035100 ) ) ;
#2377 = ORIENTED_EDGE ( 'NONE', *, *, #1055, .T. ) ;
#2378 = FACE_OUTER_BOUND ( 'NONE', #2224, .T. ) ;
#2379 = DIRECTION ( 'NONE',  ( 0.7071067811865486800, 0.7071067811865463500, 0.0000000000000000000 ) ) ;
#2380 = EDGE_CURVE ( 'NONE', #3424, #1226, #628, .T. ) ;
#2381 = FACE_OUTER_BOUND ( 'NONE', #922, .T. ) ;
#2382 = VECTOR ( 'NONE', #138, 39.37007874015748100 ) ;
#2383 = ADVANCED_FACE ( 'NONE', ( #2728 ), #1914, .T. ) ;
#2384 = AXIS2_PLACEMENT_3D ( 'NONE', #2811, #1916, #115 ) ;
#2385 = VECTOR ( 'NONE', #2654, 39.37007874015748100 ) ;
#2386 = DIRECTION ( 'NONE',  ( -0.0000000000000000000, -0.0000000000000000000, -1.000000000000000000 ) ) ;
#2387 = CARTESIAN_POINT ( 'NONE',  ( -0.4232781745930525000, -0.2300035713374681300, -0.4269999999999999900 ) ) ;
#2388 = DIRECTION ( 'NONE',  ( 0.0000000000000000000, 1.000000000000000000, 2.134256245050228400E-016 ) ) ;
#2389 = DIRECTION ( 'NONE',  ( -6.504399984914914400E-016, -0.0000000000000000000, -1.000000000000000000 ) ) ;
#2390 = AXIS2_PLACEMENT_3D ( 'NONE', #3768, #1963, #167 ) ;
#2391 = PLANE ( 'NONE',  #1345 ) ;
#2392 = CARTESIAN_POINT ( 'NONE',  ( -0.2179999999999999700, 0.01000000000000000000, -0.3359999999999999100 ) ) ;
#2393 = EDGE_CURVE ( 'NONE', #3588, #2514, #3531, .T. ) ;
#2394 = VECTOR ( 'NONE', #528, 39.37007874015748900 ) ;
#2395 = ORIENTED_EDGE ( 'NONE', *, *, #2826, .F. ) ;
#2396 = LINE ( 'NONE', #3814, #2350 ) ;
#2397 = CARTESIAN_POINT ( 'NONE',  ( 0.4055000000000000800, -0.01000000000000003000, -0.2109999999999999400 ) ) ;
#2398 = CARTESIAN_POINT ( 'NONE',  ( -0.4155000000000004800, -0.1459999999999999600, -0.2109999999999998000 ) ) ;
#2399 = ADVANCED_FACE ( 'NONE', ( #1592 ), #2771, .T. ) ;
#2400 = VERTEX_POINT ( 'NONE', #2229 ) ;
#2401 = EDGE_CURVE ( 'NONE', #2998, #2372, #2824, .T. ) ;
#2402 = EDGE_LOOP ( 'NONE', ( #1927, #1619, #3591, #3528 ) ) ;
#2403 = FACE_OUTER_BOUND ( 'NONE', #792, .T. ) ;
#2404 = ORIENTED_EDGE ( 'NONE', *, *, #2497, .F. ) ;
#2405 = ORIENTED_EDGE ( 'NONE', *, *, #3113, .T. ) ;
#2406 = ORIENTED_EDGE ( 'NONE', *, *, #2253, .T. ) ;
#2407 = DIRECTION ( 'NONE',  ( -1.213184216936838900E-031, 1.000000000000000000, -1.110223024625154100E-016 ) ) ;
#2408 = DIRECTION ( 'NONE',  ( 0.7071067811865486800, -0.7071067811865463500, 0.0000000000000000000 ) ) ;
#2409 = DIRECTION ( 'NONE',  ( 0.0000000000000000000, 0.0000000000000000000, 1.000000000000000000 ) ) ;
#2410 = ORIENTED_EDGE ( 'NONE', *, *, #3314, .T. ) ;
#2411 = DIRECTION ( 'NONE',  ( 1.000000000000000000, 0.0000000000000000000, 0.0000000000000000000 ) ) ;
#2412 = ORIENTED_EDGE ( 'NONE', *, *, #495, .F. ) ;
#2413 = DIRECTION ( 'NONE',  ( 0.7071067811865469100, -0.7071067811865480200, 0.0000000000000000000 ) ) ;
#2414 = ORIENTED_EDGE ( 'NONE', *, *, #2594, .T. ) ;
#2415 = DIRECTION ( 'NONE',  ( -0.0000000000000000000, 1.000000000000000000, -0.0000000000000000000 ) ) ;
#2416 = ORIENTED_EDGE ( 'NONE', *, *, #2142, .T. ) ;
#2417 = DIRECTION ( 'NONE',  ( -3.274475334871550500E-015, -1.000000000000000000, 0.0000000000000000000 ) ) ;
#2418 = EDGE_CURVE ( 'NONE', #1076, #2354, #3812, .T. ) ;
#2419 = ORIENTED_EDGE ( 'NONE', *, *, #1021, .F. ) ;
#2420 = EDGE_LOOP ( 'NONE', ( #1946, #1594, #2760, #3641 ) ) ;
#2421 = FACE_OUTER_BOUND ( 'NONE', #877, .T. ) ;
#2422 = CARTESIAN_POINT ( 'NONE',  ( -0.2179999999999995000, -0.09132849626329527000, -0.3187869055315189500 ) ) ;
#2423 = EDGE_LOOP ( 'NONE', ( #29, #1288, #404 ) ) ;
#2424 = DIRECTION ( 'NONE',  ( 0.0000000000000000000, 0.0000000000000000000, 1.000000000000000000 ) ) ;
#2425 = CARTESIAN_POINT ( 'NONE',  ( -0.4155000000000004800, -0.1459999999999999600, -0.5819999999999999600 ) ) ;
#2426 = EDGE_CURVE ( 'NONE', #2840, #497, #3006, .T. ) ;
#2427 = CYLINDRICAL_SURFACE ( 'NONE', #2786, 0.03100000000000004800 ) ;
#2428 = DIRECTION ( 'NONE',  ( 0.0000000000000000000, 1.000000000000000000, -0.0000000000000000000 ) ) ;
#2429 = DIRECTION ( 'NONE',  ( 0.0000000000000000000, -1.000000000000000000, 0.0000000000000000000 ) ) ;
#2430 = FACE_OUTER_BOUND ( 'NONE', #411, .T. ) ;
#2431 = CARTESIAN_POINT ( 'NONE',  ( 0.2804999999999995300, -0.09132849626329527000, -0.3712869055315190000 ) ) ;
#2432 = ADVANCED_FACE ( 'NONE', ( #2585 ), #3439, .T. ) ;
#2433 = VERTEX_POINT ( 'NONE', #1934 ) ;
#2434 = AXIS2_PLACEMENT_3D ( 'NONE', #3190, #1391, #3494 ) ;
#2435 = DIRECTION ( 'NONE',  ( 0.0000000000000000000, 0.0000000000000000000, 1.000000000000000000 ) ) ;
#2436 = ORIENTED_EDGE ( 'NONE', *, *, #2510, .T. ) ;
#2437 = DIRECTION ( 'NONE',  ( 0.0000000000000000000, 0.0000000000000000000, 1.000000000000000000 ) ) ;
#2438 = DIRECTION ( 'NONE',  ( 0.0000000000000000000, 1.000000000000000000, 0.0000000000000000000 ) ) ;
#2439 = DIRECTION ( 'NONE',  ( 0.0000000000000000000, 0.0000000000000000000, 1.000000000000000000 ) ) ;
#2440 = DIRECTION ( 'NONE',  ( -0.0000000000000000000, -0.0000000000000000000, 1.000000000000000000 ) ) ;
#2441 = DIRECTION ( 'NONE',  ( -0.0000000000000000000, 0.0000000000000000000, -1.000000000000000000 ) ) ;
#2442 = VECTOR ( 'NONE', #2769, 39.37007874015748100 ) ;
#2443 = EDGE_CURVE ( 'NONE', #1058, #16, #1740, .T. ) ;
#2444 = CARTESIAN_POINT ( 'NONE',  ( 0.2179999999999999700, 0.0000000000000000000, -0.3359999999999999100 ) ) ;
#2445 = VECTOR ( 'NONE', #2493, 39.37007874015748100 ) ;
#2446 = ORIENTED_EDGE ( 'NONE', *, *, #396, .F. ) ;
#2447 = VECTOR ( 'NONE', #208, 39.37007874015748100 ) ;
#2448 = CARTESIAN_POINT ( 'NONE',  ( 0.4055000000000004200, -0.1459999999999999900, -0.5819999999999999600 ) ) ;
#2449 = AXIS2_PLACEMENT_3D ( 'NONE', #1365, #3472, #1672 ) ;
#2450 = EDGE_LOOP ( 'NONE', ( #3257, #3816, #3777, #361 ) ) ;
#2451 = ADVANCED_FACE ( 'NONE', ( #3112 ), #3756, .F. ) ;
#2452 = VECTOR ( 'NONE', #2257, 39.37007874015748100 ) ;
#2453 = CARTESIAN_POINT ( 'NONE',  ( -0.3954999999999999100, 0.0000000000000000000, -0.2109999999999998500 ) ) ;
#2454 = DIRECTION ( 'NONE',  ( 0.0000000000000000000, 1.000000000000000000, -0.0000000000000000000 ) ) ;
#2455 = DIRECTION ( 'NONE',  ( -0.0000000000000000000, -0.0000000000000000000, -1.000000000000000000 ) ) ;
#2456 = EDGE_CURVE ( 'NONE', #598, #1034, #194, .T. ) ;
#2457 = ORIENTED_EDGE ( 'NONE', *, *, #3659, .F. ) ;
#2458 = CARTESIAN_POINT ( 'NONE',  ( -0.4154999999999999800, -0.009999999999999932600, -0.2110000000000000200 ) ) ;
#2459 = ORIENTED_EDGE ( 'NONE', *, *, #2000, .T. ) ;
#2460 = EDGE_LOOP ( 'NONE', ( #1184, #521, #1849, #445 ) ) ;
#2461 = ORIENTED_EDGE ( 'NONE', *, *, #168, .F. ) ;
#2462 = EDGE_LOOP ( 'NONE', ( #3080, #1861, #2834, #1479 ) ) ;
#2463 = ORIENTED_EDGE ( 'NONE', *, *, #188, .T. ) ;
#2464 = CARTESIAN_POINT ( 'NONE',  ( 0.2804999999999995300, -0.09132849626329527000, -0.3712869055315189400 ) ) ;
#2465 = DIRECTION ( 'NONE',  ( 0.0000000000000000000, 0.0000000000000000000, -1.000000000000000000 ) ) ;
#2466 = ORIENTED_EDGE ( 'NONE', *, *, #2165, .T. ) ;
#2467 = DIRECTION ( 'NONE',  ( 0.0000000000000000000, 0.0000000000000000000, 1.000000000000000000 ) ) ;
#2468 = ADVANCED_FACE ( 'NONE', ( #3159 ), #770, .T. ) ;
#2469 = ORIENTED_EDGE ( 'NONE', *, *, #2293, .F. ) ;
#2470 = VECTOR ( 'NONE', #238, 39.37007874015748100 ) ;
#2471 = SURFACE_STYLE_FILL_AREA ( #150 ) ;
#2472 = EDGE_CURVE ( 'NONE', #3588, #3118, #808, .T. ) ;
#2473 = EDGE_LOOP ( 'NONE', ( #9, #1585, #2553, #385 ) ) ;
#2474 = LINE ( 'NONE', #3325, #1298 ) ;
#2475 = FACE_OUTER_BOUND ( 'NONE', #1038, .T. ) ;
#2476 = CARTESIAN_POINT ( 'NONE',  ( -0.4437842712474622800, -0.2094974746830582100, -0.3649999999999999400 ) ) ;
#2477 = DIRECTION ( 'NONE',  ( 1.935519833567797400E-015, 0.4067366430757947700, -0.9135454576426033100 ) ) ;
#2478 = ORIENTED_EDGE ( 'NONE', *, *, #1570, .F. ) ;
#2479 = DIRECTION ( 'NONE',  ( -1.089127703799344700E-030, 3.326113628649667400E-016, 1.000000000000000000 ) ) ;
#2480 = EDGE_CURVE ( 'NONE', #2055, #2289, #1840, .T. ) ;
#2481 = DIRECTION ( 'NONE',  ( 0.0000000000000000000, 0.0000000000000000000, -1.000000000000000000 ) ) ;
#2482 = VECTOR ( 'NONE', #2379, 39.37007874015748100 ) ;
#2483 = CARTESIAN_POINT ( 'NONE',  ( 0.4155000000000005900, -0.1649999999999999800, -0.3649999999999999400 ) ) ;
#2484 = ORIENTED_EDGE ( 'NONE', *, *, #210, .T. ) ;
#2485 = DIRECTION ( 'NONE',  ( -1.000000000000000000, 0.0000000000000000000, 0.0000000000000000000 ) ) ;
#2486 = DIRECTION ( 'NONE',  ( -2.222285364672696300E-016, -0.9135454576426033100, -0.4067366430757947700 ) ) ;
#2487 = AXIS2_PLACEMENT_3D ( 'NONE', #974, #1825, #3668 ) ;
#2488 = ADVANCED_FACE ( 'NONE', ( #3441 ), #1077, .T. ) ;
#2489 = VECTOR ( 'NONE', #1974, 39.37007874015748100 ) ;
#2490 = DIRECTION ( 'NONE',  ( -0.0000000000000000000, -1.000000000000000000, -0.0000000000000000000 ) ) ;
#2491 = CARTESIAN_POINT ( 'NONE',  ( 0.03300000000000018200, 0.01000000000000000000, -0.08699999999999999400 ) ) ;
#2492 = VECTOR ( 'NONE', #2486, 39.37007874015748100 ) ;
#2493 = DIRECTION ( 'NONE',  ( -1.000000000000000000, 3.503246160812042700E-046, 2.201087457280779800E-016 ) ) ;
#2494 = CIRCLE ( 'NONE', #2449, 0.02500000000000000500 ) ;
#2495 = FACE_OUTER_BOUND ( 'NONE', #2127, .T. ) ;
#2496 = DIRECTION ( 'NONE',  ( 1.000000000000000000, 0.0000000000000000000, 0.0000000000000000000 ) ) ;
#2497 = EDGE_CURVE ( 'NONE', #3452, #2926, #296, .T. ) ;
#2498 = LINE ( 'NONE', #2558, #151 ) ;
#2499 = CARTESIAN_POINT ( 'NONE',  ( 0.4055000000000004700, -0.1650000000000000100, -0.3649999999999999400 ) ) ;
#2500 = ORIENTED_EDGE ( 'NONE', *, *, #3326, .F. ) ;
#2501 = VECTOR ( 'NONE', #3184, 39.37007874015748100 ) ;
#2502 = LINE ( 'NONE', #1449, #200 ) ;
#2503 = EDGE_CURVE ( 'NONE', #63, #2680, #3617, .T. ) ;
#2504 = AXIS2_PLACEMENT_3D ( 'NONE', #368, #2454, #673 ) ;
#2505 = CARTESIAN_POINT ( 'NONE',  ( -0.1489999999999999700, -0.1199999999999999700, 0.02000000000000041700 ) ) ;
#2506 = ORIENTED_EDGE ( 'NONE', *, *, #210, .F. ) ;
#2507 = LINE ( 'NONE', #3762, #3114 ) ;
#2508 = ORIENTED_EDGE ( 'NONE', *, *, #2370, .T. ) ;
#2509 = DIRECTION ( 'NONE',  ( -1.067128122525103100E-016, 0.0000000000000000000, -1.000000000000000000 ) ) ;
#2510 = EDGE_CURVE ( 'NONE', #2400, #2838, #909, .T. ) ;
#2511 = ORIENTED_EDGE ( 'NONE', *, *, #3504, .T. ) ;
#2512 = DIRECTION ( 'NONE',  ( 0.0000000000000000000, 1.000000000000000000, -0.0000000000000000000 ) ) ;
#2513 = ORIENTED_EDGE ( 'NONE', *, *, #3627, .F. ) ;
#2514 = VERTEX_POINT ( 'NONE', #3490 ) ;
#2515 = CARTESIAN_POINT ( 'NONE',  ( -0.1554999999999995800, -0.1013284962632952600, -0.3187869055315189500 ) ) ;
#2516 = AXIS2_PLACEMENT_3D ( 'NONE', #3409, #1597, #3709 ) ;
#2517 = EDGE_LOOP ( 'NONE', ( #1248, #2810, #1932, #3265, #1379, #891, #2024, #1252, #2147, #2966, #3728, #514, #871, #3493, #1563, #1878, #3211, #2902, #1950, #2500, #942, #2899, #3731, #158 ) ) ;
#2518 = ORIENTED_EDGE ( 'NONE', *, *, #3063, .T. ) ;
#2519 = DIRECTION ( 'NONE',  ( 0.0000000000000000000, -3.491481338843133000E-015, -1.000000000000000000 ) ) ;
#2520 = ORIENTED_EDGE ( 'NONE', *, *, #3851, .F. ) ;
#2521 = AXIS2_PLACEMENT_3D ( 'NONE', #2685, #917, #3001 ) ;
#2522 = DIRECTION ( 'NONE',  ( 0.0000000000000000000, -1.000000000000000000, 0.0000000000000000000 ) ) ;
#2523 = DIRECTION ( 'NONE',  ( 0.0000000000000000000, 0.0000000000000000000, -1.000000000000000000 ) ) ;
#2524 = VECTOR ( 'NONE', #801, 39.37007874015748900 ) ;
#2525 = DIRECTION ( 'NONE',  ( 0.0000000000000000000, 0.0000000000000000000, 1.000000000000000000 ) ) ;
#2526 = EDGE_LOOP ( 'NONE', ( #730, #2506, #1624, #2128 ) ) ;
#2527 = VECTOR ( 'NONE', #3232, 39.37007874015748100 ) ;
#2528 = CARTESIAN_POINT ( 'NONE',  ( -0.1555000000000000300, 0.01000000000000006400, -0.6010000000000002000 ) ) ;
#2529 = VERTEX_POINT ( 'NONE', #3780 ) ;
#2530 = AXIS2_PLACEMENT_3D ( 'NONE', #1538, #3763, #2947 ) ;
#2531 = ORIENTED_EDGE ( 'NONE', *, *, #530, .F. ) ;
#2532 = CARTESIAN_POINT ( 'NONE',  ( 0.1554999999999994700, -0.1013284962632952600, -0.3187869055315189500 ) ) ;
#2533 = EDGE_CURVE ( 'NONE', #2171, #1366, #1410, .T. ) ;
#2534 = ORIENTED_EDGE ( 'NONE', *, *, #2071, .T. ) ;
#2535 = CARTESIAN_POINT ( 'NONE',  ( 0.03300000000000000200, 0.0000000000000000000, -0.06199999999999997900 ) ) ;
#2536 = LINE ( 'NONE', #2909, #3572 ) ;
#2537 = AXIS2_PLACEMENT_3D ( 'NONE', #1485, #3590, #1790 ) ;
#2538 = CARTESIAN_POINT ( 'NONE',  ( -0.4232781745930524500, -0.2300035713374681300, -0.3959999999999999600 ) ) ;
#2539 = FACE_OUTER_BOUND ( 'NONE', #1103, .T. ) ;
#2540 = DIRECTION ( 'NONE',  ( 0.0000000000000000000, 0.0000000000000000000, -1.000000000000000000 ) ) ;
#2541 = CYLINDRICAL_SURFACE ( 'NONE', #3544, 0.1205000000000000500 ) ;
#2542 = DIRECTION ( 'NONE',  ( -1.000000000000000000, 0.0000000000000000000, 5.463695987328529400E-016 ) ) ;
#2543 = ORIENTED_EDGE ( 'NONE', *, *, #3326, .T. ) ;
#2544 = VECTOR ( 'NONE', #1816, 39.37007874015748100 ) ;
#2545 = EDGE_CURVE ( 'NONE', #1936, #2678, #3387, .T. ) ;
#2546 = DIRECTION ( 'NONE',  ( 0.0000000000000000000, 8.537024980200838600E-016, 1.000000000000000000 ) ) ;
#2547 = CARTESIAN_POINT ( 'NONE',  ( -0.4155000000000005400, -0.1459999999999999600, -0.3649999999999999900 ) ) ;
#2548 = EDGE_CURVE ( 'NONE', #2748, #1104, #3442, .T. ) ;
#2549 = AXIS2_PLACEMENT_3D ( 'NONE', #336, #3038, #1236 ) ;
#2550 = VECTOR ( 'NONE', #943, 39.37007874015748100 ) ;
#2551 = ORIENTED_EDGE ( 'NONE', *, *, #3063, .F. ) ;
#2552 = PLANE ( 'NONE',  #2248 ) ;
#2553 = ORIENTED_EDGE ( 'NONE', *, *, #825, .T. ) ;
#2554 =( LENGTH_UNIT ( ) NAMED_UNIT ( * ) SI_UNIT ( $, .METRE. ) );
#2555 = PLANE ( 'NONE',  #2586 ) ;
#2556 = EDGE_LOOP ( 'NONE', ( #2683, #1239, #2534, #2377 ) ) ;
#2557 = ORIENTED_EDGE ( 'NONE', *, *, #326, .F. ) ;
#2558 = CARTESIAN_POINT ( 'NONE',  ( 0.06250000000000000000, 0.0000000000000000000, -0.09549999999999994600 ) ) ;
#2559 = ORIENTED_EDGE ( 'NONE', *, *, #884, .F. ) ;
#2560 = VERTEX_POINT ( 'NONE', #2290 ) ;
#2561 = AXIS2_PLACEMENT_3D ( 'NONE', #1229, #3334, #1530 ) ;
#2562 = CARTESIAN_POINT ( 'NONE',  ( 0.4055000000000004200, -0.1459999999999999400, -0.2109999999999998000 ) ) ;
#2563 = CIRCLE ( 'NONE', #7, 0.007500000000000005800 ) ;
#2564 = CARTESIAN_POINT ( 'NONE',  ( 0.0000000000000000000, 0.0000000000000000000, -0.9350000000000000500 ) ) ;
#2565 = PRODUCT_DEFINITION_FORMATION_WITH_SPECIFIED_SOURCE ( 'ANY', '', #3706, .NOT_KNOWN. ) ;
#2566 = ORIENTED_EDGE ( 'NONE', *, *, #1194, .T. ) ;
#2567 = CARTESIAN_POINT ( 'NONE',  ( 0.2805000000000000300, 0.0000000000000000000, -0.6009999999999999800 ) ) ;
#2568 = CYLINDRICAL_SURFACE ( 'NONE', #2097, 0.03100000000000004800 ) ;
#2569 = VECTOR ( 'NONE', #2959, 39.37007874015748100 ) ;
#2570 = EDGE_CURVE ( 'NONE', #702, #1334, #2625, .T. ) ;
#2571 = VERTEX_POINT ( 'NONE', #3198 ) ;
#2572 = LINE ( 'NONE', #1168, #2802 ) ;
#2573 = AXIS2_PLACEMENT_3D ( 'NONE', #2035, #849, #2939 ) ;
#2574 = CARTESIAN_POINT ( 'NONE',  ( -0.008000000000000000200, 0.0000000000000000000, -0.06199999999999981200 ) ) ;
#2575 = DIRECTION ( 'NONE',  ( -1.589164445232891900E-016, 0.0000000000000000000, -1.000000000000000000 ) ) ;
#2576 = EDGE_CURVE ( 'NONE', #3508, #3205, #2726, .T. ) ;
#2577 = ADVANCED_FACE ( 'NONE', ( #3153 ), #2258, .T. ) ;
#2578 = DIRECTION ( 'NONE',  ( 0.7596915262653137800, -0.0000000000000000000, -0.6502836188315664900 ) ) ;
#2579 = ORIENTED_EDGE ( 'NONE', *, *, #700, .T. ) ;
#2580 = VECTOR ( 'NONE', #2435, 39.37007874015748100 ) ;
#2581 = CARTESIAN_POINT ( 'NONE',  ( 0.06250000000000000000, 0.0000000000000000000, -0.09549999999999994600 ) ) ;
#2582 = LINE ( 'NONE', #170, #916 ) ;
#2583 = ORIENTED_EDGE ( 'NONE', *, *, #2019, .F. ) ;
#2584 = DIRECTION ( 'NONE',  ( 1.000000000000000000, 0.0000000000000000000, 0.0000000000000000000 ) ) ;
#2585 = FACE_OUTER_BOUND ( 'NONE', #1418, .T. ) ;
#2586 = AXIS2_PLACEMENT_3D ( 'NONE', #3451, #769, #2860 ) ;
#2587 = VECTOR ( 'NONE', #3503, 39.37007874015748100 ) ;
#2588 = CARTESIAN_POINT ( 'NONE',  ( 0.06250000000000000000, 0.0000000000000000000, -0.09549999999999994600 ) ) ;
#2589 = VECTOR ( 'NONE', #2298, 39.37007874015748100 ) ;
#2590 = CARTESIAN_POINT ( 'NONE',  ( 0.4013578643762694100, -0.2519238815542512200, -0.3959999999999999600 ) ) ;
#2591 = CARTESIAN_POINT ( 'NONE',  ( -0.1554999999999995600, -0.09132849626329527000, -0.3712869055315191600 ) ) ;
#2592 = EDGE_LOOP ( 'NONE', ( #3281, #809, #2727, #2649 ) ) ;
#2593 = ORIENTED_EDGE ( 'NONE', *, *, #851, .T. ) ;
#2594 = EDGE_CURVE ( 'NONE', #2684, #704, #2536, .T. ) ;
#2595 = DIRECTION ( 'NONE',  ( 1.213184216936838900E-031, 1.000000000000000000, -1.110223024625154100E-016 ) ) ;
#2596 = ADVANCED_FACE ( 'NONE', ( #1922 ), #1686, .F. ) ;
#2597 = ORIENTED_EDGE ( 'NONE', *, *, #134, .T. ) ;
#2598 = ORIENTED_EDGE ( 'NONE', *, *, #3225, .T. ) ;
#2599 = DIRECTION ( 'NONE',  ( 0.0000000000000000000, -0.0000000000000000000, 1.000000000000000000 ) ) ;
#2600 = EDGE_CURVE ( 'NONE', #1573, #2633, #2396, .T. ) ;
#2601 = ORIENTED_EDGE ( 'NONE', *, *, #2872, .T. ) ;
#2602 = EDGE_LOOP ( 'NONE', ( #145, #1891, #1940, #3501 ) ) ;
#2603 = LINE ( 'NONE', #2159, #3839 ) ;
#2604 = CARTESIAN_POINT ( 'NONE',  ( 0.3954999999999999600, 0.01000000000000000000, -0.6407616904687152300 ) ) ;
#2605 = EDGE_LOOP ( 'NONE', ( #244, #3737, #978, #3615 ) ) ;
#2606 = AXIS2_PLACEMENT_3D ( 'NONE', #475, #3466, #1660 ) ;
#2607 = VECTOR ( 'NONE', #1300, 39.37007874015748100 ) ;
#2608 = ORIENTED_EDGE ( 'NONE', *, *, #1542, .F. ) ;
#2609 = DIRECTION ( 'NONE',  ( 0.0000000000000000000, 0.0000000000000000000, 1.000000000000000000 ) ) ;
#2610 = ADVANCED_FACE ( 'NONE', ( #1588 ), #1314, .T. ) ;
#2611 = CARTESIAN_POINT ( 'NONE',  ( -0.1489999999999999900, -0.009999999999999974200, 1.696733714814914400E-017 ) ) ;
#2612 = EDGE_CURVE ( 'NONE', #1144, #1936, #1496, .T. ) ;
#2613 = DIRECTION ( 'NONE',  ( -0.7071067811865487900, -0.7071067811865462400, 0.0000000000000000000 ) ) ;
#2614 = EDGE_CURVE ( 'NONE', #3402, #1375, #1737, .T. ) ;
#2615 = AXIS2_PLACEMENT_3D ( 'NONE', #3470, #3775, #1968 ) ;
#2616 = DIRECTION ( 'NONE',  ( 1.000000000000000000, 0.0000000000000000000, -2.201087457280779800E-016 ) ) ;
#2617 = VECTOR ( 'NONE', #1864, 39.37007874015748100 ) ;
#2618 = DIRECTION ( 'NONE',  ( 0.0000000000000000000, 0.0000000000000000000, -1.000000000000000000 ) ) ;
#2619 = VECTOR ( 'NONE', #1703, 39.37007874015748100 ) ;
#2620 = AXIS2_PLACEMENT_3D ( 'NONE', #1977, #3180, #185 ) ;
#2621 = PLANE ( 'NONE',  #362 ) ;
#2622 = PLANE ( 'NONE',  #2573 ) ;
#2623 = ORIENTED_EDGE ( 'NONE', *, *, #2643, .F. ) ;
#2624 = ADVANCED_FACE ( 'NONE', ( #1973 ), #3525, .T. ) ;
#2625 = LINE ( 'NONE', #3793, #2587 ) ;
#2626 = AXIS2_PLACEMENT_3D ( 'NONE', #2172, #993, #3083 ) ;
#2627 = ORIENTED_EDGE ( 'NONE', *, *, #1171, .T. ) ;
#2628 = CIRCLE ( 'NONE', #2305, 0.06250000000000001400 ) ;
#2629 = ORIENTED_EDGE ( 'NONE', *, *, #3085, .T. ) ;
#2630 = CARTESIAN_POINT ( 'NONE',  ( -0.0004999999999999471000, 0.0000000000000000000, -0.1575000000000000000 ) ) ;
#2631 = EDGE_CURVE ( 'NONE', #832, #2921, #1507, .T. ) ;
#2632 = CARTESIAN_POINT ( 'NONE',  ( 0.4367132034355968900, -0.2024264068711928200, -0.4269999999999999900 ) ) ;
#2633 = VERTEX_POINT ( 'NONE', #3537 ) ;
#2634 = ORIENTED_EDGE ( 'NONE', *, *, #3791, .F. ) ;
#2635 = CARTESIAN_POINT ( 'NONE',  ( -0.2805000000000000300, 0.01000000000000000000, -0.4390242689855161600 ) ) ;
#2636 = EDGE_LOOP ( 'NONE', ( #2037, #2973, #1581, #986 ) ) ;
#2637 = DIRECTION ( 'NONE',  ( -1.000000000000000000, -3.491481338843133000E-015, 1.589164445232891900E-016 ) ) ;
#2638 = CARTESIAN_POINT ( 'NONE',  ( -0.0004999999999999471000, 0.0000000000000000000, -0.03249999999999999400 ) ) ;
#2639 = DIRECTION ( 'NONE',  ( 0.0000000000000000000, 0.0000000000000000000, -1.000000000000000000 ) ) ;
#2640 = ORIENTED_EDGE ( 'NONE', *, *, #2768, .T. ) ;
#2641 = DIRECTION ( 'NONE',  ( 1.000000000000000000, -3.491481338843133000E-015, 1.589164445232891600E-016 ) ) ;
#2642 = ORIENTED_EDGE ( 'NONE', *, *, #509, .F. ) ;
#2643 = EDGE_CURVE ( 'NONE', #3401, #910, #1219, .T. ) ;
#2644 = CARTESIAN_POINT ( 'NONE',  ( -0.05499999999999994500, 0.0000000000000000000, -0.1029999999999999900 ) ) ;
#2645 = CARTESIAN_POINT ( 'NONE',  ( 0.2179999999999995000, -0.1013284962632952600, -0.2562869055315189500 ) ) ;
#2646 = ADVANCED_FACE ( 'NONE', ( #857 ), #2339, .T. ) ;
#2647 = LINE ( 'NONE', #272, #417 ) ;
#2648 = CARTESIAN_POINT ( 'NONE',  ( 0.4367132034355968300, -0.2024264068711928200, -0.3649999999999999400 ) ) ;
#2649 = ORIENTED_EDGE ( 'NONE', *, *, #668, .T. ) ;
#2650 = FACE_BOUND ( 'NONE', #1388, .T. ) ;
#2651 = DIRECTION ( 'NONE',  ( -1.000000000000000000, 0.0000000000000000000, -0.0000000000000000000 ) ) ;
#2652 = DIRECTION ( 'NONE',  ( 0.0000000000000000000, 0.0000000000000000000, 1.000000000000000000 ) ) ;
#2653 = DIRECTION ( 'NONE',  ( 0.0000000000000000000, 1.000000000000000000, 0.0000000000000000000 ) ) ;
#2654 = DIRECTION ( 'NONE',  ( 1.000000000000000000, 0.0000000000000000000, -2.201087457280779800E-016 ) ) ;
#2655 = AXIS2_PLACEMENT_3D ( 'NONE', #2702, #1498, #2408 ) ;
#2656 = DIRECTION ( 'NONE',  ( -0.0000000000000000000, 1.000000000000000000, -0.0000000000000000000 ) ) ;
#2657 = PLANE ( 'NONE',  #1501 ) ;
#2658 = DIRECTION ( 'NONE',  ( -1.000000000000000000, 3.491481338843133000E-015, 0.0000000000000000000 ) ) ;
#2659 = EDGE_CURVE ( 'NONE', #2277, #2684, #998, .T. ) ;
#2660 = CIRCLE ( 'NONE', #2530, 0.009999999999999962000 ) ;
#2661 = CARTESIAN_POINT ( 'NONE',  ( 0.1555000000000000300, 0.01000000000000000000, -0.6009999999999999800 ) ) ;
#2662 = CARTESIAN_POINT ( 'NONE',  ( -0.2804999999999995300, -0.1013284962632952600, -0.3712869055315190000 ) ) ;
#2663 = ADVANCED_FACE ( 'NONE', ( #957 ), #3250, .F. ) ;
#2664 = EDGE_CURVE ( 'NONE', #926, #3144, #623, .T. ) ;
#2665 = DIRECTION ( 'NONE',  ( -1.092739197465705300E-015, 0.0000000000000000000, -1.000000000000000000 ) ) ;
#2666 = VECTOR ( 'NONE', #49, 39.37007874015748100 ) ;
#2667 = FACE_OUTER_BOUND ( 'NONE', #1999, .T. ) ;
#2668 = CYLINDRICAL_SURFACE ( 'NONE', #68, 0.02500000000000000500 ) ;
#2669 = CARTESIAN_POINT ( 'NONE',  ( 0.03300000000000000200, 0.01000000000000000000, -0.1280000000000000000 ) ) ;
#2670 = AXIS2_PLACEMENT_3D ( 'NONE', #3676, #73, #2175 ) ;
#2671 = ORIENTED_EDGE ( 'NONE', *, *, #999, .F. ) ;
#2672 = PLANE ( 'NONE',  #3323 ) ;
#2673 = LINE ( 'NONE', #663, #911 ) ;
#2674 = CARTESIAN_POINT ( 'NONE',  ( -0.4437842712474622800, -0.2094974746830582100, -0.3649999999999999400 ) ) ;
#2675 = ORIENTED_EDGE ( 'NONE', *, *, #1436, .F. ) ;
#2676 = VERTEX_POINT ( 'NONE', #246 ) ;
#2677 = DIRECTION ( 'NONE',  ( 1.605975933603797300E-015, 0.0000000000000000000, -1.000000000000000000 ) ) ;
#2678 = VERTEX_POINT ( 'NONE', #2648 ) ;
#2679 = ORIENTED_EDGE ( 'NONE', *, *, #132, .T. ) ;
#2680 = VERTEX_POINT ( 'NONE', #874 ) ;
#2681 = EDGE_CURVE ( 'NONE', #459, #1144, #689, .T. ) ;
#2682 = ADVANCED_FACE ( 'NONE', ( #907 ), #2960, .F. ) ;
#2683 = ORIENTED_EDGE ( 'NONE', *, *, #1320, .F. ) ;
#2684 = VERTEX_POINT ( 'NONE', #279 ) ;
#2686 = DIRECTION ( 'NONE',  ( -1.858573841051372800E-015, 0.0000000000000000000, 1.000000000000000000 ) ) ;
#2685 = CARTESIAN_POINT ( 'NONE',  ( 0.4232781745930524500, -0.2300035713374681800, -0.3959999999999999600 ) ) ;
#2687 = CARTESIAN_POINT ( 'NONE',  ( 0.1554999999999995600, -0.1004639508397213000, -0.3753542719622770500 ) ) ;
#2688 = EDGE_CURVE ( 'NONE', #2692, #213, #339, .T. ) ;
#2689 = AXIS2_PLACEMENT_3D ( 'NONE', #1551, #3667, #1859 ) ;
#2690 = CARTESIAN_POINT ( 'NONE',  ( 0.1554999999999999400, 0.01000000000000000000, -0.4390242689855161600 ) ) ;
#2691 = DIRECTION ( 'NONE',  ( -0.0000000000000000000, -1.000000000000000000, -0.0000000000000000000 ) ) ;
#2692 = VERTEX_POINT ( 'NONE', #890 ) ;
#2693 = ORIENTED_EDGE ( 'NONE', *, *, #1836, .T. ) ;
#2694 = LINE ( 'NONE', #1504, #1954 ) ;
#2695 = DIRECTION ( 'NONE',  ( 0.0000000000000000000, -2.134256245050228400E-016, 1.000000000000000000 ) ) ;
#2696 = EDGE_CURVE ( 'NONE', #1334, #1573, #245, .T. ) ;
#2697 = CIRCLE ( 'NONE', #3397, 0.1212383095312846900 ) ;
#2698 = LINE ( 'NONE', #1779, #2192 ) ;
#2699 = ORIENTED_EDGE ( 'NONE', *, *, #1822, .T. ) ;
#2700 = DIRECTION ( 'NONE',  ( -0.0000000000000000000, 1.000000000000000000, -0.0000000000000000000 ) ) ;
#2701 = ORIENTED_EDGE ( 'NONE', *, *, #747, .F. ) ;
#2702 = CARTESIAN_POINT ( 'NONE',  ( -0.4205000000000005400, -0.1649999999999998400, -0.3649999999999999400 ) ) ;
#2703 = CARTESIAN_POINT ( 'NONE',  ( 0.03300000000000000200, 0.0000000000000000000, -0.1280000000000000000 ) ) ;
#2704 = CARTESIAN_POINT ( 'NONE',  ( -0.4162071067811870000, -0.2229325035256026500, -0.4269999999999999900 ) ) ;
#2705 = DIRECTION ( 'NONE',  ( -0.0000000000000000000, -0.0000000000000000000, -1.000000000000000000 ) ) ;
#2706 = AXIS2_PLACEMENT_3D ( 'NONE', #3553, #572, #2651 ) ;
#2707 = DIRECTION ( 'NONE',  ( 0.0000000000000000000, 0.0000000000000000000, 1.000000000000000000 ) ) ;
#2708 = EDGE_CURVE ( 'NONE', #3134, #1440, #588, .T. ) ;
#2709 = CARTESIAN_POINT ( 'NONE',  ( -0.03300000000000018200, 0.0000000000000000000, -0.1029999999999999900 ) ) ;
#2710 = DIRECTION ( 'NONE',  ( 0.0000000000000000000, 0.0000000000000000000, 1.000000000000000000 ) ) ;
#2711 = AXIS2_PLACEMENT_3D ( 'NONE', #3741, #2287, #1383 ) ;
#2712 = LINE ( 'NONE', #2166, #2617 ) ;
#2713 = ORIENTED_EDGE ( 'NONE', *, *, #2213, .T. ) ;
#2714 = ADVANCED_FACE ( 'NONE', ( #240 ), #3574, .F. ) ;
#2715 = DIRECTION ( 'NONE',  ( 1.213184216936838900E-031, 1.000000000000000000, -1.110223024625154100E-016 ) ) ;
#2716 = CARTESIAN_POINT ( 'NONE',  ( -0.2804999999999995300, -0.1004639508397212500, -0.3753542719622770500 ) ) ;
#2717 = DIRECTION ( 'NONE',  ( 0.0000000000000000000, 0.0000000000000000000, 1.000000000000000000 ) ) ;
#2718 = VECTOR ( 'NONE', #441, 39.37007874015748100 ) ;
#2719 = DIRECTION ( 'NONE',  ( 1.213184216936838900E-031, 1.000000000000000000, -1.110223024625154100E-016 ) ) ;
#2720 = VERTEX_POINT ( 'NONE', #1185 ) ;
#2721 = CIRCLE ( 'NONE', #1652, 0.009999999999999892700 ) ;
#2722 = EDGE_CURVE ( 'NONE', #3424, #360, #90, .T. ) ;
#2723 = PLANE ( 'NONE',  #1494 ) ;
#2724 = EDGE_LOOP ( 'NONE', ( #2982, #3067, #1428, #471, #61, #2125, #1468, #3262 ) ) ;
#2725 = EDGE_LOOP ( 'NONE', ( #3698, #535, #449, #3783 ) ) ;
#2726 = LINE ( 'NONE', #1402, #2447 ) ;
#2727 = ORIENTED_EDGE ( 'NONE', *, *, #2000, .F. ) ;
#2728 = FACE_OUTER_BOUND ( 'NONE', #697, .T. ) ;
#2729 = ORIENTED_EDGE ( 'NONE', *, *, #1249, .T. ) ;
#2730 = DIRECTION ( 'NONE',  ( 3.274475334871550500E-015, -1.000000000000000000, -3.594536833768763300E-015 ) ) ;
#2731 = VERTEX_POINT ( 'NONE', #1199 ) ;
#2732 = CARTESIAN_POINT ( 'NONE',  ( -0.0004999999999999471000, 0.0000000000000000000, -0.03249999999999999400 ) ) ;
#2733 = DIRECTION ( 'NONE',  ( -1.000000000000000000, 0.0000000000000000000, 0.0000000000000000000 ) ) ;
#2734 = ORIENTED_EDGE ( 'NONE', *, *, #753, .T. ) ;
#2735 = CARTESIAN_POINT ( 'NONE',  ( -0.2804999999999995300, -0.1004639508397212500, -0.3753542719622770500 ) ) ;
#2736 = CARTESIAN_POINT ( 'NONE',  ( -0.4098933982822022800, -0.1756066017177981000, -0.4269999999999999900 ) ) ;
#2737 = DIRECTION ( 'NONE',  ( -1.000000000000000000, -0.0000000000000000000, 1.067128122525103200E-016 ) ) ;
#2738 = ORIENTED_EDGE ( 'NONE', *, *, #3200, .T. ) ;
#2739 = CARTESIAN_POINT ( 'NONE',  ( 0.4155000000000004800, -0.1459999999999999600, -0.5819999999999999600 ) ) ;
#2740 = CARTESIAN_POINT ( 'NONE',  ( 0.1489999999999999900, -0.009999999999999962000, 0.02000000000000035100 ) ) ;
#2741 = ORIENTED_EDGE ( 'NONE', *, *, #1591, .T. ) ;
#2742 = CARTESIAN_POINT ( 'NONE',  ( -0.06250000000000000000, 0.01000000000000000000, -0.09450000000000004200 ) ) ;
#2743 = ORIENTED_EDGE ( 'NONE', *, *, #2903, .F. ) ;
#2744 = EDGE_LOOP ( 'NONE', ( #2446, #1195, #2640, #1811 ) ) ;
#2745 = DIRECTION ( 'NONE',  ( 0.0000000000000000000, 0.0000000000000000000, 1.000000000000000000 ) ) ;
#2746 = ADVANCED_FACE ( 'NONE', ( #3434 ), #2541, .F. ) ;
#2747 = EDGE_CURVE ( 'NONE', #3787, #3462, #43, .T. ) ;
#2748 = VERTEX_POINT ( 'NONE', #1 ) ;
#2749 = EDGE_LOOP ( 'NONE', ( #1519, #3628, #67, #202 ) ) ;
#2750 = EDGE_CURVE ( 'NONE', #3723, #2055, #538, .T. ) ;
#2751 = LINE ( 'NONE', #2295, #2893 ) ;
#2752 = AXIS2_PLACEMENT_3D ( 'NONE', #3357, #1543, #3658 ) ;
#2753 = DIRECTION ( 'NONE',  ( -1.659017000200968900E-015, -0.4067366430757946600, 0.9135454576426033100 ) ) ;
#2754 = CARTESIAN_POINT ( 'NONE',  ( 0.2804999999999995300, -0.1004639508397213000, -0.3753542719622768900 ) ) ;
#2755 = EDGE_LOOP ( 'NONE', ( #2173, #692, #2395, #1895 ) ) ;
#2756 = VECTOR ( 'NONE', #791, 39.37007874015748100 ) ;
#2757 = CIRCLE ( 'NONE', #427, 0.009999999999999962000 ) ;
#2758 = DIRECTION ( 'NONE',  ( 1.000000000000000000, 0.0000000000000000000, 1.589164445232891900E-016 ) ) ;
#2759 = DIRECTION ( 'NONE',  ( 0.0000000000000000000, 0.0000000000000000000, 1.000000000000000000 ) ) ;
#2760 = ORIENTED_EDGE ( 'NONE', *, *, #105, .T. ) ;
#2761 = FACE_OUTER_BOUND ( 'NONE', #995, .T. ) ;
#2762 = AXIS2_PLACEMENT_3D ( 'NONE', #932, #3018, #1215 ) ;
#2763 = ADVANCED_FACE ( 'NONE', ( #3576 ), #3155, .F. ) ;
#2764 = CARTESIAN_POINT ( 'NONE',  ( 0.1555000000000000300, 2.777856705840868500E-017, -0.6010000000000000900 ) ) ;
#2765 = ORIENTED_EDGE ( 'NONE', *, *, #959, .T. ) ;
#2766 = CARTESIAN_POINT ( 'NONE',  ( 0.4154999999999999800, -0.009999999999999927300, -0.5819999999999999600 ) ) ;
#2767 = PRODUCT_RELATED_PRODUCT_CATEGORY ( 'part', '', ( #3706 ) ) ;
#2768 = EDGE_CURVE ( 'NONE', #1440, #1896, #1980, .T. ) ;
#2769 = DIRECTION ( 'NONE',  ( -4.216446464779314800E-016, -0.0000000000000000000, -1.000000000000000000 ) ) ;
#2770 = FACE_OUTER_BOUND ( 'NONE', #1523, .T. ) ;
#2771 = CYLINDRICAL_SURFACE ( 'NONE', #1202, 0.06250000000000001400 ) ;
#2772 = CARTESIAN_POINT ( 'NONE',  ( -0.1489999999999999700, -0.1199999999999999700, 0.02000000000000041700 ) ) ;
#2773 = ORIENTED_EDGE ( 'NONE', *, *, #3708, .T. ) ;
#2774 = LINE ( 'NONE', #331, #2544 ) ;
#2775 = AXIS2_PLACEMENT_3D ( 'NONE', #3860, #2060, #268 ) ;
#2776 = LINE ( 'NONE', #709, #3482 ) ;
#2777 = PLANE ( 'NONE',  #215 ) ;
#2778 = PLANE ( 'NONE',  #3095 ) ;
#2779 = EDGE_CURVE ( 'NONE', #1797, #2998, #2774, .T. ) ;
#2780 = LINE ( 'NONE', #3220, #3241 ) ;
#2781 = LINE ( 'NONE', #266, #2913 ) ;
#2782 = CARTESIAN_POINT ( 'NONE',  ( 0.05499999999999994500, 0.01000000000000000000, -0.1029999999999999900 ) ) ;
#2783 = CARTESIAN_POINT ( 'NONE',  ( -0.2804999999999995300, -0.09132849626329527000, -0.3712869055315189400 ) ) ;
#2784 = ADVANCED_FACE ( 'NONE', ( #2403 ), #944, .T. ) ;
#2785 = ORIENTED_EDGE ( 'NONE', *, *, #912, .T. ) ;
#2786 = AXIS2_PLACEMENT_3D ( 'NONE', #2212, #3732, #1626 ) ;
#2787 = ORIENTED_EDGE ( 'NONE', *, *, #1871, .T. ) ;
#2788 = ORIENTED_EDGE ( 'NONE', *, *, #3284, .F. ) ;
#2789 = VECTOR ( 'NONE', #2012, 39.37007874015748100 ) ;
#2790 = VERTEX_POINT ( 'NONE', #1222 ) ;
#2791 = VERTEX_POINT ( 'NONE', #3632 ) ;
#2792 = CARTESIAN_POINT ( 'NONE',  ( -0.4084289321881350300, -0.1741421356237308200, -0.3649999999999999400 ) ) ;
#2793 = CARTESIAN_POINT ( 'NONE',  ( 0.05500000000000000000, 0.0000000000000000000, -0.09449999999999998700 ) ) ;
#2794 = CARTESIAN_POINT ( 'NONE',  ( 0.1915967057228170300, 0.0000000000000000000, -0.7294478111131770200 ) ) ;
#2795 = ORIENTED_EDGE ( 'NONE', *, *, #2088, .T. ) ;
#2796 = DIRECTION ( 'NONE',  ( 1.000000000000000000, -0.0000000000000000000, -1.092739197465705300E-015 ) ) ;
#2797 = ORIENTED_EDGE ( 'NONE', *, *, #3105, .T. ) ;
#2798 = LINE ( 'NONE', #1872, #3373 ) ;
#2799 = EDGE_CURVE ( 'NONE', #3144, #2218, #2871, .T. ) ;
#2800 = EDGE_LOOP ( 'NONE', ( #164, #3413, #2679, #2138 ) ) ;
#2801 = FACE_OUTER_BOUND ( 'NONE', #2462, .T. ) ;
#2802 = VECTOR ( 'NONE', #3268, 39.37007874015748100 ) ;
#2803 = LINE ( 'NONE', #2337, #2283 ) ;
#2804 = DIRECTION ( 'NONE',  ( 0.0000000000000000000, -0.0000000000000000000, 1.000000000000000000 ) ) ;
#2805 = CARTESIAN_POINT ( 'NONE',  ( 0.2804999999999995300, -0.1013284962632952600, -0.3712869055315190000 ) ) ;
#2806 = CARTESIAN_POINT ( 'NONE',  ( -0.06250000000000000000, 0.0000000000000000000, -0.09450000000000004200 ) ) ;
#2807 = EDGE_CURVE ( 'NONE', #2167, #2365, #805, .T. ) ;
#2808 = VECTOR ( 'NONE', #1474, 39.37007874015748100 ) ;
#2809 = CARTESIAN_POINT ( 'NONE',  ( 0.4155000000000004800, -0.1459999999999999600, -0.3649999999999999900 ) ) ;
#2810 = ORIENTED_EDGE ( 'NONE', *, *, #2983, .F. ) ;
#2811 = CARTESIAN_POINT ( 'NONE',  ( 0.3955000000000000700, 0.01000000000000000000, -0.2109999999999999400 ) ) ;
#2812 = PLANE ( 'NONE',  #226 ) ;
#2813 = AXIS2_PLACEMENT_3D ( 'NONE', #797, #2884, #1086 ) ;
#2814 = DIRECTION ( 'NONE',  ( -0.0000000000000000000, 1.000000000000000000, -0.0000000000000000000 ) ) ;
#2815 = DIRECTION ( 'NONE',  ( 0.0000000000000000000, -1.000000000000000000, -2.134256245050228400E-016 ) ) ;
#2816 = CARTESIAN_POINT ( 'NONE',  ( 0.3955000000000000700, 0.0000000000000000000, -0.2109999999999999400 ) ) ;
#2817 = VECTOR ( 'NONE', #3371, 39.37007874015748100 ) ;
#2818 = DIRECTION ( 'NONE',  ( 3.274475334871550500E-015, 1.000000000000000000, -9.355643813918714700E-016 ) ) ;
#2819 = EDGE_CURVE ( 'NONE', #2221, #360, #2916, .T. ) ;
#2820 = FACE_OUTER_BOUND ( 'NONE', #1576, .T. ) ;
#2821 = ORIENTED_EDGE ( 'NONE', *, *, #527, .T. ) ;
#2822 = VECTOR ( 'NONE', #2896, 39.37007874015748100 ) ;
#2823 = ORIENTED_EDGE ( 'NONE', *, *, #3730, .T. ) ;
#2824 = LINE ( 'NONE', #3429, #2911 ) ;
#2825 = CYLINDRICAL_SURFACE ( 'NONE', #2655, 0.01500000000000003100 ) ;
#2826 = EDGE_CURVE ( 'NONE', #1271, #3047, #1002, .T. ) ;
#2827 = AXIS2_PLACEMENT_3D ( 'NONE', #3499, #1693, #3799 ) ;
#2828 = DIRECTION ( 'NONE',  ( 0.0000000000000000000, 0.4067366430757946600, -0.9135454576426033100 ) ) ;
#2829 = ORIENTED_EDGE ( 'NONE', *, *, #3803, .T. ) ;
#2830 = DIRECTION ( 'NONE',  ( 1.000000000000000000, -3.491481338843133000E-015, 1.589164445232891900E-016 ) ) ;
#2831 = CARTESIAN_POINT ( 'NONE',  ( 0.4098933982822023400, -0.1756066017177982100, -0.3649999999999999400 ) ) ;
#2832 = VERTEX_POINT ( 'NONE', #1843 ) ;
#2833 = DIRECTION ( 'NONE',  ( -0.0000000000000000000, 1.000000000000000000, -0.0000000000000000000 ) ) ;
#2834 = ORIENTED_EDGE ( 'NONE', *, *, #3004, .F. ) ;
#2835 = PLANE ( 'NONE',  #2986 ) ;
#2836 = EDGE_LOOP ( 'NONE', ( #318, #3444, #3497 ) ) ;
#2837 = ORIENTED_EDGE ( 'NONE', *, *, #1994, .F. ) ;
#2838 = VERTEX_POINT ( 'NONE', #3344 ) ;
#2839 = DIRECTION ( 'NONE',  ( 0.0000000000000000000, 0.0000000000000000000, 1.000000000000000000 ) ) ;
#2840 = VERTEX_POINT ( 'NONE', #40 ) ;
#2841 = ORIENTED_EDGE ( 'NONE', *, *, #401, .F. ) ;
#2842 = DIRECTION ( 'NONE',  ( -0.0000000000000000000, -0.0000000000000000000, -1.000000000000000000 ) ) ;
#2843 = ORIENTED_EDGE ( 'NONE', *, *, #952, .T. ) ;
#2844 = ORIENTED_EDGE ( 'NONE', *, *, #2102, .T. ) ;
#2845 = AXIS2_PLACEMENT_3D ( 'NONE', #96, #2197, #412 ) ;
#2846 =( CONVERSION_BASED_UNIT ( 'INCH', #2950 ) LENGTH_UNIT ( ) NAMED_UNIT ( #3606 ) );
#2847 = PLANE ( 'NONE',  #2183 ) ;
#2848 = CARTESIAN_POINT ( 'NONE',  ( 0.4055000000000004700, -0.1650000000000000100, -0.2109999999999998000 ) ) ;
#2849 = EDGE_CURVE ( 'NONE', #2276, #2363, #918, .T. ) ;
#2850 = ORIENTED_EDGE ( 'NONE', *, *, #2346, .F. ) ;
#2851 = LINE ( 'NONE', #1935, #2382 ) ;
#2852 = CARTESIAN_POINT ( 'NONE',  ( 0.4205000000000006500, -0.1649999999999998700, -0.4269999999999999900 ) ) ;
#2853 = ORIENTED_EDGE ( 'NONE', *, *, #293, .F. ) ;
#2854 = VECTOR ( 'NONE', #1981, 39.37007874015748100 ) ;
#2855 = AXIS2_PLACEMENT_3D ( 'NONE', #1382, #3485, #1683 ) ;
#2856 = LINE ( 'NONE', #2764, #710 ) ;
#2857 = DIRECTION ( 'NONE',  ( -1.000000000000000000, 3.491481338843133000E-015, 0.0000000000000000000 ) ) ;
#2858 = FACE_OUTER_BOUND ( 'NONE', #1569, .T. ) ;
#2859 =( NAMED_UNIT ( * ) PLANE_ANGLE_UNIT ( ) SI_UNIT ( $, .RADIAN. ) );
#2860 = DIRECTION ( 'NONE',  ( 1.092739197465705300E-015, 0.0000000000000000000, -1.000000000000000000 ) ) ;
#2861 = EDGE_CURVE ( 'NONE', #1112, #693, #93, .T. ) ;
#2862 = CARTESIAN_POINT ( 'NONE',  ( -0.1489999999999999900, 3.491481338843123000E-017, 0.01999999999999999700 ) ) ;
#2863 = DIRECTION ( 'NONE',  ( 0.0000000000000000000, 1.000000000000000000, -0.0000000000000000000 ) ) ;
#2864 = PLANE ( 'NONE',  #1828 ) ;
#2865 = CARTESIAN_POINT ( 'NONE',  ( 0.2804999999999995800, -0.1013284962632952600, -0.3187869055315190000 ) ) ;
#2866 = VERTEX_POINT ( 'NONE', #1151 ) ;
#2867 = CYLINDRICAL_SURFACE ( 'NONE', #3192, 0.007500000000000005800 ) ;
#2868 = AXIS2_PLACEMENT_3D ( 'NONE', #5, #2117, #1512 ) ;
#2869 = DIRECTION ( 'NONE',  ( 0.0000000000000000000, 0.0000000000000000000, 1.000000000000000000 ) ) ;
#2870 = LINE ( 'NONE', #1435, #3393 ) ;
#2871 = LINE ( 'NONE', #2132, #2580 ) ;
#2872 = EDGE_CURVE ( 'NONE', #2030, #3806, #2502, .T. ) ;
#2873 = DIRECTION ( 'NONE',  ( -1.000000000000000000, 1.935317679399240400E-031, 6.504399984914888800E-016 ) ) ;
#2874 = VECTOR ( 'NONE', #2953, 39.37007874015748100 ) ;
#2875 = ADVANCED_FACE ( 'NONE', ( #2920 ), #1753, .F. ) ;
#2876 = VERTEX_POINT ( 'NONE', #2059 ) ;
#2877 = EDGE_CURVE ( 'NONE', #3492, #1135, #2781, .T. ) ;
#2878 = PLANE ( 'NONE',  #3664 ) ;
#2879 = ORIENTED_EDGE ( 'NONE', *, *, #818, .T. ) ;
#2880 = CARTESIAN_POINT ( 'NONE',  ( 0.3955000000000000700, 0.01000000000000000000, -0.2109999999999999400 ) ) ;
#2881 = ORIENTED_EDGE ( 'NONE', *, *, #1409, .F. ) ;
#2882 = ORIENTED_EDGE ( 'NONE', *, *, #684, .F. ) ;
#2883 = EDGE_LOOP ( 'NONE', ( #476, #777, #949, #739, #1804 ) ) ;
#2884 = DIRECTION ( 'NONE',  ( 0.0000000000000000000, 1.000000000000000000, -0.0000000000000000000 ) ) ;
#2885 = EDGE_LOOP ( 'NONE', ( #1848, #2972, #3760, #33, #3877, #2823, #556, #2179 ) ) ;
#2886 = DIRECTION ( 'NONE',  ( -0.0000000000000000000, 1.000000000000000000, -0.0000000000000000000 ) ) ;
#2887 = ORIENTED_EDGE ( 'NONE', *, *, #3139, .F. ) ;
#2888 = CARTESIAN_POINT ( 'NONE',  ( 0.4437842712474622800, -0.2094974746830582900, -0.3649999999999999400 ) ) ;
#2889 = ORIENTED_EDGE ( 'NONE', *, *, #1464, .F. ) ;
#2890 = VECTOR ( 'NONE', #976, 39.37007874015748100 ) ;
#2891 = PLANE ( 'NONE',  #3598 ) ;
#2892 = ADVANCED_FACE ( 'NONE', ( #1049 ), #3291, .T. ) ;
#2893 = VECTOR ( 'NONE', #3204, 39.37007874015748100 ) ;
#2894 = LINE ( 'NONE', #3459, #1198 ) ;
#2895 = VECTOR ( 'NONE', #1130, 39.37007874015748100 ) ;
#2896 = DIRECTION ( 'NONE',  ( -0.7071067811865486800, 0.7071067811865463500, 0.0000000000000000000 ) ) ;
#2897 = CIRCLE ( 'NONE', #309, 0.01999999999999989300 ) ;
#2898 = EDGE_CURVE ( 'NONE', #1766, #3787, #1839, .T. ) ;
#2899 = ORIENTED_EDGE ( 'NONE', *, *, #783, .F. ) ;
#2900 = CIRCLE ( 'NONE', #1634, 0.007500000000000005800 ) ;
#2901 = CARTESIAN_POINT ( 'NONE',  ( 0.05499999999999994500, 0.0000000000000000000, -0.1029999999999999900 ) ) ;
#2902 = ORIENTED_EDGE ( 'NONE', *, *, #1357, .F. ) ;
#2903 = EDGE_CURVE ( 'NONE', #1987, #2678, #99, .T. ) ;
#2904 = DIRECTION ( 'NONE',  ( 6.504399984914914400E-016, -0.0000000000000000000, -1.000000000000000000 ) ) ;
#2905 = PLANE ( 'NONE',  #574 ) ;
#2906 = LINE ( 'NONE', #189, #2501 ) ;
#2907 = CARTESIAN_POINT ( 'NONE',  ( 0.4367132034355968900, -0.2024264068711928200, -0.4269999999999999900 ) ) ;
#2908 = EDGE_CURVE ( 'NONE', #2678, #3207, #337, .T. ) ;
#2909 = CARTESIAN_POINT ( 'NONE',  ( 0.2804999999999995300, -0.1013284962632952600, -0.3712869055315190000 ) ) ;
#2910 = AXIS2_PLACEMENT_3D ( 'NONE', #79, #701, #2180 ) ;
#2911 = VECTOR ( 'NONE', #2833, 39.37007874015748100 ) ;
#2912 = ORIENTED_EDGE ( 'NONE', *, *, #1210, .F. ) ;
#2913 = VECTOR ( 'NONE', #3266, 39.37007874015748100 ) ;
#2914 = ADVANCED_FACE ( 'NONE', ( #1318 ), #1475, .F. ) ;
#2915 = CARTESIAN_POINT ( 'NONE',  ( -0.2805000000000000300, 0.01000000000000000000, -0.4390242689855161600 ) ) ;
#2916 = LINE ( 'NONE', #1830, #1264 ) ;
#2917 = EDGE_CURVE ( 'NONE', #1096, #1246, #1227, .T. ) ;
#2918 = EDGE_LOOP ( 'NONE', ( #3697, #1820, #2076, #2882 ) ) ;
#2919 = VECTOR ( 'NONE', #3484, 39.37007874015748100 ) ;
#2920 = FACE_OUTER_BOUND ( 'NONE', #2755, .T. ) ;
#2921 = VERTEX_POINT ( 'NONE', #602 ) ;
#2922 = VERTEX_POINT ( 'NONE', #2387 ) ;
#2923 = ORIENTED_EDGE ( 'NONE', *, *, #2600, .T. ) ;
#2924 = CARTESIAN_POINT ( 'NONE',  ( -0.4055000000000004200, -0.1459999999999999900, -0.3649999999999999900 ) ) ;
#2925 = EDGE_LOOP ( 'NONE', ( #118, #811, #2699, #3081 ) ) ;
#2926 = VERTEX_POINT ( 'NONE', #2078 ) ;
#2927 = ORIENTED_EDGE ( 'NONE', *, *, #802, .F. ) ;
#2928 = EDGE_CURVE ( 'NONE', #1024, #1608, #51, .T. ) ;
#2929 = ORIENTED_EDGE ( 'NONE', *, *, #3613, .T. ) ;
#2930 = CARTESIAN_POINT ( 'NONE',  ( 0.2804999999999995800, -0.09132849626329527000, -0.3187869055315190000 ) ) ;
#2931 = VERTEX_POINT ( 'NONE', #2094 ) ;
#2932 = CARTESIAN_POINT ( 'NONE',  ( 0.1555000000000000300, 0.009135454576426060800, -0.5969326335692420900 ) ) ;
#2933 = CARTESIAN_POINT ( 'NONE',  ( 0.05499999999999994500, 0.0000000000000000000, -0.08699999999999999400 ) ) ;
#2934 = ADVANCED_FACE ( 'NONE', ( #2770 ), #720, .T. ) ;
#2935 = DIRECTION ( 'NONE',  ( -1.000000000000000000, 0.0000000000000000000, 4.216446464779314800E-016 ) ) ;
#2936 = ORIENTED_EDGE ( 'NONE', *, *, #843, .T. ) ;
#2937 = EDGE_LOOP ( 'NONE', ( #2543, #2162, #2981, #3031 ) ) ;
#2938 = FACE_OUTER_BOUND ( 'NONE', #1061, .T. ) ;
#2939 = DIRECTION ( 'NONE',  ( 0.0000000000000000000, -1.000000000000000000, -3.594536833768762500E-015 ) ) ;
#2940 = ORIENTED_EDGE ( 'NONE', *, *, #3532, .T. ) ;
#2941 = VECTOR ( 'NONE', #3339, 39.37007874015748100 ) ;
#2942 = DIRECTION ( 'NONE',  ( -0.0000000000000000000, 1.000000000000000000, -0.0000000000000000000 ) ) ;
#2943 = ORIENTED_EDGE ( 'NONE', *, *, #56, .F. ) ;
#2944 = LINE ( 'NONE', #3059, #2093 ) ;
#2945 = VECTOR ( 'NONE', #259, 39.37007874015748100 ) ;
#2946 = DIRECTION ( 'NONE',  ( -0.0000000000000000000, 1.000000000000000000, -0.0000000000000000000 ) ) ;
#2947 = DIRECTION ( 'NONE',  ( 0.0000000000000000000, 0.0000000000000000000, 1.000000000000000000 ) ) ;
#2948 = DIRECTION ( 'NONE',  ( -1.000000000000000000, 0.0000000000000000000, -0.0000000000000000000 ) ) ;
#2949 = EDGE_CURVE ( 'NONE', #2277, #2720, #2073, .T. ) ;
#2950 = LENGTH_MEASURE_WITH_UNIT ( LENGTH_MEASURE( 0.02539999999999999900 ), #756 );
#2951 = CARTESIAN_POINT ( 'NONE',  ( -0.1554999999999994700, -0.1013284962632952600, -0.3187869055315189500 ) ) ;
#2952 = PLANE ( 'NONE',  #2706 ) ;
#2953 = DIRECTION ( 'NONE',  ( 0.7596915262653136700, 0.0000000000000000000, 0.6502836188315666000 ) ) ;
#2954 = ADVANCED_FACE ( 'NONE', ( #865 ), #2068, .F. ) ;
#2955 = EDGE_CURVE ( 'NONE', #2529, #1380, #1183, .T. ) ;
#2956 = AXIS2_PLACEMENT_3D ( 'NONE', #38, #355, #2441 ) ;
#2957 = CARTESIAN_POINT ( 'NONE',  ( -0.4155000000000005400, -0.1649999999999999800, -0.2109999999999998000 ) ) ;
#2958 = CARTESIAN_POINT ( 'NONE',  ( -0.4205000000000005400, -0.1649999999999998400, -0.3649999999999999400 ) ) ;
#2959 = DIRECTION ( 'NONE',  ( -1.000000000000000000, -0.0000000000000000000, -0.0000000000000000000 ) ) ;
#2960 = PLANE ( 'NONE',  #2135 ) ;
#2961 = FACE_OUTER_BOUND ( 'NONE', #1754, .T. ) ;
#2962 = AXIS2_PLACEMENT_3D ( 'NONE', #3595, #2079, #905 ) ;
#2963 = CARTESIAN_POINT ( 'NONE',  ( 0.4232781745930524500, -0.2300035713374681800, -0.3959999999999999600 ) ) ;
#2964 = LINE ( 'NONE', #3810, #2789 ) ;
#2965 = DIRECTION ( 'NONE',  ( 0.0000000000000000000, 0.0000000000000000000, 1.000000000000000000 ) ) ;
#2966 = ORIENTED_EDGE ( 'NONE', *, *, #3710, .F. ) ;
#2967 = CIRCLE ( 'NONE', #3564, 0.01999999999999989300 ) ;
#2968 = LINE ( 'NONE', #2425, #581 ) ;
#2969 = EDGE_CURVE ( 'NONE', #3025, #3460, #2721, .T. ) ;
#2970 = DIRECTION ( 'NONE',  ( 0.0000000000000000000, 0.4067366430757946600, -0.9135454576426033100 ) ) ;
#2971 = ADVANCED_FACE ( 'NONE', ( #3856 ), #2825, .T. ) ;
#2972 = ORIENTED_EDGE ( 'NONE', *, *, #2533, .T. ) ;
#2973 = ORIENTED_EDGE ( 'NONE', *, *, #3410, .F. ) ;
#2974 = DIRECTION ( 'NONE',  ( -0.0000000000000000000, 1.000000000000000000, -0.0000000000000000000 ) ) ;
#2975 = CARTESIAN_POINT ( 'NONE',  ( 0.4084289321881350300, -0.1741421356237308800, -0.3649999999999999400 ) ) ;
#2976 = AXIS2_PLACEMENT_3D ( 'NONE', #3238, #250, #2343 ) ;
#2977 = DIRECTION ( 'NONE',  ( 1.000000000000000000, 0.0000000000000000000, -0.0000000000000000000 ) ) ;
#2978 = ORIENTED_EDGE ( 'NONE', *, *, #1637, .F. ) ;
#2979 = DIRECTION ( 'NONE',  ( -2.222285364672696300E-016, -0.9135454576426033100, -0.4067366430757947700 ) ) ;
#2980 = CARTESIAN_POINT ( 'NONE',  ( 0.2804999999999995300, -0.09132849626329527000, -0.3712869055315189400 ) ) ;
#2981 = ORIENTED_EDGE ( 'NONE', *, *, #3150, .F. ) ;
#2982 = ORIENTED_EDGE ( 'NONE', *, *, #1734, .F. ) ;
#2983 = EDGE_CURVE ( 'NONE', #1361, #1334, #2113, .T. ) ;
#2984 = ORIENTED_EDGE ( 'NONE', *, *, #2165, .F. ) ;
#2985 = VECTOR ( 'NONE', #3183, 39.37007874015748100 ) ;
#2986 = AXIS2_PLACEMENT_3D ( 'NONE', #446, #3142, #1336 ) ;
#2987 = DIRECTION ( 'NONE',  ( 0.0000000000000000000, 0.0000000000000000000, 1.000000000000000000 ) ) ;
#2988 = ORIENTED_EDGE ( 'NONE', *, *, #1614, .F. ) ;
#2989 = LINE ( 'NONE', #2011, #1158 ) ;
#2990 = DIRECTION ( 'NONE',  ( 1.000000000000000000, 0.0000000000000000000, -1.067128122525103100E-016 ) ) ;
#2991 = DIRECTION ( 'NONE',  ( 0.0000000000000000000, 1.000000000000000000, -0.0000000000000000000 ) ) ;
#2992 = VECTOR ( 'NONE', #1153, 39.37007874015748100 ) ;
#2993 = VECTOR ( 'NONE', #2609, 39.37007874015748100 ) ;
#2994 = CARTESIAN_POINT ( 'NONE',  ( 0.2742616904687152900, 0.01000000000000000000, -0.7620000000000000100 ) ) ;
#2995 = ADVANCED_FACE ( 'NONE', ( #3242 ), #1831, .F. ) ;
#2996 = FACE_OUTER_BOUND ( 'NONE', #2423, .T. ) ;
#2997 = CARTESIAN_POINT ( 'NONE',  ( -0.06250000000000000000, 0.0000000000000000000, -0.09549999999999994600 ) ) ;
#2998 = VERTEX_POINT ( 'NONE', #642 ) ;
#2999 = DIRECTION ( 'NONE',  ( 0.0000000000000000000, 0.0000000000000000000, -1.000000000000000000 ) ) ;
#3000 = EDGE_CURVE ( 'NONE', #2121, #3207, #3865, .T. ) ;
#3001 = DIRECTION ( 'NONE',  ( -0.7071067811865469100, -0.7071067811865480200, 0.0000000000000000000 ) ) ;
#3002 = CARTESIAN_POINT ( 'NONE',  ( 0.4155000000000005400, -0.1459999999999999100, -0.2109999999999998000 ) ) ;
#3003 = DIRECTION ( 'NONE',  ( 1.000000000000000000, -3.274475334871550500E-015, -0.0000000000000000000 ) ) ;
#3004 = EDGE_CURVE ( 'NONE', #1366, #3886, #2968, .T. ) ;
#3005 = DIRECTION ( 'NONE',  ( 1.000000000000000000, 3.201384367575342500E-015, 0.0000000000000000000 ) ) ;
#3006 = CIRCLE ( 'NONE', #1015, 0.007499999999999997100 ) ;
#3007 = CYLINDRICAL_SURFACE ( 'NONE', #3399, 0.009999999999999962000 ) ;
#3008 = LINE ( 'NONE', #3065, #2817 ) ;
#3009 = DIMENSIONAL_EXPONENTS ( 1.000000000000000000, 0.0000000000000000000, 0.0000000000000000000, 0.0000000000000000000, 0.0000000000000000000, 0.0000000000000000000, 0.0000000000000000000 ) ;
#3010 = LINE ( 'NONE', #388, #2169 ) ;
#3011 = CARTESIAN_POINT ( 'NONE',  ( -0.2804999999999995300, -0.09132849626329527000, -0.3712869055315190000 ) ) ;
#3012 = ORIENTED_EDGE ( 'NONE', *, *, #3809, .F. ) ;
#3013 = LINE ( 'NONE', #2766, #1640 ) ;
#3014 = AXIS2_PLACEMENT_3D ( 'NONE', #2862, #3176, #1371 ) ;
#3015 = CARTESIAN_POINT ( 'NONE',  ( -0.4155000000000005400, -0.1649999999999999800, -0.4269999999999999900 ) ) ;
#3016 = VECTOR ( 'NONE', #1684, 39.37007874015748100 ) ;
#3017 = DIRECTION ( 'NONE',  ( 0.0000000000000000000, -2.134256245050228400E-016, 1.000000000000000000 ) ) ;
#3018 = DIRECTION ( 'NONE',  ( 0.0000000000000000000, 1.000000000000000000, 0.0000000000000000000 ) ) ;
#3019 = CARTESIAN_POINT ( 'NONE',  ( -0.2805000000000000300, 0.01000000000000000000, -0.4390242689855161600 ) ) ;
#3020 = CARTESIAN_POINT ( 'NONE',  ( -0.008000000000000000200, 0.01000000000000000000, -0.04000000000000004900 ) ) ;
#3021 = ORIENTED_EDGE ( 'NONE', *, *, #651, .T. ) ;
#3022 = CIRCLE ( 'NONE', #3167, 0.007500000000000005800 ) ;
#3023 = ORIENTED_EDGE ( 'NONE', *, *, #2576, .F. ) ;
#3024 = ADVANCED_FACE ( 'NONE', ( #1879 ), #3333, .F. ) ;
#3025 = VERTEX_POINT ( 'NONE', #34 ) ;
#3026 = ORIENTED_EDGE ( 'NONE', *, *, #1762, .T. ) ;
#3027 = ORIENTED_EDGE ( 'NONE', *, *, #2983, .T. ) ;
#3028 = EDGE_CURVE ( 'NONE', #3787, #3588, #2673, .T. ) ;
#3029 = VERTEX_POINT ( 'NONE', #958 ) ;
#3030 = CARTESIAN_POINT ( 'NONE',  ( 0.1555000000000000300, 0.01000000000000000000, -0.6009999999999999800 ) ) ;
#3031 = ORIENTED_EDGE ( 'NONE', *, *, #1160, .T. ) ;
#3032 = EDGE_CURVE ( 'NONE', #3811, #1766, #1370, .T. ) ;
#3033 = AXIS2_PLACEMENT_3D ( 'NONE', #3786, #505, #2584 ) ;
#3034 = CARTESIAN_POINT ( 'NONE',  ( -0.03300000000000000200, 0.0000000000000000000, -0.06199999999999997900 ) ) ;
#3035 = FILL_AREA_STYLE ('',( #3623 ) ) ;
#3036 = ORIENTED_EDGE ( 'NONE', *, *, #2149, .F. ) ;
#3037 = FACE_BOUND ( 'NONE', #2517, .T. ) ;
#3038 = DIRECTION ( 'NONE',  ( -1.000000000000000000, -3.274475334871550500E-015, 0.0000000000000000000 ) ) ;
#3039 = CARTESIAN_POINT ( 'NONE',  ( 0.2804999999999999700, 5.122214988120493500E-017, -0.6010000000000000900 ) ) ;
#3040 = EDGE_LOOP ( 'NONE', ( #1306, #740, #3345, #3584 ) ) ;
#3041 = FACE_OUTER_BOUND ( 'NONE', #3178, .T. ) ;
#3042 = ORIENTED_EDGE ( 'NONE', *, *, #2418, .F. ) ;
#3043 = AXIS2_PLACEMENT_3D ( 'NONE', #2016, #228, #2320 ) ;
#3044 = DIRECTION ( 'NONE',  ( -2.108223232389658400E-016, 0.0000000000000000000, -1.000000000000000000 ) ) ;
#3045 = CARTESIAN_POINT ( 'NONE',  ( -0.4055000000000004200, -0.1459999999999999400, -0.2109999999999998000 ) ) ;
#3046 = ADVANCED_FACE ( 'NONE', ( #3199 ), #1846, .F. ) ;
#3047 = VERTEX_POINT ( 'NONE', #1541 ) ;
#3048 = DIRECTION ( 'NONE',  ( -0.7071067811865489100, 0.7071067811865461300, 0.0000000000000000000 ) ) ;
#3049 = CARTESIAN_POINT ( 'NONE',  ( -0.0005000000000000004400, 0.01000000000000000000, -0.1499999999999999900 ) ) ;
#3050 = CARTESIAN_POINT ( 'NONE',  ( -0.03300000000000000200, 0.01000000000000000000, -0.1280000000000000000 ) ) ;
#3051 = AXIS2_PLACEMENT_3D ( 'NONE', #2792, #1004, #3096 ) ;
#3052 = CARTESIAN_POINT ( 'NONE',  ( -0.0004999999999999462300, 0.0000000000000000000, -0.03249999999999999400 ) ) ;
#3053 = FACE_OUTER_BOUND ( 'NONE', #2937, .T. ) ;
#3054 = EDGE_CURVE ( 'NONE', #351, #1342, #3286, .T. ) ;
#3055 = DIRECTION ( 'NONE',  ( 0.0000000000000000000, 0.0000000000000000000, -1.000000000000000000 ) ) ;
#3056 = AXIS2_PLACEMENT_3D ( 'NONE', #2251, #3778, #1970 ) ;
#3057 = DIRECTION ( 'NONE',  ( -0.7071067811865486800, -0.7071067811865463500, -0.0000000000000000000 ) ) ;
#3058 = DIRECTION ( 'NONE',  ( 2.201087457280790200E-016, 1.418763820953988100E-032, 1.000000000000000000 ) ) ;
#3059 = CARTESIAN_POINT ( 'NONE',  ( 0.2804999999999995300, -0.1004639508397213000, -0.3753542719622768900 ) ) ;
#3060 = LINE ( 'NONE', #3679, #2442 ) ;
#3061 = CARTESIAN_POINT ( 'NONE',  ( 0.4162071067811869400, -0.2229325035256027000, -0.3959999999999999600 ) ) ;
#3062 = VECTOR ( 'NONE', #1794, 39.37007874015748100 ) ;
#3063 = EDGE_CURVE ( 'NONE', #213, #1024, #1699, .T. ) ;
#3064 = CARTESIAN_POINT ( 'NONE',  ( 0.1490000000000000500, -0.1199999999999999700, 0.02000000000000035100 ) ) ;
#3065 = CARTESIAN_POINT ( 'NONE',  ( 0.3955000000000000700, 0.01000000000000000000, -0.2109999999999999400 ) ) ;
#3066 = ADVANCED_FACE ( 'NONE', ( #3102 ), #3364, .F. ) ;
#3067 = ORIENTED_EDGE ( 'NONE', *, *, #1186, .F. ) ;
#3068 = ORIENTED_EDGE ( 'NONE', *, *, #606, .T. ) ;
#3069 = AXIS2_PLACEMENT_3D ( 'NONE', #1528, #2137, #346 ) ;
#3070 = ORIENTED_EDGE ( 'NONE', *, *, #679, .F. ) ;
#3071 = DIRECTION ( 'NONE',  ( -1.000000000000000000, 0.0000000000000000000, 5.463695987328529400E-016 ) ) ;
#3072 = EDGE_LOOP ( 'NONE', ( #3871, #2984, #507, #3818 ) ) ;
#3073 = DIRECTION ( 'NONE',  ( 0.0000000000000000000, 0.0000000000000000000, 1.000000000000000000 ) ) ;
#3074 = DIRECTION ( 'NONE',  ( 6.027876599644197200E-031, 1.840867920258943100E-016, -1.000000000000000000 ) ) ;
#3075 = VERTEX_POINT ( 'NONE', #1857 ) ;
#3076 = CARTESIAN_POINT ( 'NONE',  ( 0.2804999999999999700, 2.777856705840868500E-017, -0.6009999999999999800 ) ) ;
#3077 = ORIENTED_EDGE ( 'NONE', *, *, #3028, .T. ) ;
#3078 = CARTESIAN_POINT ( 'NONE',  ( 0.2179999999999995000, -0.1013284962632952600, -0.3187869055315189500 ) ) ;
#3079 = EDGE_CURVE ( 'NONE', #2372, #3144, #287, .T. ) ;
#3080 = ORIENTED_EDGE ( 'NONE', *, *, #1457, .F. ) ;
#3081 = ORIENTED_EDGE ( 'NONE', *, *, #188, .F. ) ;
#3082 = ADVANCED_FACE ( 'NONE', ( #48 ), #187, .T. ) ;
#3083 = DIRECTION ( 'NONE',  ( 2.108223232389658400E-016, 0.0000000000000000000, -1.000000000000000000 ) ) ;
#3084 = CARTESIAN_POINT ( 'NONE',  ( -0.2742616904687152900, 0.01000000000000000000, -0.6407616904687152300 ) ) ;
#3085 = EDGE_CURVE ( 'NONE', #2365, #1799, #3010, .T. ) ;
#3086 = LINE ( 'NONE', #881, #2385 ) ;
#3087 = CARTESIAN_POINT ( 'NONE',  ( 0.1490000000000000500, -0.1199999999999999700, 0.02000000000000035100 ) ) ;
#3088 = EDGE_LOOP ( 'NONE', ( #3117, #724, #252, #3454 ) ) ;
#3089 = CYLINDRICAL_SURFACE ( 'NONE', #348, 0.007500000000000005800 ) ;
#3090 = LINE ( 'NONE', #3824, #24 ) ;
#3091 = CYLINDRICAL_SURFACE ( 'NONE', #3121, 0.01500000000000012800 ) ;
#3092 = CARTESIAN_POINT ( 'NONE',  ( -0.4155000000000004800, -0.1459999999999999600, -0.5819999999999999600 ) ) ;
#3093 = ORIENTED_EDGE ( 'NONE', *, *, #1866, .F. ) ;
#3094 = LINE ( 'NONE', #3534, #2895 ) ;
#3095 = AXIS2_PLACEMENT_3D ( 'NONE', #2483, #1874, #996 ) ;
#3096 = DIRECTION ( 'NONE',  ( 0.7071067811865462400, 0.7071067811865487900, 0.0000000000000000000 ) ) ;
#3097 = DIRECTION ( 'NONE',  ( -0.0000000000000000000, 1.000000000000000000, -0.0000000000000000000 ) ) ;
#3098 = DIRECTION ( 'NONE',  ( 0.0000000000000000000, 0.0000000000000000000, -1.000000000000000000 ) ) ;
#3099 = CARTESIAN_POINT ( 'NONE',  ( -0.4155000000000004800, -0.1459999999999999100, -0.2109999999999998000 ) ) ;
#3100 = DIRECTION ( 'NONE',  ( 0.0000000000000000000, 0.0000000000000000000, 1.000000000000000000 ) ) ;
#3101 = EDGE_CURVE ( 'NONE', #2529, #3517, #2028, .T. ) ;
#3102 = FACE_OUTER_BOUND ( 'NONE', #545, .T. ) ;
#3103 = FACE_OUTER_BOUND ( 'NONE', #604, .T. ) ;
#3104 = FACE_OUTER_BOUND ( 'NONE', #1668, .T. ) ;
#3105 = EDGE_CURVE ( 'NONE', #3118, #934, #1010, .T. ) ;
#3106 = DIRECTION ( 'NONE',  ( -2.201087457280780100E-016, -3.491481338843133000E-015, -1.000000000000000000 ) ) ;
#3107 = ORIENTED_EDGE ( 'NONE', *, *, #2722, .T. ) ;
#3108 = DIRECTION ( 'NONE',  ( 1.000000000000000000, -1.935317679399243200E-031, -6.504399984914914400E-016 ) ) ;
#3109 = DIRECTION ( 'NONE',  ( -0.0000000000000000000, 1.000000000000000000, -0.0000000000000000000 ) ) ;
#3110 = CARTESIAN_POINT ( 'NONE',  ( 0.2805000000000000300, 0.01000000000000000000, -0.6009999999999999800 ) ) ;
#3111 = VERTEX_POINT ( 'NONE', #1870 ) ;
#3112 = FACE_OUTER_BOUND ( 'NONE', #650, .T. ) ;
#3113 = EDGE_CURVE ( 'NONE', #2400, #3481, #486, .T. ) ;
#3114 = VECTOR ( 'NONE', #1959, 39.37007874015748100 ) ;
#3115 = AXIS2_PLACEMENT_3D ( 'NONE', #997, #1888, #89 ) ;
#3116 = ORIENTED_EDGE ( 'NONE', *, *, #959, .F. ) ;
#3117 = ORIENTED_EDGE ( 'NONE', *, *, #2614, .F. ) ;
#3118 = VERTEX_POINT ( 'NONE', #1582 ) ;
#3119 = CARTESIAN_POINT ( 'NONE',  ( 0.06250000000000000000, 0.01000000000000000000, -0.09549999999999994600 ) ) ;
#3120 = ORIENTED_EDGE ( 'NONE', *, *, #2877, .T. ) ;
#3121 = AXIS2_PLACEMENT_3D ( 'NONE', #3565, #1768, #2069 ) ;
#3122 = CARTESIAN_POINT ( 'NONE',  ( 0.2742616904687152900, 0.01000000000000000000, -0.6407616904687152300 ) ) ;
#3123 = EDGE_LOOP ( 'NONE', ( #1853, #209, #395, #1806 ) ) ;
#3124 = EDGE_LOOP ( 'NONE', ( #3551, #698, #3855, #171 ) ) ;
#3125 = DIRECTION ( 'NONE',  ( 0.0000000000000000000, 0.0000000000000000000, 1.000000000000000000 ) ) ;
#3126 = ORIENTED_EDGE ( 'NONE', *, *, #626, .F. ) ;
#3127 = EDGE_CURVE ( 'NONE', #2030, #1458, #1969, .T. ) ;
#3128 = CARTESIAN_POINT ( 'NONE',  ( -0.4155000000000005400, -0.1670710678118653700, -0.3649999999999999400 ) ) ;
#3129 = DIRECTION ( 'NONE',  ( 2.845674993400267000E-016, -1.000000000000000000, 0.0000000000000000000 ) ) ;
#3130 = VERTEX_POINT ( 'NONE', #400 ) ;
#3131 = ORIENTED_EDGE ( 'NONE', *, *, #3573, .T. ) ;
#3132 = CIRCLE ( 'NONE', #1490, 0.005000000000000151900 ) ;
#3133 = AXIS2_PLACEMENT_3D ( 'NONE', #3743, #1041, #3674 ) ;
#3134 = VERTEX_POINT ( 'NONE', #994 ) ;
#3135 = FACE_OUTER_BOUND ( 'NONE', #2236, .T. ) ;
#3136 = PLANE ( 'NONE',  #2711 ) ;
#3137 = DIRECTION ( 'NONE',  ( -0.0000000000000000000, -0.0000000000000000000, 1.000000000000000000 ) ) ;
#3138 = DIRECTION ( 'NONE',  ( -0.0000000000000000000, -1.000000000000000000, -0.0000000000000000000 ) ) ;
#3139 = EDGE_CURVE ( 'NONE', #2089, #3833, #2776, .T. ) ;
#3140 = VECTOR ( 'NONE', #1330, 39.37007874015748100 ) ;
#3141 = VERTEX_POINT ( 'NONE', #3703 ) ;
#3142 = DIRECTION ( 'NONE',  ( 3.491481338843133000E-015, -1.000000000000000000, 0.0000000000000000000 ) ) ;
#3143 = DIRECTION ( 'NONE',  ( 0.0000000000000000000, 0.0000000000000000000, -1.000000000000000000 ) ) ;
#3144 = VERTEX_POINT ( 'NONE', #2198 ) ;
#3145 = AXIS2_PLACEMENT_3D ( 'NONE', #3288, #3897, #2091 ) ;
#3146 = DIRECTION ( 'NONE',  ( 0.7071067811865487900, 0.7071067811865462400, -0.0000000000000000000 ) ) ;
#3147 =( NAMED_UNIT ( * ) SI_UNIT ( $, .STERADIAN. ) SOLID_ANGLE_UNIT ( ) );
#3148 = DIRECTION ( 'NONE',  ( -1.000000000000000000, 0.0000000000000000000, -0.0000000000000000000 ) ) ;
#3149 = DIRECTION ( 'NONE',  ( -1.000000000000000000, 0.0000000000000000000, 0.0000000000000000000 ) ) ;
#3150 = EDGE_CURVE ( 'NONE', #1246, #3165, #2018, .T. ) ;
#3151 = CARTESIAN_POINT ( 'NONE',  ( -0.05499999999999994500, 0.0000000000000000000, -0.08699999999999999400 ) ) ;
#3152 = LINE ( 'NONE', #2397, #1220 ) ;
#3153 = FACE_OUTER_BOUND ( 'NONE', #375, .T. ) ;
#3154 = LINE ( 'NONE', #232, #3297 ) ;
#3155 = CYLINDRICAL_SURFACE ( 'NONE', #44, 0.009999999999999981100 ) ;
#3156 = EDGE_CURVE ( 'NONE', #631, #2218, #3438, .T. ) ;
#3157 = DIRECTION ( 'NONE',  ( 0.7071067811865463500, -0.7071067811865486800, 0.0000000000000000000 ) ) ;
#3158 = ORIENTED_EDGE ( 'NONE', *, *, #818, .F. ) ;
#3159 = FACE_OUTER_BOUND ( 'NONE', #2182, .T. ) ;
#3160 = VECTOR ( 'NONE', #455, 39.37007874015748100 ) ;
#3161 = DIRECTION ( 'NONE',  ( 1.000000000000000000, -0.0000000000000000000, -5.463695987328529400E-016 ) ) ;
#3162 = ORIENTED_EDGE ( 'NONE', *, *, #621, .F. ) ;
#3163 = DIRECTION ( 'NONE',  ( -0.6502836188315664900, 0.0000000000000000000, -0.7596915262653138900 ) ) ;
#3164 = ORIENTED_EDGE ( 'NONE', *, *, #1537, .F. ) ;
#3165 = VERTEX_POINT ( 'NONE', #1308 ) ;
#3166 = DIRECTION ( 'NONE',  ( -0.0000000000000000000, 0.0000000000000000000, 1.000000000000000000 ) ) ;
#3167 = AXIS2_PLACEMENT_3D ( 'NONE', #334, #2428, #643 ) ;
#3168 = ORIENTED_EDGE ( 'NONE', *, *, #1893, .T. ) ;
#3169 = VERTEX_POINT ( 'NONE', #413 ) ;
#3170 = VERTEX_POINT ( 'NONE', #2806 ) ;
#3171 = CARTESIAN_POINT ( 'NONE',  ( 0.4155000000000005400, -0.1649999999999999800, -0.3649999999999999400 ) ) ;
#3172 = CARTESIAN_POINT ( 'NONE',  ( 0.008000000000000000200, 0.0000000000000000000, -0.06199999999999981200 ) ) ;
#3173 = ORIENTED_EDGE ( 'NONE', *, *, #2301, .F. ) ;
#3174 = DIRECTION ( 'NONE',  ( -1.000000000000000000, 0.0000000000000000000, -5.463695987328526400E-016 ) ) ;
#3175 = ADVANCED_FACE ( 'NONE', ( #3719 ), #3414, .T. ) ;
#3176 = DIRECTION ( 'NONE',  ( 2.201087457280779800E-016, 3.491481338843133700E-015, 1.000000000000000000 ) ) ;
#3177 = EDGE_CURVE ( 'NONE', #3452, #63, #1741, .T. ) ;
#3178 = EDGE_LOOP ( 'NONE', ( #2404, #2129, #311, #2261 ) ) ;
#3179 = LINE ( 'NONE', #1137, #2992 ) ;
#3180 = DIRECTION ( 'NONE',  ( -0.0000000000000000000, -1.000000000000000000, -0.0000000000000000000 ) ) ;
#3181 = VECTOR ( 'NONE', #644, 39.37007874015748100 ) ;
#3182 = FACE_OUTER_BOUND ( 'NONE', #1141, .T. ) ;
#3183 = DIRECTION ( 'NONE',  ( 0.0000000000000000000, 0.0000000000000000000, 1.000000000000000000 ) ) ;
#3184 = DIRECTION ( 'NONE',  ( 1.000000000000000000, -3.491481338843133000E-015, 1.589164445232892100E-016 ) ) ;
#3185 = VECTOR ( 'NONE', #627, 39.37007874015748100 ) ;
#3186 = CARTESIAN_POINT ( 'NONE',  ( 0.4232781745930525000, -0.2300035713374681800, -0.4269999999999999900 ) ) ;
#3187 = EDGE_CURVE ( 'NONE', #1426, #3639, #682, .T. ) ;
#3188 = EDGE_LOOP ( 'NONE', ( #3027, #1233, #2531, #1564 ) ) ;
#3189 = CARTESIAN_POINT ( 'NONE',  ( 0.4437842712474622800, -0.2094974746830582900, -0.3649999999999999400 ) ) ;
#3190 = CARTESIAN_POINT ( 'NONE',  ( -0.03300000000000000200, 0.0000000000000000000, -0.1280000000000000000 ) ) ;
#3191 = ADVANCED_FACE ( 'NONE', ( #4 ), #1319, .T. ) ;
#3192 = AXIS2_PLACEMENT_3D ( 'NONE', #3463, #1657, #2264 ) ;
#3193 = CARTESIAN_POINT ( 'NONE',  ( -0.4437842712474622800, -0.1953553390593272500, -0.3649999999999999400 ) ) ;
#3194 = VECTOR ( 'NONE', #128, 39.37007874015748100 ) ;
#3195 = ORIENTED_EDGE ( 'NONE', *, *, #2380, .F. ) ;
#3196 = LINE ( 'NONE', #3502, #3240 ) ;
#3197 = DIRECTION ( 'NONE',  ( 3.274475334871550500E-015, -1.000000000000000000, 0.0000000000000000000 ) ) ;
#3198 = CARTESIAN_POINT ( 'NONE',  ( 0.03300000000000018200, 0.0000000000000000000, -0.08699999999999999400 ) ) ;
#3199 = FACE_OUTER_BOUND ( 'NONE', #3713, .T. ) ;
#3200 = EDGE_CURVE ( 'NONE', #1014, #1953, #772, .T. ) ;
#3201 = ORIENTED_EDGE ( 'NONE', *, *, #3516, .F. ) ;
#3202 = VECTOR ( 'NONE', #113, 39.37007874015748100 ) ;
#3203 = VECTOR ( 'NONE', #2288, 39.37007874015748100 ) ;
#3204 = DIRECTION ( 'NONE',  ( -1.000000000000000000, -0.0000000000000000000, 5.463695987328526400E-016 ) ) ;
#3205 = VERTEX_POINT ( 'NONE', #2532 ) ;
#3206 = EDGE_CURVE ( 'NONE', #1376, #2221, #1689, .T. ) ;
#3207 = VERTEX_POINT ( 'NONE', #2831 ) ;
#3208 = DIRECTION ( 'NONE',  ( -1.000000000000000000, 0.0000000000000000000, -0.0000000000000000000 ) ) ;
#3209 = CARTESIAN_POINT ( 'NONE',  ( 0.0000000000000000000, 0.01000000000000000000, -0.9350000000000000500 ) ) ;
#3210 = ADVANCED_FACE ( 'NONE', ( #1603 ), #1172, .T. ) ;
#3211 = ORIENTED_EDGE ( 'NONE', *, *, #700, .F. ) ;
#3212 = CARTESIAN_POINT ( 'NONE',  ( 0.4169644660940678400, -0.1685355339059326800, -0.4269999999999999900 ) ) ;
#3213 = ORIENTED_EDGE ( 'NONE', *, *, #1663, .T. ) ;
#3214 = VERTEX_POINT ( 'NONE', #2240 ) ;
#3215 = AXIS2_PLACEMENT_3D ( 'NONE', #547, #2618, #846 ) ;
#3216 = CARTESIAN_POINT ( 'NONE',  ( -0.2804999999999999700, 2.777856705840868500E-017, -0.6009999999999999800 ) ) ;
#3217 = ORIENTED_EDGE ( 'NONE', *, *, #3636, .T. ) ;
#3218 = ORIENTED_EDGE ( 'NONE', *, *, #2643, .T. ) ;
#3219 = FACE_OUTER_BOUND ( 'NONE', #1129, .T. ) ;
#3220 = CARTESIAN_POINT ( 'NONE',  ( -0.4232781745930525000, -0.2300035713374681300, -0.4269999999999999900 ) ) ;
#3221 = ORIENTED_EDGE ( 'NONE', *, *, #262, .F. ) ;
#3222 = DIRECTION ( 'NONE',  ( -0.0000000000000000000, -1.000000000000000000, -0.0000000000000000000 ) ) ;
#3223 = VECTOR ( 'NONE', #1294, 39.37007874015748100 ) ;
#3224 = VECTOR ( 'NONE', #2328, 39.37007874015748100 ) ;
#3225 = EDGE_CURVE ( 'NONE', #704, #1112, #3526, .T. ) ;
#3226 = ORIENTED_EDGE ( 'NONE', *, *, #2095, .T. ) ;
#3227 = LINE ( 'NONE', #1176, #2808 ) ;
#3228 = DIRECTION ( 'NONE',  ( 1.089127703799344700E-030, 3.326113628649667400E-016, 1.000000000000000000 ) ) ;
#3229 = DIRECTION ( 'NONE',  ( 0.0000000000000000000, 0.0000000000000000000, 1.000000000000000000 ) ) ;
#3230 = ADVANCED_FACE ( 'NONE', ( #1885 ), #2847, .F. ) ;
#3231 = EDGE_CURVE ( 'NONE', #1511, #498, #1834, .T. ) ;
#3232 = DIRECTION ( 'NONE',  ( 1.000000000000000000, -0.0000000000000000000, 5.463695987328529400E-016 ) ) ;
#3233 = ORIENTED_EDGE ( 'NONE', *, *, #2614, .T. ) ;
#3234 = CARTESIAN_POINT ( 'NONE',  ( 0.3954999999999999600, 0.0000000000000000000, -0.5819999999999999600 ) ) ;
#3235 = DIRECTION ( 'NONE',  ( -0.0000000000000000000, -0.0000000000000000000, -1.000000000000000000 ) ) ;
#3236 = AXIS2_PLACEMENT_3D ( 'NONE', #3797, #2595, #807 ) ;
#3237 = DIRECTION ( 'NONE',  ( -0.7071067811865463500, -0.7071067811865486800, 0.0000000000000000000 ) ) ;
#3238 = CARTESIAN_POINT ( 'NONE',  ( 0.2179999999999995000, -0.1013284962632952600, -0.3187869055315189500 ) ) ;
#3239 = VECTOR ( 'NONE', #484, 39.37007874015748100 ) ;
#3240 = VECTOR ( 'NONE', #1400, 39.37007874015748100 ) ;
#3241 = VECTOR ( 'NONE', #220, 39.37007874015748100 ) ;
#3242 = FACE_OUTER_BOUND ( 'NONE', #3875, .T. ) ;
#3243 = CARTESIAN_POINT ( 'NONE',  ( 0.4155000000000004800, -0.1459999999999999600, -0.5819999999999999600 ) ) ;
#3244 = EDGE_CURVE ( 'NONE', #1432, #3308, #192, .T. ) ;
#3245 = ORIENTED_EDGE ( 'NONE', *, *, #2969, .T. ) ;
#3246 = CIRCLE ( 'NONE', #1907, 0.005000000000000083400 ) ;
#3247 = CARTESIAN_POINT ( 'NONE',  ( 0.1489999999999999900, 6.402768735150616900E-018, 1.934688240800571600E-018 ) ) ;
#3248 = ADVANCED_FACE ( 'NONE', ( #386 ), #2555, .T. ) ;
#3249 = VECTOR ( 'NONE', #3058, 39.37007874015748100 ) ;
#3250 = PLANE ( 'NONE',  #1728 ) ;
#3251 = ORIENTED_EDGE ( 'NONE', *, *, #82, .F. ) ;
#3252 = CARTESIAN_POINT ( 'NONE',  ( -0.4155000000000005400, -0.1670710678118653700, -0.4269999999999999900 ) ) ;
#3253 = CARTESIAN_POINT ( 'NONE',  ( -0.1555000000000000300, 0.009135454576426060800, -0.5969326335692420900 ) ) ;
#3254 = ORIENTED_EDGE ( 'NONE', *, *, #3785, .F. ) ;
#3255 = LINE ( 'NONE', #1119, #2267 ) ;
#3256 = ORIENTED_EDGE ( 'NONE', *, *, #2274, .F. ) ;
#3257 = ORIENTED_EDGE ( 'NONE', *, *, #1556, .F. ) ;
#3258 = DIRECTION ( 'NONE',  ( 0.7071067811865486800, 0.7071067811865463500, 0.0000000000000000000 ) ) ;
#3259 = EDGE_CURVE ( 'NONE', #229, #1361, #1362, .T. ) ;
#3260 = CARTESIAN_POINT ( 'NONE',  ( -0.0004999999999999471000, 0.01000000000000000000, -0.1575000000000000000 ) ) ;
#3261 = VERTEX_POINT ( 'NONE', #1645 ) ;
#3262 = ORIENTED_EDGE ( 'NONE', *, *, #134, .F. ) ;
#3263 = DIRECTION ( 'NONE',  ( -1.000000000000000000, 0.0000000000000000000, -5.463695987328529400E-016 ) ) ;
#3264 = DIRECTION ( 'NONE',  ( -0.0000000000000000000, 1.000000000000000000, -0.0000000000000000000 ) ) ;
#3265 = ORIENTED_EDGE ( 'NONE', *, *, #241, .F. ) ;
#3266 = DIRECTION ( 'NONE',  ( 1.213184216936838900E-031, 1.000000000000000000, -1.110223024625154100E-016 ) ) ;
#3267 = PLANE ( 'NONE',  #1547 ) ;
#3268 = DIRECTION ( 'NONE',  ( -0.7071067811865489100, 0.7071067811865461300, -0.0000000000000000000 ) ) ;
#3269 = ORIENTED_EDGE ( 'NONE', *, *, #1447, .F. ) ;
#3270 = ADVANCED_FACE ( 'NONE', ( #2495 ), #2867, .F. ) ;
#3271 = CIRCLE ( 'NONE', #2827, 0.007500000000000005800 ) ;
#3272 = CARTESIAN_POINT ( 'NONE',  ( -0.1555000000000000300, 2.777856705840868500E-017, -0.6010000000000000900 ) ) ;
#3273 = CIRCLE ( 'NONE', #826, 0.009999999999999890900 ) ;
#3274 = LINE ( 'NONE', #3541, #3558 ) ;
#3275 = LINE ( 'NONE', #2026, #3224 ) ;
#3276 = CARTESIAN_POINT ( 'NONE',  ( -0.2742616904687152900, 0.01000000000000000000, -0.7620000000000000100 ) ) ;
#3277 = ORIENTED_EDGE ( 'NONE', *, *, #3079, .T. ) ;
#3278 = VECTOR ( 'NONE', #230, 39.37007874015748100 ) ;
#3279 = EDGE_CURVE ( 'NONE', #3481, #3460, #3807, .T. ) ;
#3280 = CARTESIAN_POINT ( 'NONE',  ( -0.4437842712474623900, -0.1953553390593273400, -0.4269999999999999900 ) ) ;
#3281 = ORIENTED_EDGE ( 'NONE', *, *, #78, .T. ) ;
#3282 = DIRECTION ( 'NONE',  ( -0.7071067811865462400, 0.7071067811865487900, 0.0000000000000000000 ) ) ;
#3283 = PLANE ( 'NONE',  #502 ) ;
#3284 = EDGE_CURVE ( 'NONE', #360, #2931, #1503, .T. ) ;
#3285 = CARTESIAN_POINT ( 'NONE',  ( 0.4437842712474623900, -0.1953553390593273700, -0.3649999999999999400 ) ) ;
#3286 = LINE ( 'NONE', #3352, #3249 ) ;
#3287 = ADVANCED_FACE ( 'NONE', ( #2961 ), #3007, .T. ) ;
#3288 = CARTESIAN_POINT ( 'NONE',  ( -0.2804999999999995300, -0.1013284962632952600, -0.3712869055315190000 ) ) ;
#3289 = LINE ( 'NONE', #3660, #2666 ) ;
#3290 = ORIENTED_EDGE ( 'NONE', *, *, #3314, .F. ) ;
#3291 = CYLINDRICAL_SURFACE ( 'NONE', #1255, 0.06250000000000001400 ) ;
#3292 = AXIS2_PLACEMENT_3D ( 'NONE', #1295, #3404, #1593 ) ;
#3293 = CARTESIAN_POINT ( 'NONE',  ( -0.2804999999999999700, 5.122214988120493500E-017, -0.6010000000000000900 ) ) ;
#3294 = CARTESIAN_POINT ( 'NONE',  ( -0.3955000000000000700, -2.561107494060246800E-017, -0.5819999999999999600 ) ) ;
#3295 = LINE ( 'NONE', #1544, #3391 ) ;
#3296 = ORIENTED_EDGE ( 'NONE', *, *, #1669, .T. ) ;
#3297 = VECTOR ( 'NONE', #3826, 39.37007874015748100 ) ;
#3298 = LINE ( 'NONE', #3186, #3203 ) ;
#3299 = EDGE_CURVE ( 'NONE', #704, #2277, #142, .T. ) ;
#3300 = ORIENTED_EDGE ( 'NONE', *, *, #2664, .T. ) ;
#3301 = ORIENTED_EDGE ( 'NONE', *, *, #3758, .F. ) ;
#3302 = DIRECTION ( 'NONE',  ( -0.0000000000000000000, -1.000000000000000000, -0.0000000000000000000 ) ) ;
#3303 = ORIENTED_EDGE ( 'NONE', *, *, #421, .T. ) ;
#3304 = DIRECTION ( 'NONE',  ( 0.0000000000000000000, 0.4067366430757946600, -0.9135454576426033100 ) ) ;
#3305 = EDGE_CURVE ( 'NONE', #2838, #2926, #1877, .T. ) ;
#3306 = AXIS2_PLACEMENT_3D ( 'NONE', #3366, #3073, #1268 ) ;
#3307 = DIRECTION ( 'NONE',  ( -0.0000000000000000000, 1.000000000000000000, -0.0000000000000000000 ) ) ;
#3308 = VERTEX_POINT ( 'NONE', #2278 ) ;
#3309 = CARTESIAN_POINT ( 'NONE',  ( -0.3954999999999999100, 0.01000000000000000000, -0.2109999999999998500 ) ) ;
#3310 = ORIENTED_EDGE ( 'NONE', *, *, #2688, .T. ) ;
#3311 = CARTESIAN_POINT ( 'NONE',  ( 0.3955000000000000700, -0.01000000000000006800, -0.2109999999999999400 ) ) ;
#3312 = ORIENTED_EDGE ( 'NONE', *, *, #2681, .T. ) ;
#3313 = PLANE ( 'NONE',  #715 ) ;
#3314 = EDGE_CURVE ( 'NONE', #3462, #3261, #775, .T. ) ;
#3315 = LINE ( 'NONE', #328, #563 ) ;
#3316 = DIRECTION ( 'NONE',  ( 0.0000000000000000000, 0.0000000000000000000, 1.000000000000000000 ) ) ;
#3317 = ORIENTED_EDGE ( 'NONE', *, *, #3395, .F. ) ;
#3318 = DIRECTION ( 'NONE',  ( -0.7071067811865462400, 0.7071067811865487900, 0.0000000000000000000 ) ) ;
#3319 = CARTESIAN_POINT ( 'NONE',  ( 0.4098933982822023400, -0.1756066017177981600, -0.3649999999999999400 ) ) ;
#3320 = FACE_OUTER_BOUND ( 'NONE', #3738, .T. ) ;
#3321 = DIRECTION ( 'NONE',  ( -0.7071067811865486800, 0.7071067811865463500, 0.0000000000000000000 ) ) ;
#3322 = DIRECTION ( 'NONE',  ( -1.213184216936838900E-031, 1.000000000000000000, -1.110223024625154100E-016 ) ) ;
#3323 = AXIS2_PLACEMENT_3D ( 'NONE', #291, #2990, #1188 ) ;
#3324 = CIRCLE ( 'NONE', #3795, 0.02500000000000000500 ) ;
#3325 = CARTESIAN_POINT ( 'NONE',  ( 0.4367132034355968900, -0.2024264068711928200, -0.3649999999999999400 ) ) ;
#3326 = EDGE_CURVE ( 'NONE', #2143, #3563, #3808, .T. ) ;
#3327 = CARTESIAN_POINT ( 'NONE',  ( 0.4055000000000004200, -0.1460000000000005500, -0.3649999999999999900 ) ) ;
#3328 = ORIENTED_EDGE ( 'NONE', *, *, #3906, .T. ) ;
#3329 = DIRECTION ( 'NONE',  ( 1.000000000000000000, -0.0000000000000000000, 4.216446464779314800E-016 ) ) ;
#3330 = AXIS2_PLACEMENT_3D ( 'NONE', #2476, #1565, #2225 ) ;
#3331 = LINE ( 'NONE', #841, #1651 ) ;
#3332 = CARTESIAN_POINT ( 'NONE',  ( -0.1554999999999995600, -0.09132849626329527000, -0.3712869055315190500 ) ) ;
#3333 = PLANE ( 'NONE',  #3069 ) ;
#3334 = DIRECTION ( 'NONE',  ( -0.0000000000000000000, -0.0000000000000000000, -1.000000000000000000 ) ) ;
#3335 = DIRECTION ( 'NONE',  ( 0.0000000000000000000, 1.000000000000000000, 0.0000000000000000000 ) ) ;
#3336 = UNCERTAINTY_MEASURE_WITH_UNIT (LENGTH_MEASURE( 1.000000000000000100E-005 ), #767, 'distance_accuracy_value', 'NONE');
#3337 = SURFACE_STYLE_USAGE ( .BOTH. , #1231 ) ;
#3338 = EDGE_CURVE ( 'NONE', #157, #3539, #3298, .T. ) ;
#3339 = DIRECTION ( 'NONE',  ( 6.027876599644197200E-031, -1.840867920258943100E-016, 1.000000000000000000 ) ) ;
#3340 = DIRECTION ( 'NONE',  ( 2.222285364672696300E-016, -0.9135454576426033100, -0.4067366430757946600 ) ) ;
#3341 = ADVANCED_FACE ( 'NONE', ( #3104 ), #2891, .T. ) ;
#3342 = VECTOR ( 'NONE', #3474, 39.37007874015748100 ) ;
#3343 = CIRCLE ( 'NONE', #2031, 0.01500000000000004500 ) ;
#3344 = CARTESIAN_POINT ( 'NONE',  ( 0.3955000000000000700, 0.01000000000000000000, -0.2109999999999999400 ) ) ;
#3345 = ORIENTED_EDGE ( 'NONE', *, *, #1397, .F. ) ;
#3346 = FACE_OUTER_BOUND ( 'NONE', #3721, .T. ) ;
#3347 = AXIS2_PLACEMENT_3D ( 'NONE', #3011, #1211, #3316 ) ;
#3348 = FACE_OUTER_BOUND ( 'NONE', #161, .T. ) ;
#3350 = CARTESIAN_POINT ( 'NONE',  ( -0.1489999999999999900, -0.009999999999999974200, 1.696733714814914400E-017 ) ) ;
#3349 = CARTESIAN_POINT ( 'NONE',  ( -0.2742616904687152900, 0.0000000000000000000, -0.6407616904687152300 ) ) ;
#3351 = VECTOR ( 'NONE', #1821, 39.37007874015748100 ) ;
#3352 = CARTESIAN_POINT ( 'NONE',  ( -0.1489999999999999900, -0.009999999999999982900, 0.01000000000000003100 ) ) ;
#3353 = CARTESIAN_POINT ( 'NONE',  ( -0.4154999999999999800, -0.009999999999999859700, -0.5819999999999999600 ) ) ;
#3354 = DIRECTION ( 'NONE',  ( 0.0000000000000000000, 0.0000000000000000000, -1.000000000000000000 ) ) ;
#3355 = DIRECTION ( 'NONE',  ( 0.0000000000000000000, 0.0000000000000000000, -1.000000000000000000 ) ) ;
#3356 = FACE_OUTER_BOUND ( 'NONE', #887, .T. ) ;
#3357 = CARTESIAN_POINT ( 'NONE',  ( 0.03300000000000000200, 0.01000000000000000000, -0.06199999999999997900 ) ) ;
#3358 = DIRECTION ( 'NONE',  ( -0.0000000000000000000, -1.000000000000000000, -0.0000000000000000000 ) ) ;
#3359 = ORIENTED_EDGE ( 'NONE', *, *, #26, .F. ) ;
#3360 = EDGE_CURVE ( 'NONE', #2560, #2372, #3196, .T. ) ;
#3361 = EDGE_LOOP ( 'NONE', ( #1722, #2929, #191 ) ) ;
#3362 = ORIENTED_EDGE ( 'NONE', *, *, #3609, .F. ) ;
#3363 = ADVANCED_FACE ( 'NONE', ( #1546 ), #3619, .T. ) ;
#3364 = PLANE ( 'NONE',  #3878 ) ;
#3365 = EDGE_CURVE ( 'NONE', #1076, #2529, #3475, .T. ) ;
#3366 = CARTESIAN_POINT ( 'NONE',  ( 0.4437842712474622800, -0.1953553390593273900, -0.4269999999999999900 ) ) ;
#3367 = EDGE_LOOP ( 'NONE', ( #2912, #1865, #1803, #774 ) ) ;
#3368 = DIRECTION ( 'NONE',  ( -0.7071067811865459100, -0.7071067811865492400, 0.0000000000000000000 ) ) ;
#3369 = ORIENTED_EDGE ( 'NONE', *, *, #3000, .T. ) ;
#3370 = CARTESIAN_POINT ( 'NONE',  ( 0.4155000000000004800, -0.1459999999999999600, -0.5819999999999999600 ) ) ;
#3371 = DIRECTION ( 'NONE',  ( -0.0000000000000000000, -1.000000000000000000, -0.0000000000000000000 ) ) ;
#3372 = ORIENTED_EDGE ( 'NONE', *, *, #2826, .T. ) ;
#3373 = VECTOR ( 'NONE', #72, 39.37007874015748100 ) ;
#3374 = VERTEX_POINT ( 'NONE', #2300 ) ;
#3375 = FACE_OUTER_BOUND ( 'NONE', #2925, .T. ) ;
#3376 = AXIS2_PLACEMENT_3D ( 'NONE', #2703, #3307, #2409 ) ;
#3377 = LINE ( 'NONE', #1793, #842 ) ;
#3378 = PLANE ( 'NONE',  #2626 ) ;
#3379 = DIRECTION ( 'NONE',  ( -0.0000000000000000000, -1.000000000000000000, -0.0000000000000000000 ) ) ;
#3380 = VECTOR ( 'NONE', #1430, 39.37007874015748100 ) ;
#3381 = FACE_OUTER_BOUND ( 'NONE', #667, .T. ) ;
#3382 = DIRECTION ( 'NONE',  ( 0.0000000000000000000, 0.0000000000000000000, -1.000000000000000000 ) ) ;
#3383 = EDGE_CURVE ( 'NONE', #3639, #2678, #1784, .T. ) ;
#3384 = DIRECTION ( 'NONE',  ( 0.0000000000000000000, 0.0000000000000000000, 1.000000000000000000 ) ) ;
#3385 = ADVANCED_FACE ( 'NONE', ( #1595 ), #524, .F. ) ;
#3386 = EDGE_CURVE ( 'NONE', #1756, #213, #3774, .T. ) ;
#3387 = LINE ( 'NONE', #3189, #3342 ) ;
#3388 = CARTESIAN_POINT ( 'NONE',  ( -0.05499999999999994500, 0.0000000000000000000, -0.1029999999999999900 ) ) ;
#3389 = DIRECTION ( 'NONE',  ( 0.0000000000000000000, 0.0000000000000000000, 1.000000000000000000 ) ) ;
#3390 = DIRECTION ( 'NONE',  ( -1.000000000000000000, -0.0000000000000000000, 5.463695987328526400E-016 ) ) ;
#3391 = VECTOR ( 'NONE', #3358, 39.37007874015748100 ) ;
#3392 = CARTESIAN_POINT ( 'NONE',  ( -0.2804999999999995300, -0.09132849626329527000, -0.3712869055315189400 ) ) ;
#3393 = VECTOR ( 'NONE', #1730, 39.37007874015748100 ) ;
#3394 = LINE ( 'NONE', #222, #3895 ) ;
#3395 = EDGE_CURVE ( 'NONE', #3811, #3374, #3394, .T. ) ;
#3396 = CARTESIAN_POINT ( 'NONE',  ( -0.1915967057228170300, 0.0000000000000000000, -0.7294478111131770200 ) ) ;
#3397 = AXIS2_PLACEMENT_3D ( 'NONE', #773, #2863, #1067 ) ;
#3398 = VECTOR ( 'NONE', #2255, 39.37007874015748100 ) ;
#3399 = AXIS2_PLACEMENT_3D ( 'NONE', #782, #3473, #1674 ) ;
#3400 = ORIENTED_EDGE ( 'NONE', *, *, #1090, .T. ) ;
#3401 = VERTEX_POINT ( 'NONE', #1423 ) ;
#3402 = VERTEX_POINT ( 'NONE', #3829 ) ;
#3403 = PLANE ( 'NONE',  #1028 ) ;
#3404 = DIRECTION ( 'NONE',  ( 0.0000000000000000000, 1.000000000000000000, -0.0000000000000000000 ) ) ;
#3405 = ORIENTED_EDGE ( 'NONE', *, *, #1669, .F. ) ;
#3406 = DIRECTION ( 'NONE',  ( -0.0000000000000000000, 1.000000000000000000, -0.0000000000000000000 ) ) ;
#3407 = ORIENTED_EDGE ( 'NONE', *, *, #1775, .T. ) ;
#3408 = EDGE_LOOP ( 'NONE', ( #247, #2266, #410, #3734 ) ) ;
#3409 = CARTESIAN_POINT ( 'NONE',  ( -0.1555000000000000300, 2.777856705840868500E-017, -0.6010000000000000900 ) ) ;
#3410 = EDGE_CURVE ( 'NONE', #3682, #2790, #3275, .T. ) ;
#3411 = ORIENTED_EDGE ( 'NONE', *, *, #1118, .F. ) ;
#3412 = ORIENTED_EDGE ( 'NONE', *, *, #723, .T. ) ;
#3413 = ORIENTED_EDGE ( 'NONE', *, *, #706, .F. ) ;
#3414 = PLANE ( 'NONE',  #1180 ) ;
#3415 = EDGE_CURVE ( 'NONE', #1097, #3170, #3753, .T. ) ;
#3416 = CIRCLE ( 'NONE', #2775, 0.007500000000000005800 ) ;
#3417 = DIRECTION ( 'NONE',  ( 1.659017000200968900E-015, -0.4067366430757946600, 0.9135454576426033100 ) ) ;
#3418 = EDGE_LOOP ( 'NONE', ( #1841, #1072, #22, #686 ) ) ;
#3419 = FACE_OUTER_BOUND ( 'NONE', #2036, .T. ) ;
#3420 = FACE_OUTER_BOUND ( 'NONE', #1560, .T. ) ;
#3421 = CARTESIAN_POINT ( 'NONE',  ( -0.2804999999999995300, -0.09132849626329527000, -0.3712869055315189400 ) ) ;
#3422 = LINE ( 'NONE', #3427, #76 ) ;
#3423 = DIRECTION ( 'NONE',  ( -6.504399984914888800E-016, 0.0000000000000000000, 1.000000000000000000 ) ) ;
#3424 = VERTEX_POINT ( 'NONE', #543 ) ;
#3425 = AXIS2_PLACEMENT_3D ( 'NONE', #1723, #3830, #2029 ) ;
#3426 = CARTESIAN_POINT ( 'NONE',  ( 0.4232781745930524500, -0.2300035713374681800, -0.3649999999999999400 ) ) ;
#3427 = CARTESIAN_POINT ( 'NONE',  ( 0.2804999999999999700, 0.009135454576426060800, -0.5969326335692420900 ) ) ;
#3428 = CARTESIAN_POINT ( 'NONE',  ( 0.2805000000000000300, 0.01000000000000000000, -0.4390242689855161600 ) ) ;
#3429 = CARTESIAN_POINT ( 'NONE',  ( -0.03300000000000018200, 0.0000000000000000000, -0.08699999999999999400 ) ) ;
#3430 = DIRECTION ( 'NONE',  ( 0.7071067811865462400, 0.7071067811865487900, 0.0000000000000000000 ) ) ;
#3431 = EDGE_CURVE ( 'NONE', #1240, #1607, #2897, .T. ) ;
#3432 = CARTESIAN_POINT ( 'NONE',  ( -0.1489999999999999900, 0.01000000000000000900, 5.050287543594819100E-017 ) ) ;
#3433 = CARTESIAN_POINT ( 'NONE',  ( -0.1554999999999995600, -0.09132849626329527000, -0.3712869055315191600 ) ) ;
#3434 = FACE_OUTER_BOUND ( 'NONE', #3645, .T. ) ;
#3435 = EDGE_CURVE ( 'NONE', #1024, #3214, #3094, .T. ) ;
#3436 = DIRECTION ( 'NONE',  ( -0.0000000000000000000, 1.000000000000000000, -0.0000000000000000000 ) ) ;
#3437 = DIRECTION ( 'NONE',  ( 1.000000000000000000, 0.0000000000000000000, 0.0000000000000000000 ) ) ;
#3438 = LINE ( 'NONE', #718, #345 ) ;
#3439 = PLANE ( 'NONE',  #1602 ) ;
#3440 = ORIENTED_EDGE ( 'NONE', *, *, #3206, .T. ) ;
#3441 = FACE_OUTER_BOUND ( 'NONE', #752, .T. ) ;
#3442 = LINE ( 'NONE', #2590, #2822 ) ;
#3443 = DIRECTION ( 'NONE',  ( 1.213184216936838900E-031, 1.000000000000000000, -1.110223024625154200E-016 ) ) ;
#3444 = ORIENTED_EDGE ( 'NONE', *, *, #2269, .T. ) ;
#3445 = LINE ( 'NONE', #1403, #725 ) ;
#3446 = DIRECTION ( 'NONE',  ( -0.0000000000000000000, 2.134256245050228400E-016, -1.000000000000000000 ) ) ;
#3447 = ORIENTED_EDGE ( 'NONE', *, *, #1087, .F. ) ;
#3448 = ORIENTED_EDGE ( 'NONE', *, *, #3395, .T. ) ;
#3449 = AXIS2_PLACEMENT_3D ( 'NONE', #2206, #429, #2522 ) ;
#3450 = CARTESIAN_POINT ( 'NONE',  ( 0.0000000000000000000, 0.0000000000000000000, 0.0000000000000000000 ) ) ;
#3451 = CARTESIAN_POINT ( 'NONE',  ( 0.2804999999999995300, -0.1004639508397212500, -0.3753542719622770500 ) ) ;
#3452 = VERTEX_POINT ( 'NONE', #3234 ) ;
#3453 = VERTEX_POINT ( 'NONE', #2933 ) ;
#3454 = ORIENTED_EDGE ( 'NONE', *, *, #3476, .F. ) ;
#3455 = EDGE_CURVE ( 'NONE', #3130, #1573, #2803, .T. ) ;
#3456 = CARTESIAN_POINT ( 'NONE',  ( -0.1489999999999999900, -0.009999999999999982900, 0.02000000000000003200 ) ) ;
#3457 = DIRECTION ( 'NONE',  ( -2.108223232389658400E-016, 0.0000000000000000000, -1.000000000000000000 ) ) ;
#3458 = EDGE_LOOP ( 'NONE', ( #1421, #1854, #1744, #1116 ) ) ;
#3459 = CARTESIAN_POINT ( 'NONE',  ( -0.1555000000000000300, 0.009135454576426060800, -0.5969326335692420900 ) ) ;
#3460 = VERTEX_POINT ( 'NONE', #243 ) ;
#3461 = CIRCLE ( 'NONE', #2504, 0.007500000000000005800 ) ;
#3462 = VERTEX_POINT ( 'NONE', #853 ) ;
#3463 = CARTESIAN_POINT ( 'NONE',  ( -0.0005000000000000004400, 0.0000000000000000000, -0.1499999999999999900 ) ) ;
#3464 = EDGE_CURVE ( 'NONE', #3639, #459, #2099, .T. ) ;
#3465 = CYLINDRICAL_SURFACE ( 'NONE', #2374, 0.005000000000000050400 ) ;
#3466 = DIRECTION ( 'NONE',  ( -1.589164445233017300E-016, 3.594536833768762500E-015, -1.000000000000000000 ) ) ;
#3467 = FACE_OUTER_BOUND ( 'NONE', #212, .T. ) ;
#3468 = CARTESIAN_POINT ( 'NONE',  ( 0.4232781745930524500, -0.2300035713374681800, -0.3649999999999999400 ) ) ;
#3469 = EDGE_LOOP ( 'NONE', ( #264, #1012, #1842 ) ) ;
#3470 = CARTESIAN_POINT ( 'NONE',  ( -0.3954999999999999100, 0.01000000000000000000, -0.2109999999999998500 ) ) ;
#3471 = AXIS2_PLACEMENT_3D ( 'NONE', #2716, #2148, #367 ) ;
#3472 = DIRECTION ( 'NONE',  ( -0.0000000000000000000, -1.000000000000000000, -0.0000000000000000000 ) ) ;
#3473 = DIRECTION ( 'NONE',  ( -1.000000000000000000, -0.0000000000000000000, -1.092739197465705300E-015 ) ) ;
#3474 = DIRECTION ( 'NONE',  ( -0.7071067811865486800, 0.7071067811865463500, 0.0000000000000000000 ) ) ;
#3475 = CIRCLE ( 'NONE', #3800, 0.2809999999999998100 ) ;
#3476 = EDGE_CURVE ( 'NONE', #1375, #1058, #2145, .T. ) ;
#3477 = CARTESIAN_POINT ( 'NONE',  ( -0.4054999999999999700, -0.009999999999999965500, -0.2110000000000000200 ) ) ;
#3478 = LINE ( 'NONE', #2994, #1053 ) ;
#3479 = LINE ( 'NONE', #1128, #1786 ) ;
#3480 = CARTESIAN_POINT ( 'NONE',  ( -0.007999999999999998400, 0.0000000000000000000, -0.06199999999999981200 ) ) ;
#3481 = VERTEX_POINT ( 'NONE', #3247 ) ;
#3482 = VECTOR ( 'NONE', #1898, 39.37007874015748100 ) ;
#3483 = EDGE_CURVE ( 'NONE', #2791, #3886, #1910, .T. ) ;
#3484 = DIRECTION ( 'NONE',  ( 0.7071067811865458000, -0.7071067811865493500, -0.0000000000000000000 ) ) ;
#3485 = DIRECTION ( 'NONE',  ( 1.213184216936838900E-031, 1.000000000000000000, -1.110223024625154100E-016 ) ) ;
#3486 = ORIENTED_EDGE ( 'NONE', *, *, #396, .T. ) ;
#3487 = LINE ( 'NONE', #3612, #3764 ) ;
#3488 = CARTESIAN_POINT ( 'NONE',  ( -0.008000000000000000200, 0.01000000000000000000, -0.1280000000000001700 ) ) ;
#3489 = ADVANCED_FACE ( 'NONE', ( #3559 ), #3852, .F. ) ;
#3490 = CARTESIAN_POINT ( 'NONE',  ( -0.4437842712474622800, -0.2094974746830582100, -0.4269999999999999900 ) ) ;
#3491 = ORIENTED_EDGE ( 'NONE', *, *, #1289, .F. ) ;
#3492 = VERTEX_POINT ( 'NONE', #2645 ) ;
#3493 = ORIENTED_EDGE ( 'NONE', *, *, #3360, .F. ) ;
#3494 = DIRECTION ( 'NONE',  ( 0.0000000000000000000, 0.0000000000000000000, -1.000000000000000000 ) ) ;
#3495 = AXIS2_PLACEMENT_3D ( 'NONE', #1281, #2186, #403 ) ;
#3496 = ORIENTED_EDGE ( 'NONE', *, *, #3032, .T. ) ;
#3497 = ORIENTED_EDGE ( 'NONE', *, *, #3577, .T. ) ;
#3498 = ORIENTED_EDGE ( 'NONE', *, *, #1213, .T. ) ;
#3499 = CARTESIAN_POINT ( 'NONE',  ( 0.0005000000000000004400, 0.0000000000000000000, -0.1499999999999999900 ) ) ;
#3500 = PLANE ( 'NONE',  #160 ) ;
#3501 = ORIENTED_EDGE ( 'NONE', *, *, #2908, .T. ) ;
#3502 = CARTESIAN_POINT ( 'NONE',  ( -0.03300000000000018200, 0.01000000000000000000, -0.08699999999999999400 ) ) ;
#3503 = DIRECTION ( 'NONE',  ( -0.0000000000000000000, 1.000000000000000000, -0.0000000000000000000 ) ) ;
#3504 = EDGE_CURVE ( 'NONE', #1017, #1096, #1482, .T. ) ;
#3505 = EDGE_LOOP ( 'NONE', ( #503, #3798, #3254 ) ) ;
#3506 = ORIENTED_EDGE ( 'NONE', *, *, #2291, .F. ) ;
#3507 = LINE ( 'NONE', #1966, #3223 ) ;
#3508 = VERTEX_POINT ( 'NONE', #277 ) ;
#3509 = ADVANCED_FACE ( 'NONE', ( #1075 ), #2657, .F. ) ;
#3510 = EDGE_CURVE ( 'NONE', #2684, #3508, #894, .T. ) ;
#3511 = CIRCLE ( 'NONE', #788, 0.01000000000000003000 ) ;
#3512 = CIRCLE ( 'NONE', #2521, 0.03100000000000004800 ) ;
#3513 = LINE ( 'NONE', #456, #1913 ) ;
#3514 = COLOUR_RGB ( '',0.9882352941176471000, 1.000000000000000000, 0.9882352941176471000 ) ;
#3515 = DIRECTION ( 'NONE',  ( 0.0000000000000000000, 0.0000000000000000000, 1.000000000000000000 ) ) ;
#3516 = EDGE_CURVE ( 'NONE', #1112, #2720, #1164, .T. ) ;
#3517 = VERTEX_POINT ( 'NONE', #3276 ) ;
#3518 = CARTESIAN_POINT ( 'NONE',  ( 0.0004999999999999480800, 0.0000000000000000000, -0.1575000000000000000 ) ) ;
#3519 = DIRECTION ( 'NONE',  ( 1.213184216936838900E-031, -1.000000000000000000, 1.110223024625154100E-016 ) ) ;
#3520 = LINE ( 'NONE', #1680, #1089 ) ;
#3521 = EDGE_CURVE ( 'NONE', #463, #1058, #836, .T. ) ;
#3522 = VECTOR ( 'NONE', #589, 39.37007874015748100 ) ;
#3523 = DIRECTION ( 'NONE',  ( 0.0000000000000000000, 0.0000000000000000000, 1.000000000000000000 ) ) ;
#3524 = ADVANCED_FACE ( 'NONE', ( #474 ), #656, .F. ) ;
#3525 = PLANE ( 'NONE',  #741 ) ;
#3526 = LINE ( 'NONE', #1635, #1411 ) ;
#3527 = DIRECTION ( 'NONE',  ( -2.222285364672696300E-016, -0.9135454576426033100, -0.4067366430757947700 ) ) ;
#3528 = ORIENTED_EDGE ( 'NONE', *, *, #2819, .T. ) ;
#3529 = VECTOR ( 'NONE', #183, 39.37007874015748100 ) ;
#3530 = ORIENTED_EDGE ( 'NONE', *, *, #3613, .F. ) ;
#3531 = CIRCLE ( 'NONE', #409, 0.01000000000000003000 ) ;
#3532 = EDGE_CURVE ( 'NONE', #1749, #971, #517, .T. ) ;
#3533 = ORIENTED_EDGE ( 'NONE', *, *, #401, .T. ) ;
#3534 = CARTESIAN_POINT ( 'NONE',  ( -0.3955000000000000700, -2.561107494060246800E-017, -0.5819999999999999600 ) ) ;
#3535 = ORIENTED_EDGE ( 'NONE', *, *, #3139, .T. ) ;
#3536 = ORIENTED_EDGE ( 'NONE', *, *, #3683, .F. ) ;
#3537 = CARTESIAN_POINT ( 'NONE',  ( 0.008000000000000000200, 0.01000000000000000000, -0.1499999999999999400 ) ) ;
#3538 = ORIENTED_EDGE ( 'NONE', *, *, #426, .T. ) ;
#3539 = VERTEX_POINT ( 'NONE', #953 ) ;
#3540 = DIRECTION ( 'NONE',  ( -0.0000000000000000000, -1.000000000000000000, -0.0000000000000000000 ) ) ;
#3541 = CARTESIAN_POINT ( 'NONE',  ( 0.03300000000000018200, 0.0000000000000000000, -0.1029999999999999900 ) ) ;
#3542 = EDGE_LOOP ( 'NONE', ( #1108, #258, #2461, #3217 ) ) ;
#3543 = ADVANCED_FACE ( 'NONE', ( #1110 ), #3704, .T. ) ;
#3544 = AXIS2_PLACEMENT_3D ( 'NONE', #2392, #3302, #2999 ) ;
#3545 = CARTESIAN_POINT ( 'NONE',  ( -0.4232781745930524500, -0.2300035713374681300, -0.3959999999999999600 ) ) ;
#3546 = ORIENTED_EDGE ( 'NONE', *, *, #442, .F. ) ;
#3547 = ORIENTED_EDGE ( 'NONE', *, *, #1493, .T. ) ;
#3548 = DIRECTION ( 'NONE',  ( -0.7071067811865486800, 0.7071067811865463500, 0.0000000000000000000 ) ) ;
#3549 = PRODUCT_DEFINITION_SHAPE ( 'NONE', 'NONE',  #1961 ) ;
#3550 = EDGE_CURVE ( 'NONE', #508, #463, #225, .T. ) ;
#3551 = ORIENTED_EDGE ( 'NONE', *, *, #1943, .F. ) ;
#3552 = LINE ( 'NONE', #2957, #795 ) ;
#3554 = DIRECTION ( 'NONE',  ( 0.0000000000000000000, 0.0000000000000000000, 1.000000000000000000 ) ) ;
#3553 = CARTESIAN_POINT ( 'NONE',  ( -0.4367132034355968900, -0.2024264068711928200, -0.4269999999999999900 ) ) ;
#3555 = DIRECTION ( 'NONE',  ( 0.0000000000000000000, 0.0000000000000000000, 1.000000000000000000 ) ) ;
#3556 = ORIENTED_EDGE ( 'NONE', *, *, #825, .F. ) ;
#3557 = EDGE_CURVE ( 'NONE', #182, #1941, #327, .T. ) ;
#3558 = VECTOR ( 'NONE', #1739, 39.37007874015748100 ) ;
#3559 = FACE_OUTER_BOUND ( 'NONE', #3469, .T. ) ;
#3560 = CARTESIAN_POINT ( 'NONE',  ( -0.0004999999999999471000, 0.0000000000000000000, -0.1575000000000000000 ) ) ;
#3561 = ADVANCED_FACE ( 'NONE', ( #1395 ), #2952, .T. ) ;
#3562 = CARTESIAN_POINT ( 'NONE',  ( -0.4155000000000004800, -0.1459999999999999600, -0.4269999999999999400 ) ) ;
#3563 = VERTEX_POINT ( 'NONE', #3857 ) ;
#3564 = AXIS2_PLACEMENT_3D ( 'NONE', #2120, #335, #2429 ) ;
#3565 = CARTESIAN_POINT ( 'NONE',  ( 0.4205000000000006500, -0.1649999999999998700, -0.4269999999999999900 ) ) ;
#3566 = CARTESIAN_POINT ( 'NONE',  ( -0.3955000000000000700, -0.009999999999999918700, -0.5819999999999999600 ) ) ;
#3567 = DIRECTION ( 'NONE',  ( 0.0000000000000000000, 0.0000000000000000000, -1.000000000000000000 ) ) ;
#3568 = VECTOR ( 'NONE', #1606, 39.37007874015748100 ) ;
#3569 = CARTESIAN_POINT ( 'NONE',  ( 0.2179999999999995000, -0.09132849626329527000, -0.2562869055315189500 ) ) ;
#3570 = LINE ( 'NONE', #1177, #1325 ) ;
#3571 = CIRCLE ( 'NONE', #1166, 0.03100000000000004800 ) ;
#3572 = VECTOR ( 'NONE', #817, 39.37007874015748100 ) ;
#3573 = EDGE_CURVE ( 'NONE', #3811, #3588, #81, .T. ) ;
#3574 = PLANE ( 'NONE',  #3145 ) ;
#3575 = VECTOR ( 'NONE', #283, 39.37007874015748100 ) ;
#3576 = FACE_OUTER_BOUND ( 'NONE', #882, .T. ) ;
#3577 = EDGE_CURVE ( 'NONE', #157, #3639, #3663, .T. ) ;
#3578 = AXIS2_PLACEMENT_3D ( 'NONE', #3253, #2361, #576 ) ;
#3579 = PLANE ( 'NONE',  #2356 ) ;
#3580 = DIRECTION ( 'NONE',  ( 0.0000000000000000000, -0.0000000000000000000, 1.000000000000000000 ) ) ;
#3581 = ADVANCED_FACE ( 'NONE', ( #3420 ), #3091, .T. ) ;
#3582 = ORIENTED_EDGE ( 'NONE', *, *, #1285, .T. ) ;
#3583 = ORIENTED_EDGE ( 'NONE', *, *, #3510, .F. ) ;
#3584 = ORIENTED_EDGE ( 'NONE', *, *, #1026, .T. ) ;
#3585 = EDGE_CURVE ( 'NONE', #1226, #2089, #127, .T. ) ;
#3586 = ORIENTED_EDGE ( 'NONE', *, *, #3259, .T. ) ;
#3587 = ORIENTED_EDGE ( 'NONE', *, *, #3206, .F. ) ;
#3588 = VERTEX_POINT ( 'NONE', #3280 ) ;
#3589 = AXIS2_PLACEMENT_3D ( 'NONE', #760, #2230, #2245 ) ;
#3590 = DIRECTION ( 'NONE',  ( 1.213184216936838900E-031, -1.000000000000000000, 1.110223024625154100E-016 ) ) ;
#3591 = ORIENTED_EDGE ( 'NONE', *, *, #1570, .T. ) ;
#3592 = ORIENTED_EDGE ( 'NONE', *, *, #1791, .T. ) ;
#3593 = PLANE ( 'NONE',  #23 ) ;
#3594 = CARTESIAN_POINT ( 'NONE',  ( -0.2742616904687152900, 0.01000000000000000000, -0.6407616904687152300 ) ) ;
#3595 = CARTESIAN_POINT ( 'NONE',  ( -0.3955000000000000700, -0.009999999999999918700, -0.5819999999999999600 ) ) ;
#3596 = PLANE ( 'NONE',  #904 ) ;
#3597 = ORIENTED_EDGE ( 'NONE', *, *, #1237, .F. ) ;
#3598 = AXIS2_PLACEMENT_3D ( 'NONE', #1989, #1094, #3197 ) ;
#3599 = FACE_OUTER_BOUND ( 'NONE', #2636, .T. ) ;
#3600 = CIRCLE ( 'NONE', #839, 0.1212383095312846900 ) ;
#3601 = PLANE ( 'NONE',  #1743 ) ;
#3602 = CIRCLE ( 'NONE', #2689, 0.1212383095312846900 ) ;
#3603 = VECTOR ( 'NONE', #2656, 39.37007874015748100 ) ;
#3604 = FACE_OUTER_BOUND ( 'NONE', #2883, .T. ) ;
#3605 = VECTOR ( 'NONE', #2974, 39.37007874015748100 ) ;
#3606 = DIMENSIONAL_EXPONENTS ( 1.000000000000000000, 0.0000000000000000000, 0.0000000000000000000, 0.0000000000000000000, 0.0000000000000000000, 0.0000000000000000000, 0.0000000000000000000 ) ;
#3607 = EDGE_LOOP ( 'NONE', ( #2579, #1384, #1993, #133 ) ) ;
#3608 = DIRECTION ( 'NONE',  ( -1.000000000000000000, -0.0000000000000000000, 1.067128122525103200E-016 ) ) ;
#3609 = EDGE_CURVE ( 'NONE', #492, #1763, #3227, .T. ) ;
#3610 = CYLINDRICAL_SURFACE ( 'NONE', #1232, 0.007500000000000005800 ) ;
#3611 = CARTESIAN_POINT ( 'NONE',  ( -0.2179999999999995000, -0.09132849626329527000, -0.3187869055315189500 ) ) ;
#3612 = CARTESIAN_POINT ( 'NONE',  ( -0.2804999999999995800, -0.1013284962632952600, -0.3187869055315190000 ) ) ;
#3613 = EDGE_CURVE ( 'NONE', #1226, #2931, #2698, .T. ) ;
#3614 = CARTESIAN_POINT ( 'NONE',  ( 0.0005000000000000004400, 0.0000000000000000000, -0.1499999999999999900 ) ) ;
#3615 = ORIENTED_EDGE ( 'NONE', *, *, #2681, .F. ) ;
#3616 = CARTESIAN_POINT ( 'NONE',  ( 0.03300000000000000200, 0.0000000000000000000, -0.1280000000000000000 ) ) ;
#3617 = CIRCLE ( 'NONE', #2813, 0.1212383095312846900 ) ;
#3618 = EDGE_LOOP ( 'NONE', ( #1515, #2200, #840, #3218 ) ) ;
#3619 = CYLINDRICAL_SURFACE ( 'NONE', #95, 0.009999999999999962000 ) ;
#3620 = AXIS2_PLACEMENT_3D ( 'NONE', #2303, #2006, #804 ) ;
#3621 = CARTESIAN_POINT ( 'NONE',  ( 0.2742616904687152900, 0.01000000000000000000, -0.7620000000000000100 ) ) ;
#3622 = FACE_OUTER_BOUND ( 'NONE', #653, .T. ) ;
#3623 = FILL_AREA_STYLE_COLOUR ( '', #197 ) ;
#3624 = VECTOR ( 'NONE', #1992, 39.37007874015748100 ) ;
#3625 = DIRECTION ( 'NONE',  ( -0.0000000000000000000, 0.0000000000000000000, -1.000000000000000000 ) ) ;
#3626 = ORIENTED_EDGE ( 'NONE', *, *, #1390, .T. ) ;
#3627 = EDGE_CURVE ( 'NONE', #10, #2633, #523, .T. ) ;
#3628 = ORIENTED_EDGE ( 'NONE', *, *, #326, .T. ) ;
#3629 = FACE_OUTER_BOUND ( 'NONE', #738, .T. ) ;
#3630 = CARTESIAN_POINT ( 'NONE',  ( 0.1554999999999995600, -0.1013284962632952600, -0.3712869055315191600 ) ) ;
#3631 = ORIENTED_EDGE ( 'NONE', *, *, #3781, .T. ) ;
#3632 = CARTESIAN_POINT ( 'NONE',  ( -0.4054999999999999700, -0.009999999999999887500, -0.5819999999999999600 ) ) ;
#3633 = ADVANCED_FACE ( 'NONE', ( #3381 ), #2672, .T. ) ;
#3634 = CARTESIAN_POINT ( 'NONE',  ( -0.0004999999999999471000, 0.01000000000000000000, -0.03249999999999999400 ) ) ;
#3635 = DIRECTION ( 'NONE',  ( 1.000000000000000000, -3.491481338843133000E-015, 1.589164445232891900E-016 ) ) ;
#3636 = EDGE_CURVE ( 'NONE', #2289, #156, #3377, .T. ) ;
#3637 = AXIS2_PLACEMENT_3D ( 'NONE', #201, #519, #2599 ) ;
#3638 = CARTESIAN_POINT ( 'NONE',  ( 0.4155000000000005400, -0.1649999999999999200, -0.3649999999999999400 ) ) ;
#3639 = VERTEX_POINT ( 'NONE', #1486 ) ;
#3640 = CARTESIAN_POINT ( 'NONE',  ( -0.1489999999999999900, 3.491481338843121800E-017, 0.01999999999999999700 ) ) ;
#3641 = ORIENTED_EDGE ( 'NONE', *, *, #876, .T. ) ;
#3642 = DIRECTION ( 'NONE',  ( 3.274475334871550500E-015, -1.000000000000000000, -3.503246160812042700E-046 ) ) ;
#3643 =( CONVERSION_BASED_UNIT ( 'INCH', #541 ) LENGTH_UNIT ( ) NAMED_UNIT ( #921 ) );
#3644 = EDGE_LOOP ( 'NONE', ( #2299, #1472, #314, #3400 ) ) ;
#3645 = EDGE_LOOP ( 'NONE', ( #3536, #2671, #1150, #3213 ) ) ;
#3646 = ORIENTED_EDGE ( 'NONE', *, *, #2928, .T. ) ;
#3647 = ORIENTED_EDGE ( 'NONE', *, *, #3455, .T. ) ;
#3648 = CARTESIAN_POINT ( 'NONE',  ( -0.4155000000000004800, -0.1459999999999999100, -0.2109999999999998000 ) ) ;
#3649 = DIRECTION ( 'NONE',  ( 0.0000000000000000000, 0.0000000000000000000, 1.000000000000000000 ) ) ;
#3650 = DIRECTION ( 'NONE',  ( 0.7071067811865487900, -0.7071067811865462400, 0.0000000000000000000 ) ) ;
#3651 = CYLINDRICAL_SURFACE ( 'NONE', #3589, 0.009999999999999962000 ) ;
#3652 = DIRECTION ( 'NONE',  ( 0.0000000000000000000, 1.000000000000000000, 2.134256245050228400E-016 ) ) ;
#3653 = DIRECTION ( 'NONE',  ( -1.000000000000000000, -3.491481338843133000E-015, 1.589164445232891600E-016 ) ) ;
#3654 = AXIS2_PLACEMENT_3D ( 'NONE', #2805, #3108, #1307 ) ;
#3655 = ORIENTED_EDGE ( 'NONE', *, *, #1887, .F. ) ;
#3656 = LINE ( 'NONE', #908, #1578 ) ;
#3657 = VECTOR ( 'NONE', #1460, 39.37007874015748100 ) ;
#3658 = DIRECTION ( 'NONE',  ( 0.0000000000000000000, 0.0000000000000000000, 1.000000000000000000 ) ) ;
#3659 = EDGE_CURVE ( 'NONE', #3539, #2748, #3512, .T. ) ;
#3660 = CARTESIAN_POINT ( 'NONE',  ( -0.2742616904687152900, 0.01000000000000000000, -0.7620000000000000100 ) ) ;
#3661 = ADVANCED_FACE ( 'NONE', ( #1441 ), #3593, .T. ) ;
#3662 = ORIENTED_EDGE ( 'NONE', *, *, #2612, .F. ) ;
#3663 = LINE ( 'NONE', #878, #3796 ) ;
#3664 = AXIS2_PLACEMENT_3D ( 'NONE', #1080, #3790, #1986 ) ;
#3665 = CARTESIAN_POINT ( 'NONE',  ( 0.05500000000000000000, 0.0000000000000000000, -0.09550000000000000200 ) ) ;
#3666 = CARTESIAN_POINT ( 'NONE',  ( -0.4155000000000005900, -0.1649999999999999800, -0.3649999999999999400 ) ) ;
#3667 = DIRECTION ( 'NONE',  ( 0.0000000000000000000, 1.000000000000000000, 0.0000000000000000000 ) ) ;
#3668 = DIRECTION ( 'NONE',  ( 0.0000000000000000000, 0.0000000000000000000, 1.000000000000000000 ) ) ;
#3669 = EDGE_CURVE ( 'NONE', #3261, #1766, #2246, .T. ) ;
#3670 = ORIENTED_EDGE ( 'NONE', *, *, #26, .T. ) ;
#3671 = VECTOR ( 'NONE', #1621, 39.37007874015748100 ) ;
#3672 = ADVANCED_FACE ( 'NONE', ( #3604 ), #319, .T. ) ;
#3673 = AXIS2_PLACEMENT_3D ( 'NONE', #1266, #3379, #1567 ) ;
#3674 = DIRECTION ( 'NONE',  ( 0.0000000000000000000, 0.0000000000000000000, 1.000000000000000000 ) ) ;
#3675 = CARTESIAN_POINT ( 'NONE',  ( 0.06250000000000000000, 0.01000000000000000000, -0.09450000000000004200 ) ) ;
#3676 = CARTESIAN_POINT ( 'NONE',  ( -0.4155000000000005400, -0.1459999999999999100, -0.2109999999999998000 ) ) ;
#3677 = VECTOR ( 'NONE', #3322, 39.37007874015748100 ) ;
#3678 = DIRECTION ( 'NONE',  ( -0.0000000000000000000, 1.000000000000000000, -0.0000000000000000000 ) ) ;
#3679 = CARTESIAN_POINT ( 'NONE',  ( -0.1555000000000000300, 0.0000000000000000000, -0.6009999999999999800 ) ) ;
#3680 = ORIENTED_EDGE ( 'NONE', *, *, #2052, .F. ) ;
#3681 = VERTEX_POINT ( 'NONE', #615 ) ;
#3682 = VERTEX_POINT ( 'NONE', #3015 ) ;
#3683 = EDGE_CURVE ( 'NONE', #1953, #3111, #796, .T. ) ;
#3684 = ORIENTED_EDGE ( 'NONE', *, *, #3809, .T. ) ;
#3685 = FACE_OUTER_BOUND ( 'NONE', #2602, .T. ) ;
#3686 = ORIENTED_EDGE ( 'NONE', *, *, #936, .T. ) ;
#3687 = CARTESIAN_POINT ( 'NONE',  ( 0.4232781745930525000, -0.2300035713374681800, -0.4269999999999999900 ) ) ;
#3688 = CARTESIAN_POINT ( 'NONE',  ( 0.1489999999999999900, 0.01000000000000000000, 0.0000000000000000000 ) ) ;
#3689 = EDGE_CURVE ( 'NONE', #693, #1135, #750, .T. ) ;
#3690 = DIRECTION ( 'NONE',  ( 1.000000000000000000, 2.845674993400267000E-016, -2.201087457280790200E-016 ) ) ;
#3691 = ORIENTED_EDGE ( 'NONE', *, *, #1160, .F. ) ;
#3692 = DIRECTION ( 'NONE',  ( 1.259378568233553900E-044, -3.846046891304363200E-030, 1.000000000000000000 ) ) ;
#3693 = VERTEX_POINT ( 'NONE', #3621 ) ;
#3694 = PLANE ( 'NONE',  #1373 ) ;
#3695 = PLANE ( 'NONE',  #3115 ) ;
#3696 = ADVANCED_FACE ( 'NONE', ( #941 ), #3610, .F. ) ;
#3697 = ORIENTED_EDGE ( 'NONE', *, *, #2747, .T. ) ;
#3698 = ORIENTED_EDGE ( 'NONE', *, *, #1021, .T. ) ;
#3699 = VECTOR ( 'NONE', #1726, 39.37007874015748100 ) ;
#3700 = LINE ( 'NONE', #2334, #2470 ) ;
#3701 = VECTOR ( 'NONE', #2641, 39.37007874015748100 ) ;
#3702 = CIRCLE ( 'NONE', #1433, 0.03099999999999999600 ) ;
#3703 = CARTESIAN_POINT ( 'NONE',  ( 0.1489999999999999900, -0.009999999999999904800, 0.01999999999999996900 ) ) ;
#3704 = CYLINDRICAL_SURFACE ( 'NONE', #2310, 0.1212383095312846900 ) ;
#3705 = PLANE ( 'NONE',  #199 ) ;
#3706 = PRODUCT ( '3003', '3003', '', ( #1962 ) ) ;
#3707 = DIRECTION ( 'NONE',  ( 0.0000000000000000000, 2.134256245050228400E-016, -1.000000000000000000 ) ) ;
#3708 = EDGE_CURVE ( 'NONE', #3214, #1847, #1717, .T. ) ;
#3709 = DIRECTION ( 'NONE',  ( 0.0000000000000000000, 0.0000000000000000000, -1.000000000000000000 ) ) ;
#3710 = EDGE_CURVE ( 'NONE', #1524, #2840, #3891, .T. ) ;
#3711 = AXIS2_PLACEMENT_3D ( 'NONE', #985, #2481, #696 ) ;
#3712 = PLANE ( 'NONE',  #658 ) ;
#3713 = EDGE_LOOP ( 'NONE', ( #1677, #14, #2130 ) ) ;
#3714 = VECTOR ( 'NONE', #3813, 39.37007874015748100 ) ;
#3715 = EDGE_CURVE ( 'NONE', #1380, #2692, #3600, .T. ) ;
#3716 = PLANE ( 'NONE',  #2384 ) ;
#3717 = CARTESIAN_POINT ( 'NONE',  ( -0.3954999999999999600, 0.01000000000000000000, -0.6407616904687152300 ) ) ;
#3718 = ORIENTED_EDGE ( 'NONE', *, *, #1095, .F. ) ;
#3719 = FACE_OUTER_BOUND ( 'NONE', #1558, .T. ) ;
#3720 = AXIS2_PLACEMENT_3D ( 'NONE', #1302, #1904, #100 ) ;
#3721 = EDGE_LOOP ( 'NONE', ( #3012, #3892, #69, #2829 ) ) ;
#3722 = VECTOR ( 'NONE', #2578, 39.37007874015748100 ) ;
#3723 = VERTEX_POINT ( 'NONE', #2735 ) ;
#3724 = DIRECTION ( 'NONE',  ( -0.0000000000000000000, -1.000000000000000000, -0.0000000000000000000 ) ) ;
#3725 = CYLINDRICAL_SURFACE ( 'NONE', #491, 0.007500000000000005800 ) ;
#3726 = DIRECTION ( 'NONE',  ( -1.000000000000000000, 0.0000000000000000000, 2.108223232389658400E-016 ) ) ;
#3727 = ORIENTED_EDGE ( 'NONE', *, *, #3299, .F. ) ;
#3728 = ORIENTED_EDGE ( 'NONE', *, *, #501, .F. ) ;
#3729 = DIRECTION ( 'NONE',  ( -0.0000000000000000000, -0.0000000000000000000, 1.000000000000000000 ) ) ;
#3730 = EDGE_CURVE ( 'NONE', #3075, #2276, #322, .T. ) ;
#3731 = ORIENTED_EDGE ( 'NONE', *, *, #2123, .F. ) ;
#3732 = DIRECTION ( 'NONE',  ( -0.7071067811865486800, 0.7071067811865463500, 0.0000000000000000000 ) ) ;
#3733 = ORIENTED_EDGE ( 'NONE', *, *, #442, .T. ) ;
#3734 = ORIENTED_EDGE ( 'NONE', *, *, #2418, .T. ) ;
#3735 = ORIENTED_EDGE ( 'NONE', *, *, #1937, .T. ) ;
#3736 = AXIS2_PLACEMENT_3D ( 'NONE', #1909, #107, #2204 ) ;
#3737 = ORIENTED_EDGE ( 'NONE', *, *, #936, .F. ) ;
#3738 = EDGE_LOOP ( 'NONE', ( #1444, #1983, #1451, #3822 ) ) ;
#3739 = DIRECTION ( 'NONE',  ( 0.0000000000000000000, 0.0000000000000000000, 1.000000000000000000 ) ) ;
#3740 = CARTESIAN_POINT ( 'NONE',  ( -0.03300000000000000200, 0.0000000000000000000, -0.1280000000000000000 ) ) ;
#3741 = CARTESIAN_POINT ( 'NONE',  ( -0.4155000000000005400, -0.1670710678118653700, -0.3649999999999999400 ) ) ;
#3742 = VERTEX_POINT ( 'NONE', #662 ) ;
#3743 = CARTESIAN_POINT ( 'NONE',  ( -0.2179999999999995000, -0.1013284962632952600, -0.3187869055315189500 ) ) ;
#3744 = CARTESIAN_POINT ( 'NONE',  ( 0.03300000000000018200, 0.0000000000000000000, -0.1029999999999999900 ) ) ;
#3745 = EDGE_CURVE ( 'NONE', #2731, #910, #3702, .T. ) ;
#3746 = LINE ( 'NONE', #3836, #3699 ) ;
#3747 = VECTOR ( 'NONE', #2386, 39.37007874015748100 ) ;
#3748 = CYLINDRICAL_SURFACE ( 'NONE', #2181, 0.007500000000000005800 ) ;
#3749 = ORIENTED_EDGE ( 'NONE', *, *, #2456, .F. ) ;
#3750 = CARTESIAN_POINT ( 'NONE',  ( 0.4162071067811870000, -0.2229325035256027000, -0.4269999999999999900 ) ) ;
#3751 = AXIS2_PLACEMENT_3D ( 'NONE', #2422, #637, #2710 ) ;
#3752 = CARTESIAN_POINT ( 'NONE',  ( 0.1554999999999994700, -0.1013284962632952600, -0.3187869055315189500 ) ) ;
#3753 = LINE ( 'NONE', #235, #2993 ) ;
#3754 = DIRECTION ( 'NONE',  ( 1.000000000000000000, 0.0000000000000000000, 0.0000000000000000000 ) ) ;
#3755 = CARTESIAN_POINT ( 'NONE',  ( -0.1489999999999999700, -0.1199999999999999700, 0.02000000000000041300 ) ) ;
#3756 = PLANE ( 'NONE',  #2010 ) ;
#3757 = PLANE ( 'NONE',  #91 ) ;
#3758 = EDGE_CURVE ( 'NONE', #1873, #1659, #2900, .T. ) ;
#3759 = CARTESIAN_POINT ( 'NONE',  ( 0.4154999999999999800, -0.009999999999999995000, -0.2109999999999999400 ) ) ;
#3760 = ORIENTED_EDGE ( 'NONE', *, *, #2052, .T. ) ;
#3761 = EDGE_CURVE ( 'NONE', #1309, #176, #1534, .T. ) ;
#3762 = CARTESIAN_POINT ( 'NONE',  ( -0.4155000000000000400, -0.009999999999999927300, -0.2109999999999999400 ) ) ;
#3763 = DIRECTION ( 'NONE',  ( -1.000000000000000000, -0.0000000000000000000, -1.092739197465705300E-015 ) ) ;
#3764 = VECTOR ( 'NONE', #618, 39.37007874015748100 ) ;
#3765 = EDGE_LOOP ( 'NONE', ( #2314, #939, #601, #3486, #1328 ) ) ;
#3766 = APPLICATION_PROTOCOL_DEFINITION ( 'draft international standard', 'automotive_design', 1998, #1656 ) ;
#3767 = VECTOR ( 'NONE', #472, 39.37007874015748100 ) ;
#3768 = CARTESIAN_POINT ( 'NONE',  ( 0.05500000000000000000, 0.01000000000000000000, -0.09550000000000000200 ) ) ;
#3769 = CARTESIAN_POINT ( 'NONE',  ( -0.4437842712474623900, -0.1953553390593273400, -0.3649999999999999400 ) ) ;
#3770 = EDGE_LOOP ( 'NONE', ( #1093, #2196, #2115, #2366 ) ) ;
#3771 = ORIENTED_EDGE ( 'NONE', *, *, #2510, .F. ) ;
#3772 = LINE ( 'NONE', #711, #2445 ) ;
#3773 = AXIS2_PLACEMENT_3D ( 'NONE', #665, #2737, #961 ) ;
#3774 = LINE ( 'NONE', #1120, #1127 ) ;
#3775 = DIRECTION ( 'NONE',  ( 0.6502836188315666000, 0.0000000000000000000, -0.7596915262653137800 ) ) ;
#3776 = ORIENTED_EDGE ( 'NONE', *, *, #1994, .T. ) ;
#3777 = ORIENTED_EDGE ( 'NONE', *, *, #2807, .T. ) ;
#3778 = DIRECTION ( 'NONE',  ( 0.0000000000000000000, 0.0000000000000000000, 1.000000000000000000 ) ) ;
#3779 = ORIENTED_EDGE ( 'NONE', *, *, #2015, .T. ) ;
#3780 = CARTESIAN_POINT ( 'NONE',  ( -0.1915967057228170300, 0.01000000000000000000, -0.7294478111131770200 ) ) ;
#3781 = EDGE_CURVE ( 'NONE', #690, #704, #173, .T. ) ;
#3782 = DIRECTION ( 'NONE',  ( 3.274475334871550500E-015, -1.000000000000000000, -3.594536833768763300E-015 ) ) ;
#3783 = ORIENTED_EDGE ( 'NONE', *, *, #1871, .F. ) ;
#3784 = ADVANCED_FACE ( 'NONE', ( #2996 ), #983, .F. ) ;
#3785 = EDGE_CURVE ( 'NONE', #2514, #3787, #2057, .T. ) ;
#3786 = CARTESIAN_POINT ( 'NONE',  ( -0.4084289321881350300, -0.1741421356237308200, -0.3649999999999999400 ) ) ;
#3787 = VERTEX_POINT ( 'NONE', #1566 ) ;
#3788 = LINE ( 'NONE', #2309, #2527 ) ;
#3789 = CARTESIAN_POINT ( 'NONE',  ( -0.4055000000000004200, -0.1459999999999999900, -0.3649999999999999900 ) ) ;
#3790 = DIRECTION ( 'NONE',  ( 3.491481338843133000E-015, -1.000000000000000000, 3.326113628649667400E-016 ) ) ;
#3791 = EDGE_CURVE ( 'NONE', #2720, #2931, #2856, .T. ) ;
#3792 = VECTOR ( 'NONE', #2818, 39.37007874015748100 ) ;
#3793 = CARTESIAN_POINT ( 'NONE',  ( 0.03300000000000018200, 0.0000000000000000000, -0.1029999999999999900 ) ) ;
#3794 = ORIENTED_EDGE ( 'NONE', *, *, #3177, .F. ) ;
#3795 = AXIS2_PLACEMENT_3D ( 'NONE', #3616, #1810, #11 ) ;
#3796 = VECTOR ( 'NONE', #3872, 39.37007874015748100 ) ;
#3797 = CARTESIAN_POINT ( 'NONE',  ( 0.2179999999999995000, -0.09132849626329527000, -0.3187869055315189500 ) ) ;
#3798 = ORIENTED_EDGE ( 'NONE', *, *, #3028, .F. ) ;
#3799 = DIRECTION ( 'NONE',  ( 0.0000000000000000000, 0.0000000000000000000, 1.000000000000000000 ) ) ;
#3800 = AXIS2_PLACEMENT_3D ( 'NONE', #3209, #1407, #3515 ) ;
#3801 = DIRECTION ( 'NONE',  ( -5.463695987328529400E-016, 0.0000000000000000000, 1.000000000000000000 ) ) ;
#3802 = ADVANCED_FACE ( 'NONE', ( #2005 ), #3378, .T. ) ;
#3803 = EDGE_CURVE ( 'NONE', #3539, #861, #992, .T. ) ;
#3804 = CARTESIAN_POINT ( 'NONE',  ( -0.2804999999999995800, -0.09132849626329527000, -0.3187869055315190000 ) ) ;
#3805 = FACE_OUTER_BOUND ( 'NONE', #2133, .T. ) ;
#3806 = VERTEX_POINT ( 'NONE', #3388 ) ;
#3807 = LINE ( 'NONE', #483, #3767 ) ;
#3808 = LINE ( 'NONE', #3488, #147 ) ;
#3809 = EDGE_CURVE ( 'NONE', #3639, #861, #1817, .T. ) ;
#3810 = CARTESIAN_POINT ( 'NONE',  ( -0.06250000000000000000, 0.0000000000000000000, -0.09549999999999994600 ) ) ;
#3811 = VERTEX_POINT ( 'NONE', #85 ) ;
#3812 = LINE ( 'NONE', #745, #2718 ) ;
#3813 = DIRECTION ( 'NONE',  ( 0.0000000000000000000, 0.0000000000000000000, 1.000000000000000000 ) ) ;
#3814 = CARTESIAN_POINT ( 'NONE',  ( 0.008000000000000000200, 0.01000000000000000000, -0.1280000000000001700 ) ) ;
#3815 = ORIENTED_EDGE ( 'NONE', *, *, #1516, .T. ) ;
#3816 = ORIENTED_EDGE ( 'NONE', *, *, #132, .F. ) ;
#3817 = ORIENTED_EDGE ( 'NONE', *, *, #2576, .T. ) ;
#3818 = ORIENTED_EDGE ( 'NONE', *, *, #1297, .F. ) ;
#3819 = ADVANCED_FACE ( 'NONE', ( #2858 ), #708, .F. ) ;
#3820 = AXIS2_PLACEMENT_3D ( 'NONE', #1111, #526, #1408 ) ;
#3821 = ORIENTED_EDGE ( 'NONE', *, *, #1068, .F. ) ;
#3822 = ORIENTED_EDGE ( 'NONE', *, *, #599, .T. ) ;
#3823 = ORIENTED_EDGE ( 'NONE', *, *, #3669, .F. ) ;
#3824 = CARTESIAN_POINT ( 'NONE',  ( 0.0004999999999999471000, 0.0000000000000000000, -0.03249999999999999400 ) ) ;
#3825 = ORIENTED_EDGE ( 'NONE', *, *, #987, .F. ) ;
#3826 = DIRECTION ( 'NONE',  ( 0.0000000000000000000, 0.0000000000000000000, 1.000000000000000000 ) ) ;
#3827 = ORIENTED_EDGE ( 'NONE', *, *, #1637, .T. ) ;
#3828 = EDGE_LOOP ( 'NONE', ( #3556, #2368, #1413 ) ) ;
#3829 = CARTESIAN_POINT ( 'NONE',  ( 0.4169644660940678400, -0.1685355339059327300, -0.4269999999999999900 ) ) ;
#3830 = DIRECTION ( 'NONE',  ( -0.0000000000000000000, -0.0000000000000000000, -1.000000000000000000 ) ) ;
#3831 = EDGE_CURVE ( 'NONE', #1282, #2560, #612, .T. ) ;
#3832 = CARTESIAN_POINT ( 'NONE',  ( -0.1554999999999995800, -0.1013284962632952600, -0.3187869055315189500 ) ) ;
#3833 = VERTEX_POINT ( 'NONE', #1589 ) ;
#3834 = CIRCLE ( 'NONE', #1562, 0.007499999999999997100 ) ;
#3835 = DIRECTION ( 'NONE',  ( -1.589164445232891600E-016, 0.0000000000000000000, -1.000000000000000000 ) ) ;
#3836 = CARTESIAN_POINT ( 'NONE',  ( 0.4055000000000004200, -0.1459999999999999900, -0.2109999999999998000 ) ) ;
#3837 = ORIENTED_EDGE ( 'NONE', *, *, #3785, .T. ) ;
#3838 = EDGE_CURVE ( 'NONE', #1271, #1524, #1583, .T. ) ;
#3839 = VECTOR ( 'NONE', #685, 39.37007874015748100 ) ;
#3840 = CARTESIAN_POINT ( 'NONE',  ( 0.4055000000000004700, -0.1649999999999999800, -0.4269999999999999900 ) ) ;
#3841 = CARTESIAN_POINT ( 'NONE',  ( 0.4437842712474622800, -0.1953553390593273900, -0.4269999999999999900 ) ) ;
#3842 = DIRECTION ( 'NONE',  ( -0.0000000000000000000, -2.134256245050228400E-016, 1.000000000000000000 ) ) ;
#3843 = ADVANCED_FACE ( 'NONE', ( #1630 ), #1292, .T. ) ;
#3844 = ORIENTED_EDGE ( 'NONE', *, *, #1762, .F. ) ;
#3845 = AXIS2_PLACEMENT_3D ( 'NONE', #1427, #1724, #3835 ) ;
#3846 = DIRECTION ( 'NONE',  ( -0.0000000000000000000, -1.000000000000000000, -0.0000000000000000000 ) ) ;
#3847 = CIRCLE ( 'NONE', #929, 0.01500000000000018200 ) ;
#3848 = CARTESIAN_POINT ( 'NONE',  ( -0.1489999999999999700, -0.1200000000000000000, 0.01000000000000041500 ) ) ;
#3849 = DIRECTION ( 'NONE',  ( -1.589164445232891900E-016, -5.203679778969931300E-031, -1.000000000000000000 ) ) ;
#3850 = VECTOR ( 'NONE', #950, 39.37007874015748100 ) ;
#3851 = EDGE_CURVE ( 'NONE', #2926, #3881, #613, .T. ) ;
#3852 = PLANE ( 'NONE',  #1105 ) ;
#3853 = CARTESIAN_POINT ( 'NONE',  ( 0.2804999999999995300, -0.09132849626329527000, -0.3712869055315190000 ) ) ;
#3854 = LINE ( 'NONE', #1167, #3575 ) ;
#3855 = ORIENTED_EDGE ( 'NONE', *, *, #3464, .F. ) ;
#3856 = FACE_OUTER_BOUND ( 'NONE', #2725, .T. ) ;
#3857 = CARTESIAN_POINT ( 'NONE',  ( -0.008000000000000000200, 0.01000000000000000000, -0.1280000000000001700 ) ) ;
#3858 = DIRECTION ( 'NONE',  ( -1.000000000000000000, 0.0000000000000000000, 0.0000000000000000000 ) ) ;
#3859 = CARTESIAN_POINT ( 'NONE',  ( -0.03300000000000018200, 0.0000000000000000000, -0.1029999999999999900 ) ) ;
#3860 = CARTESIAN_POINT ( 'NONE',  ( -0.05500000000000000000, 0.0000000000000000000, -0.09550000000000000200 ) ) ;
#3861 = VECTOR ( 'NONE', #2719, 39.37007874015748100 ) ;
#3862 = ADVANCED_FACE ( 'NONE', ( #1721 ), #1605, .T. ) ;
#3863 = LINE ( 'NONE', #3327, #3850 ) ;
#3864 = EDGE_CURVE ( 'NONE', #690, #360, #3422, .T. ) ;
#3865 = LINE ( 'NONE', #3319, #1930 ) ;
#3866 = CARTESIAN_POINT ( 'NONE',  ( -0.0005000000000000004400, 0.01000000000000000000, -0.03999999999999999400 ) ) ;
#3867 = ORIENTED_EDGE ( 'NONE', *, *, #2213, .F. ) ;
#3868 = ORIENTED_EDGE ( 'NONE', *, *, #3573, .F. ) ;
#3869 = CARTESIAN_POINT ( 'NONE',  ( 0.4437842712474623900, -0.1953553390593273700, -0.3649999999999999400 ) ) ;
#3870 = ORIENTED_EDGE ( 'NONE', *, *, #373, .T. ) ;
#3871 = ORIENTED_EDGE ( 'NONE', *, *, #582, .F. ) ;
#3872 = DIRECTION ( 'NONE',  ( -0.7071067811865486800, 0.7071067811865463500, 0.0000000000000000000 ) ) ;
#3873 = DIRECTION ( 'NONE',  ( 0.7071067811865469100, 0.7071067811865480200, -0.0000000000000000000 ) ) ;
#3874 = DIRECTION ( 'NONE',  ( 0.0000000000000000000, 0.0000000000000000000, 1.000000000000000000 ) ) ;
#3875 = EDGE_LOOP ( 'NONE', ( #1469, #778, #466, #1666 ) ) ;
#3876 = PLANE ( 'NONE',  #83 ) ;
#3877 = ORIENTED_EDGE ( 'NONE', *, *, #1095, .T. ) ;
#3878 = AXIS2_PLACEMENT_3D ( 'NONE', #3666, #55, #2158 ) ;
#3879 = PLANE ( 'NONE',  #960 ) ;
#3880 = ORIENTED_EDGE ( 'NONE', *, *, #2631, .F. ) ;
#3881 = VERTEX_POINT ( 'NONE', #1317 ) ;
#3882 = ADVANCED_FACE ( 'NONE', ( #2430 ), #2195, .T. ) ;
#3883 = VECTOR ( 'NONE', #2153, 39.37007874015748100 ) ;
#3884 = DIRECTION ( 'NONE',  ( 0.0000000000000000000, 1.000000000000000000, 0.0000000000000000000 ) ) ;
#3885 = EDGE_CURVE ( 'NONE', #1653, #2866, #513, .T. ) ;
#3886 = VERTEX_POINT ( 'NONE', #2226 ) ;
#3887 = LINE ( 'NONE', #2431, #1951 ) ;
#3888 = CARTESIAN_POINT ( 'NONE',  ( 0.008000000000000000200, 0.0000000000000000000, -0.1499999999999999400 ) ) ;
#3889 = DIRECTION ( 'NONE',  ( 0.0000000000000000000, -1.000000000000000000, -2.134256245050228400E-016 ) ) ;
#3890 = FACE_OUTER_BOUND ( 'NONE', #633, .T. ) ;
#3891 = LINE ( 'NONE', #3634, #1445 ) ;
#3892 = ORIENTED_EDGE ( 'NONE', *, *, #3577, .F. ) ;
#3893 = EDGE_CURVE ( 'NONE', #1748, #3308, #566, .T. ) ;
#3894 = LINE ( 'NONE', #2644, #3603 ) ;
#3895 = VECTOR ( 'NONE', #3523, 39.37007874015748100 ) ;
#3896 = EDGE_LOOP ( 'NONE', ( #2598, #2209, #1065, #218, #205 ) ) ;
#3897 = DIRECTION ( 'NONE',  ( 1.000000000000000000, 1.935317679399243200E-031, 6.504399984914914400E-016 ) ) ;
#3898 = DIRECTION ( 'NONE',  ( -1.213184216936838900E-031, 1.000000000000000000, -1.110223024625154100E-016 ) ) ;
#3899 = DIRECTION ( 'NONE',  ( -0.0000000000000000000, -1.000000000000000000, -0.0000000000000000000 ) ) ;
#3900 = DIRECTION ( 'NONE',  ( 1.000000000000000000, -0.0000000000000000000, 5.463695987328529400E-016 ) ) ;
#3901 = DIRECTION ( 'NONE',  ( -1.605975933603797300E-015, 0.0000000000000000000, -1.000000000000000000 ) ) ;
#3902 = ADVANCED_FACE ( 'NONE', ( #179 ), #2331, .T. ) ;
#3903 = DIRECTION ( 'NONE',  ( 0.0000000000000000000, 0.0000000000000000000, 1.000000000000000000 ) ) ;
#3904 = CIRCLE ( 'NONE', #1304, 0.1205000000000000500 ) ;
#3905 = VECTOR ( 'NONE', #869, 39.37007874015748100 ) ;
#3906 = EDGE_CURVE ( 'NONE', #3130, #10, #3513, .T. ) ;
ENDSEC;
END-ISO-10303-21;
